{
    "initial_nodal_pressure": {
        "1": 3547378.645,
        "2": 3531293.259913,
        "3": 3447378.679318,
        "4": 4168237.5715940003,
        "5": 4132964.833765,
        "6": 4122455.692176,
        "7": 4131652.653343,
        "8": 4129027.04149,
        "9": 4059588.7577019995,
        "10": 3858828.6684769997,
        "11": 3852626.8987379996,
        "12": 3849901.170331,
        "13": 3850937.601343,
        "14": 3697429.97495,
        "15": 3924940.644779,
        "16": 3916900.0332739996,
        "17": 3914773.110429,
        "18": 3910515.794252,
        "19": 3914185.761036,
        "20": 3901778.645536,
        "21": 4255783.919404,
        "22": 4245121.387704,
        "23": 4244525.166905,
        "24": 4242616.697298001,
        "25": 4237761.087069,
        "26": 4154839.726871,
        "27": 4075872.4298089994,
        "28": 4179929.0064339996,
        "29": 3944313.0388129996,
        "30": 4258445.380868
    },
    "initial_pipe_flow": {
        "1": 116.96813700000001,
        "2": 29.999738,
        "3": 29.999738,
        "4": 29.999738,
        "5": 19.999826000000002,
        "6": 9.999912,
        "7": 9.999912,
        "8": 86.96839900000002,
        "9": 86.96839900000002,
        "10": 20.999743,
        "11": 10.999829,
        "12": 9.999914,
        "13": 65.96865600000001,
        "14": 65.96865600000001,
        "15": 29.999759,
        "16": 15.999835000000001,
        "17": 15.999835000000001,
        "18": 13.999923999999998,
        "19": 35.968897,
        "20": 35.968897,
        "21": 35.968897,
        "22": 16.999758,
        "23": 16.999758,
        "24": 18.969139000000002
    }
}