{
    "initial_compressor_flow": {
        "1": 116.96813700000001,
        "2": 86.96839900000002,
        "3": 29.999738,
        "4": 65.96865600000001,
        "5": 35.968897
    },
    "initial_compressor_pressure_in": {
        "1": 3547378.645,
        "2": 3531293.259913,
        "3": 3447378.679318,
        "4": 3697429.97495,
        "5": 3901778.645536
    },
    "initial_compressor_pressure_out": {
        "1": 4154839.726871,
        "2": 4075872.4298089994,
        "3": 4179929.0064339996,
        "4": 3944313.0388129996,
        "5": 4258445.380868
    },
    "initial_compressor_ratio": {
        "1": 1.171268,
        "2": 1.1542299999999999,
        "3": 1.212497,
        "4": 1.0667799999999998,
        "5": 1.0914139999999999
    },
    "initial_nodal_flow": {
        "1": -116.96813700000001,
        "2": 0,
        "3": 0,
        "4": 0,
        "5": 0,
        "6": 20,
        "7": 0,
        "8": 10,
        "9": 0,
        "10": 0,
        "11": 0,
        "12": 11,
        "13": 10,
        "14": 0,
        "15": 0,
        "16": 0,
        "17": 0,
        "18": 16,
        "19": 14,
        "20": 0,
        "21": 0,
        "22": 0,
        "23": 0,
        "24": 17,
        "25": 18.969307999999998,
        "26": 0,
        "27": 0,
        "28": 0,
        "29": 0,
        "30": 0
    },
    "initial_nodal_pressure": {
        "1": 3547378.645,
        "2": 3531293.259913,
        "3": 3447378.679318,
        "4": 4168237.5715940003,
        "5": 4132964.833765,
        "6": 4122455.692176,
        "7": 4131652.653343,
        "8": 4129027.04149,
        "9": 4059588.7577019995,
        "10": 3858828.6684769997,
        "11": 3852626.8987379996,
        "12": 3849901.170331,
        "13": 3850937.601343,
        "14": 3697429.97495,
        "15": 3924940.644779,
        "16": 3916900.0332739996,
        "17": 3914773.110429,
        "18": 3910515.794252,
        "19": 3914185.761036,
        "20": 3901778.645536,
        "21": 4255783.919404,
        "22": 4245121.387704,
        "23": 4244525.166905,
        "24": 4242616.697298001,
        "25": 4237761.087069,
        "26": 4154839.726871,
        "27": 4075872.4298089994,
        "28": 4179929.0064339996,
        "29": 3944313.0388129996,
        "30": 4258445.380868
    },
    "initial_pipe_flow": {
        "1": 116.96813700000001,
        "2": 29.999738,
        "3": 29.999738,
        "4": 29.999738,
        "5": 19.999826000000002,
        "6": 9.999912,
        "7": 9.999912,
        "8": 86.96839900000002,
        "9": 86.96839900000002,
        "10": 20.999743,
        "11": 10.999829,
        "12": 9.999914,
        "13": 65.96865600000001,
        "14": 65.96865600000001,
        "15": 29.999759,
        "16": 15.999835000000001,
        "17": 15.999835000000001,
        "18": 13.999923999999998,
        "19": 35.968897,
        "20": 35.968897,
        "21": 35.968897,
        "22": 16.999758,
        "23": 16.999758,
        "24": 18.969139000000002
    },
    "initial_pipe_pressure_in": {
        "1": 4154839.726871,
        "2": 3531293.259913,
        "3": 4179929.0064339996,
        "4": 4168237.5715940003,
        "5": 4132964.833765,
        "6": 4132964.833765,
        "7": 4131652.653343,
        "8": 4075872.4298089994,
        "9": 4059588.7577019995,
        "10": 3858828.6684769997,
        "11": 3852626.8987379996,
        "12": 3852626.8987379996,
        "13": 3858828.6684769997,
        "14": 3944313.0388129996,
        "15": 3924940.644779,
        "16": 3916900.0332739996,
        "17": 3914773.110429,
        "18": 3916900.0332739996,
        "19": 3924940.644779,
        "20": 4258445.380868,
        "21": 4255783.919404,
        "22": 4245121.387704,
        "23": 4244525.166905,
        "24": 4245121.387704
    },
    "initial_pipe_pressure_out": {
        "1": 3531293.259913,
        "2": 3447378.679318,
        "3": 4168237.5715940003,
        "4": 4132964.833765,
        "5": 4122455.692176,
        "6": 4131652.653343,
        "7": 4129027.04149,
        "8": 4059588.7577019995,
        "9": 3858828.6684769997,
        "10": 3852626.8987379996,
        "11": 3849901.170331,
        "12": 3850937.601343,
        "13": 3697429.97495,
        "14": 3924940.644779,
        "15": 3916900.0332739996,
        "16": 3914773.110429,
        "17": 3910515.794252,
        "18": 3914185.761036,
        "19": 3901778.645536,
        "20": 4255783.919404,
        "21": 4245121.387704,
        "22": 4244525.166905,
        "23": 4242616.697298001,
        "24": 4237761.087069
    }
}