{
  "boundary_pslack": {
    "38": {
      "time": [
        0,
        21600,
        86400
      ],
      "value": [
        5000000,
        5000000,
        5000000
      ]
    }
  },
  "boundary_nonslack_flow": {
    "32": {
      "time": [
        0,
        21600,
        86400
      ],
      "value": [
        0.0,
        16.354166666666664,
        16.354166666666664
      ]
    },
    "29": {
      "time": [
        0,
        21600,
        86400
      ],
      "value": [
        0.0,
        16.354166666666664,
        16.354166666666664
      ]
    },
    "1": {
      "time": [
        0,
        21600,
        86400
      ],
      "value": [
        0.0,
        0.0,
        0.0
      ]
    },
    "24": {
      "time": [
        0,
        21600,
        86400
      ],
      "value": [
        0.0,
        16.354166666666664,
        16.354166666666664
      ]
    },
    "12": {
      "time": [
        0,
        21600,
        86400
      ],
      "value": [
        0.0,
        16.354166666666664,
        16.354166666666664
      ]
    },
    "20": {
      "time": [
        0,
        21600,
        86400
      ],
      "value": [
        0.0,
        16.354166666666664,
        16.354166666666664
      ]
    },
    "4": {
      "time": [
        0,
        21600,
        86400
      ],
      "value": [
        0.0,
        0.0,
        0.0
      ]
    },
    "2": {
      "time": [
        0,
        21600,
        86400
      ],
      "value": [
        0.0,
        0.0,
        0.0
      ]
    },
    "25": {
      "time": [
        0,
        21600,
        86400
      ],
      "value": [
        0.0,
        16.354166666666664,
        16.354166666666664
      ]
    },
    "6": {
      "time": [
        0,
        21600,
        86400
      ],
      "value": [
        0.0,
        0.0,
        0.0
      ]
    },
    "23": {
      "time": [
        0,
        21600,
        86400
      ],
      "value": [
        0.0,
        16.354166666666664,
        16.354166666666664
      ]
    },
    "22": {
      "time": [
        0,
        21600,
        86400
      ],
      "value": [
        0.0,
        16.354166666666664,
        16.354166666666664
      ]
    },
    "11": {
      "time": [
        0,
        21600,
        86400
      ],
      "value": [
        0.0,
        16.354166666666664,
        16.354166666666664
      ]
    },
    "35": {
      "time": [
        0,
        21600,
        86400
      ],
      "value": [
        0.0,
        16.354166666666664,
        16.354166666666664
      ]
    },
    "13": {
      "time": [
        0,
        21600,
        86400
      ],
      "value": [
        0.0,
        16.354166666666664,
        16.354166666666664
      ]
    },
    "27": {
      "time": [
        0,
        21600,
        86400
      ],
      "value": [
        0.0,
        16.354166666666664,
        16.354166666666664
      ]
    },
    "31": {
      "time": [
        0,
        21600,
        86400
      ],
      "value": [
        0.0,
        16.354166666666664,
        16.354166666666664
      ]
    },
    "5": {
      "time": [
        0,
        21600,
        86400
      ],
      "value": [
        0.0,
        0.0,
        0.0
      ]
    },
    "15": {
      "time": [
        0,
        21600,
        86400
      ],
      "value": [
        0.0,
        16.354166666666664,
        16.354166666666664
      ]
    },
    "33": {
      "time": [
        0,
        21600,
        86400
      ],
      "value": [
        0.0,
        16.354166666666664,
        16.354166666666664
      ]
    },
    "28": {
      "time": [
        0,
        21600,
        86400
      ],
      "value": [
        0.0,
        16.354166666666664,
        16.354166666666664
      ]
    },
    "16": {
      "time": [
        0,
        21600,
        86400
      ],
      "value": [
        0.0,
        16.354166666666664,
        16.354166666666664
      ]
    },
    "14": {
      "time": [
        0,
        21600,
        86400
      ],
      "value": [
        0.0,
        16.354166666666664,
        16.354166666666664
      ]
    },
    "39": {
      "time": [
        0,
        21600,
        86400
      ],
      "value": [
        0.0,
        -158.09027777777774,
        -158.09027777777774
      ]
    },
    "40": {
      "time": [
        0,
        21600,
        86400
      ],
      "value": [
        0.0,
        -158.09027777777774,
        -158.09027777777774
      ]
    },
    "21": {
      "time": [
        0,
        21600,
        86400
      ],
      "value": [
        0.0,
        16.354166666666664,
        16.354166666666664
      ]
    },
    "7": {
      "time": [
        0,
        21600,
        86400
      ],
      "value": [
        0.0,
        0.0,
        0.0
      ]
    },
    "34": {
      "time": [
        0,
        21600,
        86400
      ],
      "value": [
        0.0,
        16.354166666666664,
        16.354166666666664
      ]
    },
    "8": {
      "time": [
        0,
        21600,
        86400
      ],
      "value": [
        0.0,
        0.0,
        0.0
      ]
    },
    "36": {
      "time": [
        0,
        21600,
        86400
      ],
      "value": [
        0.0,
        16.354166666666664,
        16.354166666666664
      ]
    },
    "26": {
      "time": [
        0,
        21600,
        86400
      ],
      "value": [
        0.0,
        16.354166666666664,
        16.354166666666664
      ]
    },
    "17": {
      "time": [
        0,
        21600,
        86400
      ],
      "value": [
        0.0,
        16.354166666666664,
        16.354166666666664
      ]
    },
    "10": {
      "time": [
        0,
        21600,
        86400
      ],
      "value": [
        0.0,
        16.354166666666664,
        16.354166666666664
      ]
    },
    "19": {
      "time": [
        0,
        21600,
        86400
      ],
      "value": [
        0.0,
        16.354166666666664,
        16.354166666666664
      ]
    },
    "37": {
      "time": [
        0,
        21600,
        86400
      ],
      "value": [
        0.0,
        16.354166666666664,
        16.354166666666664
      ]
    },
    "9": {
      "time": [
        0,
        21600,
        86400
      ],
      "value": [
        0.0,
        16.354166666666664,
        16.354166666666664
      ]
    },
    "18": {
      "time": [
        0,
        21600,
        86400
      ],
      "value": [
        0.0,
        16.354166666666664,
        16.354166666666664
      ]
    },
    "30": {
      "time": [
        0,
        21600,
        86400
      ],
      "value": [
        0.0,
        16.354166666666664,
        16.354166666666664
      ]
    },
    "3": {
      "time": [
        0,
        21600,
        86400
      ],
      "value": [
        0.0,
        0.0,
        0.0
      ]
    }
  },
  "boundary_compressor": {
    "4": {
      "time": [
        0,
        21600,
        86400
      ],
      "control_type": [
        0,
        0,
        0
      ],
      "value": [
        1.0,
        1.5,
        1.5
      ]
    },
    "1": {
      "time": [
        0,
        21600,
        86400
      ],
      "control_type": [
        0,
        0,
        0
      ],
      "value": [
        1.0,
        1.5,
        1.5
      ]
    },
    "5": {
      "time": [
        0,
        21600,
        86400
      ],
      "control_type": [
        0,
        0,
        0
      ],
      "value": [
        1.0,
        1.5,
        1.5
      ]
    },
    "2": {
      "time": [
        0,
        21600,
        86400
      ],
      "control_type": [
        0,
        0,
        0
      ],
      "value": [
        1.0,
        1.5,
        1.5
      ]
    },
    "6": {
      "time": [
        0,
        21600,
        86400
      ],
      "control_type": [
        0,
        0,
        0
      ],
      "value": [
        1.0,
        1.5,
        1.5
      ]
    },