{
    "initial_nodal_pressure": {
        "1": 8.4e6,
        "2": 7868919.074327126
    },
    "initial_pipe_flow": {
        "1": 252.82388961193627
    }
}