{

  "boundary_pslack": {
    "1": {
       "time": [
        0.0,
        10800.0,
        21600.0,
        32399.999999999996,
        43200.0,
        54000.0,
        64799.99999999999,
        75600.0,
        86400.0
      ],
      "value": [
        2.068e6,
        2.068e6,
        2.068e6,
        2.068e6,
        2.068e6,
        2.068e6,
        2.068e6,
        2.068e6,
        2.068e6
      ]
    }
  },
  "boundary_nonslack_flow": {
    "4": {
      "time": [
        0.0,
        10800.0,
        21600.0,
        32399.999999999996,
        43200.0,
        54000.0,
        64799.99999999999,
        75600.0,
        86400.0
      ],
      "value": [
        -6.53517942228717e-5,
        -6.53517942228717e-5,
        -6.53517942228717e-5,
        -6.53517942228717e-5,
        -6.53517942228717e-5,
        -6.53517942228717e-5,
        -6.53517942228717e-5,
        -6.53517942228717e-5,
        -6.53517942228717e-5
      ]
    },
    "5": {
      "time": [
        0.0,
        10800.0,
        21600.0,
        32399.999999999996,
        43200.0,
        54000.0,
        64799.99999999999,
        75600.0,
        86400.0
      ],
      "value": [
        9.500066110043255,
        9.500066110043255,
        9.500066110043255,
        9.500066110043255,
        9.500066110043255,
        9.500066110043255,
        9.500066110043255,
        9.500066110043255,
        9.500066110043255
      ]
    },
    "2": {
      "time": [
        0.0,
        10800.0,
        21600.0,
        32399.999999999996,
        43200.0,
        54000.0,
        64799.99999999999,
        75600.0,
        86400.0
      ],
      "value": [
        2.76139094744014,
        2.76139094744014,
        2.76139094744014,
        2.76139094744014,
        2.76139094744014,
        2.76139094744014,
        2.76139094744014,
        2.76139094744014,
        2.76139094744014
      ]
    },
    "6": {
      "time": [
        0.0,
        10800.0,
        21600.0,
        32399.999999999996,
        43200.0,
        54000.0,
        64799.99999999999,
        75600.0,
        86400.0
      ],
      "value": [
        2.291935065494027,
        2.291935065494027,
        2.291935065494027,
        2.291935065494027,
        2.291935065494027,
        2.291935065494027,
        2.291935065494027,
        2.291935065494027,
        2.291935065494027
      ]
    },
    "3": {
      "time": [
        0.0,
        10800.0,
        21600.0,
        32399.999999999996,
        43200.0,
        54000.0,
        64799.99999999999,
        75600.0,
        86400.0
      ],
      "value": [
        7.770898387734506,
        7.770898387734506,
        7.770898387734506,
        7.770898387734506,
        7.770898387734506,
        7.770898387734506,
        7.770898387734506,
        7.770898387734506,
        7.770898387734506
      ]
    }
  },
  "boundary_compressor": {
    "1": {
      "time": [
        0.0,
        10800.0,
        21600.0,
        32399.999999999996,
        43200.0,
        54000.0,
        64799.99999999999,
        75600.0,
        86400.0
      ],
      "control_type": [
        0,
        0,
        0,
        0,
        0,
        0,
        0,
        0,
        0
      ],
      "value": [
        1.4000000070227765,
        1.4000000070227765,
        1.4000000070227765,
        1.4000000070227765,
        1.4000000070227765,
        1.4000000070227765,
        1.4000000070227765,
        1.4000000070227765,
        1.4000000070227765
      ]
    },
    "2": {
      "time": [
        0.0,
        10800.0,
        21600.0,
        32399.999999999996,
        43200.0,
        54000.0,
        64799.99999999999,
        75600.0,
        86400.0
      ],
      "control_type": [
        0,
        0,
        0,
        0,
        0,
        0,
        0,
        0,
        0
      ],
      "value": [
        1.3500000043403448,
        1.3500000043403448,
        1.3500000043403448,
        1.3500000043403448,
        1.3500000043403448,
        1.3500000043403448,
        1.3500000043403448,
        1.3500000043403448,
        1.3500000043403448
      ]
    }
  }
}
