{
  "simulation_params": {
    "Discretization time step": 120,
    "Output dx": 1000.0,
    "Final time": 86400,
    "units (SI=0, standard = 1)": 0,
    "Courant number (must be between 0 and 1, recommended value is 0.9": 0.9,
    "Gas specific gravity (G)": 0.6,
    "Initial time": 0.0,
    "Specific heat capacity ratio": 1.4,
    "Save final state": 1.0,
    "Output dt": 1000.0,
    "Temperature (K)": 288.71
  },
  "nodes": {
    "4": {
      "node_id": 4,
      "slack_bool": 0
    },
    "1": {
      "node_id": 1,
      "slack_bool": 1
    },
    "5": {
      "node_id": 5,
      "slack_bool": 0
    },
    "2": {
      "node_id": 2,
      "slack_bool": 0
    },
    "6": {
      "node_id": 6,
      "slack_bool": 0
    },
    "3": {
      "node_id": 3,
      "slack_bool": 0
    }
  },
  "initial_nodal_pressure": {
    "4": 3.0646500977431647e6,
    "1": 2.068e6,
    "5": 2.895200014523102e6,
    "2": 2.2742061424282137e6,
    "6": 3.0701783021489275e6,
    "3": 2.0679999898425578e6
  },
  "boundary_pslack": {
    "1": {
      "time": [
        0.0,
        10800.0,
        21600.0,
        32399.999999999996,
        43200.0,
        54000.0,
        64799.99999999999,
        75600.0,
        86400.0
      ],
      "value": [
        2.068e6,
        2.068e6,
        2.068e6,
        2.068e6,
        2.068e6,
        2.068e6,
        2.068e6,
        2.068e6,
        2.068e6
      ]
    }
  },
  "pipes": {
    "4": {
      "length": 1.6011246047700348e6,
      "friction_factor": 0.01,
      "to_node": 4,
      "pipe_id": 4,
      "diameter": 0.3,
      "from_node": 3
    },
    "1": {
      "length": 956882.9604502318,
      "friction_factor": 0.01,
      "to_node": 2,
      "pipe_id": 1,
      "diameter": 0.6,
      "from_node": 5
    },
    "2": {
      "length": 1.4206072645175373e6,
      "friction_factor": 0.01,
      "to_node": 3,
      "pipe_id": 2,
      "diameter": 0.6,
      "from_node": 2
    },
    "3": {
      "length": 339705.75502926053,
      "friction_factor": 0.01,
      "to_node": 4,
      "pipe_id": 3,
      "diameter": 0.6,
      "from_node": 6
    }
  },
  "compressors": {
    "1": {
      "comp_id": 1,
      "to_node": 5,
      "from_node": 1
    },
    "2": {
      "comp_id": 2,
      "to_node": 6,
      "from_node": 2
    }
  },
  "initial_pipe_flow": {
    "4": -2.2123251373083392,
    "1": 12.82415904887445,
    "2": 5.558573250426166,
    "3": 2.2122597855141164
  },
  "initial_compressor_flow": {
    "1": 22.324225158917702,
    "2": 4.504194851008143
  },
  "boundary_nonslack_flow": {
    "4": {
      "time": [
        0.0,
        10800.0,
        21600.0,
        32399.999999999996,
        43200.0,
        54000.0,
        64799.99999999999,
        75600.0,
        86400.0
      ],
      "value": [
        -6.53517942228717e-5,
        -6.53517942228717e-5,
        -6.53517942228717e-5,
        -6.53517942228717e-5,
        -6.53517942228717e-5,
        -6.53517942228717e-5,
        -6.53517942228717e-5,
        -6.53517942228717e-5,
        -6.53517942228717e-5
      ]
    },
    "5": {
      "time": [
        0.0,
        10800.0,
        21600.0,
        32399.999999999996,
        43200.0,
        54000.0,
        64799.99999999999,
        75600.0,
        86400.0
      ],
      "value": [
        9.500066110043255,
        9.500066110043255,
        9.500066110043255,
        9.500066110043255,
        9.500066110043255,
        9.500066110043255,
        9.500066110043255,
        9.500066110043255,
        9.500066110043255
      ]
    },
    "2": {
      "time": [
        0.0,
        10800.0,
        21600.0,
        32399.999999999996,
        43200.0,
        54000.0,
        64799.99999999999,
        75600.0,
        86400.0
      ],
      "value": [
        2.76139094744014,
        2.76139094744014,
        2.76139094744014,
        2.76139094744014,
        2.76139094744014,
        2.76139094744014,
        2.76139094744014,
        2.76139094744014,
        2.76139094744014
      ]
    },
    "6": {
      "time": [
        0.0,
        10800.0,
        21600.0,
        32399.999999999996,
        43200.0,
        54000.0,
        64799.99999999999,
        75600.0,
        86400.0
      ],
      "value": [
        2.291935065494027,
        2.291935065494027,
        2.291935065494027,
        2.291935065494027,
        2.291935065494027,
        2.291935065494027,
        2.291935065494027,
        2.291935065494027,
        2.291935065494027
      ]
    },
    "3": {
      "time": [
        0.0,
        10800.0,
        21600.0,
        32399.999999999996,
        43200.0,
        54000.0,
        64799.99999999999,
        75600.0,
        86400.0
      ],
      "value": [
        7.770898387734506,
        7.770898387734506,
        7.770898387734506,
        7.770898387734506,
        7.770898387734506,
        7.770898387734506,
        7.770898387734506,
        7.770898387734506,
        7.770898387734506
      ]
    }
  },
  "boundary_compressor": {
    "1": {
      "time": [
        0.0,
        10800.0,
        21600.0,
        32399.999999999996,
        43200.0,
        54000.0,
        64799.99999999999,
        75600.0,
        86400.0
      ],
      "control_type": [
        0,
        0,
        0,
        0,
        0,
        0,
        0,
        0,
        0
      ],
      "value": [
        1.4000000070227765,
        1.4000000070227765,
        1.4000000070227765,
        1.4000000070227765,
        1.4000000070227765,
        1.4000000070227765,
        1.4000000070227765,
        1.4000000070227765,
        1.4000000070227765
      ]
    },
    "2": {
      "time": [
        0.0,
        10800.0,
        21600.0,
        32399.999999999996,
        43200.0,
        54000.0,
        64799.99999999999,
        75600.0,
        86400.0
      ],
      "control_type": [
        0,
        0,
        0,
        0,
        0,
        0,
        0,
        0,
        0
      ],
      "value": [
        1.3500000043403448,
        1.3500000043403448,
        1.3500000043403448,
        1.3500000043403448,
        1.3500000043403448,
        1.3500000043403448,
        1.3500000043403448,
        1.3500000043403448,
        1.3500000043403448
      ]
    }
  }
}
