{
  "initial_nodal_pressure": {
    "4": 3.0646500977431647e6,
    "1": 2.068e6,
    "5": 2.895200014523102e6,
    "2": 2.2742061424282137e6,
    "6": 3.0701783021489275e6,
    "3": 2.0679999898425578e6
  },
  "initial_pipe_flow": {
    "4": -2.2123251373083392,
    "1": 12.82415904887445,
    "2": 5.558573250426166,
    "3": 2.2122597855141164
  },
  "initial_compressor_flow": {
    "1": 22.324225158917702,
    "2": 4.504194851008143
  }
  
}
