{
    "boundary_compressor": {
        "1": {
            "time": [
                0,
                86400
            ],
            "control_type": [
                0,
                0
            ],
            "value": [
                1.257963995,
                1.257963995
            ]
        },
        "2": {
            "time": [
                0,
                86400
            ],
            "control_type": [
                1,
                1
            ],
            "value": [
                4673529.344,
                4673529.344
            ]
        },
        "3": {
            "time": [
                0,
                86400
            ],
            "control_type": [
                2,
                2
            ],
            "value": [
                124.9999828,
                124.9999828
            ]
        }
    },
    "boundary_nonslack_flow": {
        "3": {
            "time": [
                0,
                86400
            ],
            "value": [
                150,
                150
            ]
        },
        "5": {
            "time": [
                0,
                86400
            ],
            "value": [
                124.9999828,
                124.9999828
            ]
        }
    },
    "boundary_pslack": {
        "1": {
            "time": [
                0,
                86400
            ],
            "value": [
                3447378.645,
                3447378.645
            ]
        }
    }
}