{
  "initial_compressor_flow": {
    "1": 275,
    "2": 226.9644724,
    "3": 124.9999828
  },
  "initial_compressor_pressure_in": {
    "1": 3447378.645,
    "2": 3674812.327,
    "3": 3000000
  },
  "initial_compressor_pressure_out": {
    "1": 4336190.049,
    "2": 4673220.8,
    "3": 3657698.1410000003
  },
  "initial_compressor_ratio": {
    "1": 1.257963995,
    "2": 1.271773611,
    "3": 1.219272584
  },
  "initial_nodal_flow": {
    "1": -275,
    "2": 0,
    "3": 150,
    "4": 0,
    "5": 125,
    "6": 0,
    "7": 0,
    "8": 0
  },
  "initial_nodal_pressure": {
    "1": 3447378.645,
    "2": 3674812.327,
    "3": 3034386.425,
    "4": 3000000,
    "5": 3000000,
    "6": 4336190.049,
    "7": 4673220.8,
    "8": 3657698.1410000003
  },
  "initial_pipe_flow": {
    "1": 275.0000634,
    "2": 226.9644724,
    "3": 76.96439184,
    "4": 48.03559096,
    "5": 124.9999828
  },
  "initial_pipe_pressure_in": {
    "1": 4336190.049,
    "2": 4673220.8,
    "3": 3034386.425,
    "4": 3674812.327,
    "5": 3657698.1410000003
  },
  "initial_pipe_pressure_out": {
    "1": 3674812.327,
    "2": 3034386.425,
    "3": 3000000,
    "4": 3000000,
    "5": 3000000
  }
}
