{
    "boundary_compressor": {
        "1": {
            "time": [
                0,
                3600,
                7200,
                10800,
                14400,
                18000,
                21600,
                25200,
                28800,
                32400,
                36000,
                39600,
                43200,
                46800,
                50400,
                54000,
                57600,
                61200,
                64800,
                68400,
                72000,
                75600,
                79200,
                82800,
                86400
            ],
            "control_type": [
                0,
                0,
                0,
                0,
                0,
                0,
                0,
                0,
                0,
                0,
                0,
                0,
                0,
                0,
                0,
                0,
                0,
                0,
                0,
                0,
                0,
                0,
                0,
                0,
                0
            ],
            "value": [
                1.529,
                1.5237900588395985,
                1.5085152842386407,
                1.484216626843423,
                1.45255,
                1.4156734319961755,
                1.3760999999999999,
                1.3365265680038245,
                1.29965,
                1.2679833731565768,
                1.2436847157613593,
                1.2284099411604015,
                1.2232,
                1.2284099411604015,
                1.243684715761359,
                1.2679833731565766,
                1.29965,
                1.3365265680038245,
                1.3760999999999999,
                1.4156734319961755,
                1.45255,
                1.484216626843423,
                1.5085152842386407,
                1.5237900588395985,
                1.529
            ]
        },
        "2": {
            "time": [
                0,
                21600,
                25200,
                64800,
                68400,
                86400
            ],
            "control_type": [
                0,
                0,
                0,
                0,
                0,
                0
            ],
            "value": [
                1.112,
                1.112,
                1.5568,
                1.5568,
                1.112,
                1.112
            ]
        },
        "3": {
            "time": [
                0,
                3600,
                7200,
                10800,
                14400,
                18000,
                21600,
                25200,
                28800,
                32400,
                36000,
                39600,
                43200,
                46800,
                50400,
                54000,
                57600,
                61200,
                64800,
                68400,
                72000,
                75600,
                79200,
                82800,
                86400
            ],
            "control_type": [
                0,
                0,
                0,
                0,
                0,
                0,
                0,
                0,
                0,
                0,
                0,
                0,
                0,
                0,
                0,
                0,
                0,
                0,
                0,
                0,
                0,
                0,
                0,
                0,
                0
            ],
            "value": [
                1.22,
                1.3093324317381028,
                1.525,
                1.740667568261897,
                1.83,
                1.740667568261897,
                1.525,
                1.3093324317381032,
                1.22,
                1.3093324317381028,
                1.5249999999999997,
                1.740667568261897,
                1.83,
                1.7406675682618973,
                1.525,
                1.3093324317381028,
                1.22,
                1.3093324317381025,
                1.5249999999999997,
                1.7406675682618966,
                1.83,
                1.7406675682618968,
                1.5249999999999997,
                1.3093324317381034,
                1.22
            ]
        }
    },
    "boundary_nonslack_flow": {
        "3": {
            "time": [
                0,
                3600,
                7200,
                10800,
                14400,
                18000,
                21600,
                25200,
                28800,
                32400,
                36000,
                39600,
                43200,
                46800,
                50400,
                54000,
                57600,
                61200,
                64800,
                68400,
                72000,
                75600,
                79200,
                82800,
                86400
            ],
            "value": [
                150,
                147.99038105676658,
                142.5,
                135.0,
                127.50000000000001,
                122.00961894323343,
                120.0,
                122.0096189432334,
                127.5,
                135.0,
                142.5,
                147.99038105676658,
                150.0,
                147.99038105676658,
                142.5,
                135.00000000000003,
                127.50000000000001,
                122.0096189432334,
                120.0,
                122.0096189432334,
                127.50000000000001,
                135.0,
                142.5,
                147.99038105676655,
                150.0
            ]
        },
        "5": {
            "time": [
                0,
                12000,
                15600,
                48000,
                51600,
                86400
            ],
            "value": [
                150,
                150,
                180,
                180,
                150,
                150
            ]
        }
    },
    "boundary_pslack": {
        "1": {
            "time": [
                0,
                86400
            ],
            "value": [
                3447378.645,
                3447378.645
            ]
        }
    }
}