{
  "time": 2580.0000000000828,
  "initial_nodal_pressure": {
    "1": 6.5e6,
    "2": 6.472667057103329e6
  },
  "initial_pipe_pressure": {
    "1": {
      "distance": [
        0.0,
        1000.0,
        2000.0,
        3000.0,
        4000.0,
        5000.0,
        6000.0,
        7000.0,
        8000.0,
        9000.0,
        10000.0,
        11000.0,
        12000.0,
        13000.0,
        14000.0,
        15000.0,
        16000.0,
        17000.0,
        18000.0,
        19000.0,
        20000.0
      ],
      "value": [
        6.5e6,
        6.498647484407446e6,
        6.497294498127171e6,
        6.495940854584763e6,
        6.49458633239548e6,
        6.493230783662186e6,
        6.4918740165174315e6,
        6.490515821226932e6,
        6.489156080174777e6,
        6.487794598544582e6,
        6.486431204074339e6,
        6.485065808649804e6,
        6.483698218238199e6,
        6.482328320628154e6,
        6.480956055912609e6,
        6.4795812361514205e6,
        6.478203826485019e6,
        6.476823793736808e6,
        6.475440962869837e6,
        6.474055386617178e6,
        6.472667057103329e6
      ]
    }
  },
  "initial_pipe_flow": {
    "1": {
      "distance": [
        0.0,
        1000.0,
        2000.0,
        3000.0,
        4000.0,
        5000.0,
        6000.0,
        7000.0,
        8000.0,
        9000.0,
        10000.0,
        11000.0,
        12000.0,
        13000.0,
        14000.0,
        15000.0,
        16000.0,
        17000.0,
        18000.0,
        19000.0,
        20000.0
      ],
      "value": [
        78.14041057382562,
        78.13553548080266,
        78.14121811185515,
        78.15065954675804,
        78.16372471602843,
        78.18046415168445,
        78.20069763315314,
        78.2242576511656,
        78.25114087351807,
        78.28106767480531,
        78.31384379695575,
        78.34940512919837,
        78.38740230494356,
        78.42763301698328,
        78.46992378364837,
        78.51393607665061,
        78.55943698045745,
        78.60617395907252,
        78.65382764466898,
        78.7021352262388,
        78.75999999999927
      ]
    }
  },
  "initial_compressor_flow": {}
}
