{
  "time": 1799.9999999999616,
  "initial_nodal_pressure": {
    "1": 6.5e6,
    "2": 2.9629649584823204e6
  },
  "initial_pipe_pressure": {
    "1": {
      "distance": [
        0.0,
        377.35849056603774,
        754.7169811320755,
        1132.0754716981132,
        1509.433962264151,
        1886.7924528301887,
        2264.1509433962265,
        2641.509433962264,
        3018.867924528302,
        3396.2264150943392,
        3773.5849056603774,
        4150.943396226416,
        4528.301886792453,
        4905.66037735849,
        5283.018867924528,
        5660.377358490566,
        6037.735849056604,
        6415.094339622641,
        6792.4528301886785,
        7169.811320754717,
        7547.169811320755,
        7924.528301886793,
        8301.886792452831,
        8679.245283018869,
        9056.603773584906,
        9433.962264150943,
        9811.32075471698,
        10188.67924528302,
        10566.037735849057,
        10943.396226415094,
        11320.754716981131,
        11698.113207547169,
        12075.471698113208,
        12452.830188679245,
        12830.188679245282,
        13207.54716981132,
        13584.905660377357,
        13962.264150943396,
        14339.622641509433,
        14716.98113207547,
        15094.33962264151,
        15471.698113207549,
        15849.056603773586,
        16226.415094339623,
        16603.773584905663,
        16981.132075471698,
        17358.490566037737,
        17735.849056603773,
        18113.20754716981,
        18490.56603773585,
        18867.924528301886,
        19245.283018867925,
        19622.64150943396,
        20000.0
      ],
      "value": [
        6.5e6,
        6.45084006519891e6,
        6.401301086161015e6,
        6.351372417369097e6,
        6.301042977895977e6,
        6.250301226910327e6,
        6.199135137326751e6,
        6.147532167424279e6,
        6.095479230237468e6,
        6.042962660501519e6,
        5.98996817890709e6,
        5.936480853391096e6,
        5.882485057156193e6,
        5.827964423073419e6,
        5.772901794078283e6,
        5.717279169120232e6,
        5.661077644166853e6,
        5.604277347696978e6,
        5.546857370038505e6,
        5.488795685815921e6,
        5.430069068666494e6,
        5.370652997259903e6,
        5.310521551510455e6,
        5.249647297699251e6,
        5.188001161020578e6,
        5.125552283825677e6,
        5.062267867549563e6,
        4.998112995962411e6,
        4.933050436973219e6,
        4.8670404197135e6,
        4.800040383021757e6,
        4.732004690708815e6,
        4.662884308075179e6,
        4.592626433029862e6,
        4.5211740737674385e6,
        4.4484655632194085e6,
        4.3744339983057e6,
        4.299006589235802e6,
        4.222103900562237e6,
        4.143638961120285e6,
        4.0635162140497053e6,
        3.9816302703024144e6,
        3.8978644187095584e6,
        3.8120888318327623e6,
        3.724158388033786e6,
        3.6339100043657483e6,
        3.5411593388692625e6,
        3.445696669838742e6,
        3.3472816861108276e6,
        3.245636814468975e6,
        3.140438548334965e6,
        3.031305993253112e6,
        2.917785452510392e6,
        2.9629649584823204e6
      ]
    }
  },
  "initial_pipe_flow": {
    "1": {
      "distance": [
        0.0,
        188.67924528301887,
        566.0377358490566,
        943.3962264150944,
        1320.754716981132,
        1698.11320754717,
        2075.471698113208,
        2452.830188679245,
        2830.188679245283,
        3207.547169811321,
        3584.905660377359,
        3962.2641509433965,
        4339.622641509433,
        4716.981132075472,
        5094.33962264151,
        5471.698113207547,
        5849.056603773583,
        6226.4150943396235,
        6603.77358490566,
        6981.132075471699,
        7358.490566037735,
        7735.849056603773,
        8113.207547169812,
        8490.566037735849,
        8867.924528301886,
        9245.283018867925,
        9622.641509433963,
        10000.0,
        10377.358490566037,
        10754.716981132075,
        11132.075471698116,
        11509.43396226415,
        11886.792452830188,
        12264.150943396227,
        12641.509433962261,
        13018.867924528302,
        13396.226415094341,
        13773.584905660378,
        14150.943396226414,
        14528.301886792451,
        14905.660377358492,
        15283.018867924528,
        15660.377358490565,
        16037.735849056604,
        16415.094339622643,
        16792.45283018868,
        17169.811320754718,
        17547.169811320757,
        17924.528301886792,
        18301.88679245283,
        18679.245283018867,
        19056.60377358491,
        19433.96226415094,
        19811.32075471698,
        20000.0
      ],
      "value": [
        762.3286904851144,
        762.3771143635752,
        762.3905458540555,
        762.4176103271619,
        762.4585090255289,
        762.5134429994707,
        762.5826131748645,
        762.6662204329481,
        762.764465703079,
        762.8775500700426,
        763.0056748973202,
        763.1490419680933,
        763.30785364605,
        763.4823130580093,
        763.6726243011102,
        763.8789926771661,
        764.1016249576494,
        764.3407296827241,
        764.596517498746,
        764.8692015388847,
        765.1589978523617,
        765.4661258887422,
        765.790809044407,
        766.1332752797949,
        766.493757817114,
        766.8724959299643,
        767.2697358381866,
        767.6857317235908,
        768.1207468849536,
        768.5750550540272,
        769.0489418984356,
        769.5427067421922,
        770.0566645407481,
        770.5911481550328,
        771.1465109781284,
        771.7231299800869,
        772.3214092509005,
        772.9417841402808,
        773.5847261165666,
        774.2507484975284,
        774.9404132454429,
        775.6543390703598,
        776.393211154135,
        777.1577928989967,
        777.9489402280849,
        778.7676191345845,
        779.6149274106209,
        780.4921218177903,
        781.4006524341481,
        782.342206602038,
        783.3187659261638,
        784.3326813291839,
        785.386773599708,
        557.3384672000203,
        433.19500002733224
      ]
    }
  },
  "initial_compressor_flow": {}
}
