{
  "time": 360.0000000000016,
  "initial_nodal_pressure": {
    "1": 6.499999999999999e6,
    "2": 6.500000000000002e6
  },
  "initial_pipe_pressure": {
    "1": {
      "distance": [
        0.0,
        1000.0,
        2000.0,
        3000.0,
        4000.0,
        5000.0,
        6000.0,
        7000.0,
        8000.0,
        9000.0,
        10000.0,
        11000.0,
        12000.0,
        13000.0,
        14000.0,
        15000.0,
        16000.0,
        17000.0,
        18000.0,
        19000.0,
        20000.0
      ],
      "value": [
        6.499999999999998e6,
        6.5e6,
        6.500000000000002e6,
        6.500000000000002e6,
        6.500000000000002e6,
        6.500000000000003e6,
        6.5e6,
        6.500000000000003e6,
        6.500000000000002e6,
        6.5e6,
        6.5e6,
        6.500000000000002e6,
        6.500000000000002e6,
        6.500000000000002e6,
        6.500000000000003e6,
        6.500000000000002e6,
        6.500000000000002e6,
        6.5e6,
        6.500000000000002e6,
        6.500000000000002e6,
        6.500000000000002e6
      ]
    }
  },
  "initial_pipe_flow": {
    "1": {
      "distance": [
        0.0,
        1000.0,
        2000.0,
        3000.0,
        4000.0,
        5000.0,
        6000.0,
        7000.0,
        8000.0,
        9000.0,
        10000.0,
        11000.0,
        12000.0,
        13000.0,
        14000.0,
        15000.0,
        16000.0,
        17000.0,
        18000.0,
        19000.0,
        20000.0
      ],
      "value": [
        -1.5789019476078958e-12,
        -9.090241263921367e-13,
        0.0,
        -1.6665442317189196e-12,
        -1.515040210653564e-13,
        -3.7876005266339043e-13,
        -6.060160842614255e-13,
        0.0,
        6.060160842614272e-13,
        4.545120631960684e-13,
        0.0,
        -2.4998163475783763e-12,
        1.0605281474574959e-12,
        -7.575201053267317e-14,
        9.090241263921337e-13,
        -7.575201053267853e-13,
        2.878576400241768e-12,
        6.817680947941031e-13,
        -3.0300804213071945e-13,
        -2.272560315980463e-13,
        -1.5150402106535617e-12
      ]
    }
  },
  "initial_compressor_flow": {}
}
