{
  "time": 3480.000000000242,
  "initial_nodal_pressure": {
    "1": 6.5e6,
    "2": 6.472252534904179e6
  },
  "initial_pipe_pressure": {
    "1": {
      "distance": [
        0.0,
        377.35849056603774,
        754.7169811320755,
        1132.0754716981132,
        1509.433962264151,
        1886.7924528301887,
        2264.1509433962265,
        2641.509433962264,
        3018.867924528302,
        3396.2264150943392,
        3773.5849056603774,
        4150.943396226416,
        4528.301886792453,
        4905.66037735849,
        5283.018867924528,
        5660.377358490566,
        6037.735849056604,
        6415.094339622641,
        6792.4528301886785,
        7169.811320754717,
        7547.169811320755,
        7924.528301886793,
        8301.886792452831,
        8679.245283018869,
        9056.603773584906,
        9433.962264150943,
        9811.32075471698,
        10188.67924528302,
        10566.037735849057,
        10943.396226415094,
        11320.754716981131,
        11698.113207547169,
        12075.471698113208,
        12452.830188679245,
        12830.188679245282,
        13207.54716981132,
        13584.905660377357,
        13962.264150943396,
        14339.622641509433,
        14716.98113207547,
        15094.33962264151,
        15471.698113207549,
        15849.056603773586,
        16226.415094339623,
        16603.773584905663,
        16981.132075471698,
        17358.490566037737,
        17735.849056603773,
        18113.20754716981,
        18490.56603773585,
        18867.924528301886,
        19245.283018867925,
        19622.64150943396,
        20000.0
      ],
      "value": [
        6.5e6,
        6.499477559243653e6,
        6.498955076489465e6,
        6.4984325517276125e6,
        6.49790998494829e6,
        6.497387376141666e6,
        6.496864725297917e6,
        6.496342032407206e6,
        6.495819297459702e6,
        6.495296520445542e6,
        6.494773701354895e6,
        6.494250840177891e6,
        6.4937279369046725e6,
        6.493204991525356e6,
        6.492682004030076e6,
        6.492158974408942e6,
        6.491635902652053e6,
        6.491112788749519e6,
        6.490589632691418e6,
        6.490066434467831e6,
        6.489543194068833e6,
        6.489019911484485e6,
        6.488496586704849e6,
        6.487973219719952e6,
        6.487449810519838e6,
        6.48692635909453e6,
        6.486402865434038e6,
        6.485879329528378e6,
        6.485355751367525e6,
        6.484832130941476e6,
        6.484308468240196e6,
        6.483784763253634e6,
        6.48326101597176e6,
        6.482737226384495e6,
        6.4822133944817735e6,
        6.4816895202535065e6,
        6.481165603689599e6,
        6.480641644779921e6,
        6.480117643514381e6,
        6.479593599882822e6,
        6.479069513875112e6,
        6.478545385481072e6,
        6.478021214690551e6,
        6.47749700149335e6,
        6.476972745879279e6,
        6.4764484478381155e6,
        6.475924107359652e6,
        6.475399724433638e6,
        6.474875299049832e6,
        6.474350831197962e6,
        6.473826320867767e6,
        6.473301768048931e6,
        6.472777172731175e6,
        6.472252534904179e6
      ]
    }
  },
  "initial_pipe_flow": {
    "1": {
      "distance": [
        0.0,
        188.67924528301887,
        566.0377358490566,
        943.3962264150944,
        1320.754716981132,
        1698.11320754717,
        2075.471698113208,
        2452.830188679245,
        2830.188679245283,
        3207.547169811321,
        3584.905660377359,
        3962.2641509433965,
        4339.622641509433,
        4716.981132075472,
        5094.33962264151,
        5471.698113207547,
        5849.056603773583,
        6226.4150943396235,
        6603.77358490566,
        6981.132075471699,
        7358.490566037735,
        7735.849056603773,
        8113.207547169812,
        8490.566037735849,
        8867.924528301886,
        9245.283018867925,
        9622.641509433963,
        10000.0,
        10377.358490566037,
        10754.716981132075,
        11132.075471698116,
        11509.43396226415,
        11886.792452830188,
        12264.150943396227,
        12641.509433962261,
        13018.867924528302,
        13396.226415094341,
        13773.584905660378,
        14150.943396226414,
        14528.301886792451,
        14905.660377358492,
        15283.018867924528,
        15660.377358490565,
        16037.735849056604,
        16415.094339622643,
        16792.45283018868,
        17169.811320754718,
        17547.169811320757,
        17924.528301886792,
        18301.88679245283,
        18679.245283018867,
        19056.60377358491,
        19433.96226415094,
        19811.32075471698,
        20000.0
      ],
      "value": [
        78.76000179644073,
        78.76000238689168,
        78.76000238479475,
        78.7600023806161,
        78.76000237434,
        78.76000236599725,
        78.76000235557281,
        78.76000234310283,
        78.76000232857312,
        78.7600023120266,
        78.76000229344832,
        78.76000227288962,
        78.7600022503469,
        78.76000222585854,
        78.76000219943225,
        78.76000217110122,
        78.76000214089657,
        78.76000210883544,
        78.76000207495731,
        78.76000203929962,
        78.76000200188136,
        78.7600019627513,
        78.76000192192764,
        78.76000187946731,
        78.76000183539665,
        78.7600017897673,
        78.7600017426078,
        78.76000169396283,
        78.76000164388874,
        78.76000159241424,
        78.76000153959484,
        78.76000148548994,
        78.76000143010435,
        78.76000137352396,
        78.76000131579173,
        78.76000125694735,
        78.76000119705259,
        78.76000113616871,
        78.76000107431886,
        78.76000101158317,
        78.76000094798826,
        78.76000088362227,
        78.76000081850042,
        78.76000075271142,
        78.76000068629067,
        78.7600006193017,
        78.76000055179563,
        78.7600004838381,
        78.76000041546858,
        78.76000034675933,
        78.76000027774741,
        78.76000020853425,
        78.76000013911509,
        78.76000006958908,
        78.76000000000003
      ]
    }
  },
  "initial_compressor_flow": {}
}
