{
  "time": 2340.00000000004,
  "initial_nodal_pressure": {
    "1": 6.5e6,
    "2": 6.476110226561756e6
  },
  "initial_pipe_pressure": {
    "1": {
      "distance": [
        0.0,
        377.35849056603774,
        754.7169811320755,
        1132.0754716981132,
        1509.433962264151,
        1886.7924528301887,
        2264.1509433962265,
        2641.509433962264,
        3018.867924528302,
        3396.2264150943392,
        3773.5849056603774,
        4150.943396226416,
        4528.301886792453,
        4905.66037735849,
        5283.018867924528,
        5660.377358490566,
        6037.735849056604,
        6415.094339622641,
        6792.4528301886785,
        7169.811320754717,
        7547.169811320755,
        7924.528301886793,
        8301.886792452831,
        8679.245283018869,
        9056.603773584906,
        9433.962264150943,
        9811.32075471698,
        10188.67924528302,
        10566.037735849057,
        10943.396226415094,
        11320.754716981131,
        11698.113207547169,
        12075.471698113208,
        12452.830188679245,
        12830.188679245282,
        13207.54716981132,
        13584.905660377357,
        13962.264150943396,
        14339.622641509433,
        14716.98113207547,
        15094.33962264151,
        15471.698113207549,
        15849.056603773586,
        16226.415094339623,
        16603.773584905663,
        16981.132075471698,
        17358.490566037737,
        17735.849056603773,
        18113.20754716981,
        18490.56603773585,
        18867.924528301886,
        19245.283018867925,
        19622.64150943396,
        20000.0
      ],
      "value": [
        6.5e6,
        6.49958603902742e6,
        6.499171979416136e6,
        6.498757745571906e6,
        6.498343261772273e6,
        6.497928452182944e6,
        6.497513240761531e6,
        6.497097551308021e6,
        6.496681307346682e6,
        6.496264432200187e6,
        6.495846848864916e6,
        6.4954284800957e6,
        6.495009248290969e6,
        6.494589075574922e6,
        6.494167883707938e6,
        6.493745594154687e6,
        6.493322128032096e6,
        6.492897406156005e6,
        6.492471349034018e6,
        6.492043876888091e6,
        6.491614909694437e6,
        6.4911843671842e6,
        6.490752168927579e6,
        6.4903182343190955e6,
        6.489882482699042e6,
        6.489444833332433e6,
        6.489005205558832e6,
        6.4885635187747525e6,
        6.488119692602649e6,
        6.48767364688566e6,
        6.487225301867396e6,
        6.486774578205871e6,
        6.486321397157891e6,
        6.485865680616052e6,
        6.485407351293968e6,
        6.484946332787171e6,
        6.484482549757796e6,
        6.484015928017726e6,
        6.483546394712755e6,
        6.483073878424746e6,
        6.482598309356005e6,
        6.482119619446452e6,
        6.481637742558698e6,
        6.481152614606316e6,
        6.480664173739316e6,
        6.480172360480133e6,
        6.4796771179082235e6,
        6.479178391800874e6,
        6.47867613081477e6,
        6.478170286629427e6,
        6.477660814122644e6,
        6.477147671514665e6,
        6.476630820534265e6,
        6.476110226561756e6
      ]
    }
  },
  "initial_pipe_flow": {
    "1": {
      "distance": [
        0.0,
        188.67924528301887,
        566.0377358490566,
        943.3962264150944,
        1320.754716981132,
        1698.11320754717,
        2075.471698113208,
        2452.830188679245,
        2830.188679245283,
        3207.547169811321,
        3584.905660377359,
        3962.2641509433965,
        4339.622641509433,
        4716.981132075472,
        5094.33962264151,
        5471.698113207547,
        5849.056603773583,
        6226.4150943396235,
        6603.77358490566,
        6981.132075471699,
        7358.490566037735,
        7735.849056603773,
        8113.207547169812,
        8490.566037735849,
        8867.924528301886,
        9245.283018867925,
        9622.641509433963,
        10000.0,
        10377.358490566037,
        10754.716981132075,
        11132.075471698116,
        11509.43396226415,
        11886.792452830188,
        12264.150943396227,
        12641.509433962261,
        13018.867924528302,
        13396.226415094341,
        13773.584905660378,
        14150.943396226414,
        14528.301886792451,
        14905.660377358492,
        15283.018867924528,
        15660.377358490565,
        16037.735849056604,
        16415.094339622643,
        16792.45283018868,
        17169.811320754718,
        17547.169811320757,
        17924.528301886792,
        18301.88679245283,
        18679.245283018867,
        19056.60377358491,
        19433.96226415094,
        19811.32075471698,
        20000.0
      ],
      "value": [
        65.59684316892125,
        65.68571728432619,
        65.69685723357246,
        65.71912908843757,
        65.75251602604003,
        65.7969923967476,
        65.85252380773146,
        65.91906703683745,
        65.99657015843339,
        66.08497243494418,
        66.18420446670801,
        66.29418808258595,
        66.41483649251951,
        66.54605420007856,
        66.6877371370538,
        66.8397726191664,
        67.0020394454548,
        67.17440791336479,
        67.35673987245045,
        67.54888880751467,
        67.75069984434212,
        67.96200990161296,
        68.18264765436243,
        68.4124337473579,
        68.65118072946348,
        68.898693315092,
        69.15476830721204,
        69.41919489040319,
        69.69175456148764,
        69.97222143762518,
        70.26036221246444,
        70.55593646491957,
        70.85869665475306,
        71.1683884224113,
        71.4847506322401,
        71.80751565943454,
        72.13640948323967,
        72.47115196189844,
        72.81145697341508,
        73.15703268321505,
        73.5075817265728,
        73.8628014755991,
        74.22238425591588,
        74.58601761975643,
        74.95338458980885,
        75.3241639434206,
        75.69803047807227,
        76.07465530964903,
        76.45370615570891,
        76.83484764821385,
        77.21774163277531,
        77.60204749423875,
        77.98742247104383,
        78.37352199092904,
        78.75999999999938
      ]
    }
  },
  "initial_compressor_flow": {}
}
