{
  "time": 480.0000000000035,
  "initial_nodal_pressure": {
    "1": 6.5e6,
    "2": 6.500000000000002e6
  },
  "initial_pipe_pressure": {
    "1": {
      "distance": [
        0.0,
        1000.0,
        2000.0,
        3000.0,
        4000.0,
        5000.0,
        6000.0,
        7000.0,
        8000.0,
        9000.0,
        10000.0,
        11000.0,
        12000.0,
        13000.0,
        14000.0,
        15000.0,
        16000.0,
        17000.0,
        18000.0,
        19000.0,
        20000.0
      ],
      "value": [
        6.5e6,
        6.5e6,
        6.500000000000002e6,
        6.500000000000002e6,
        6.500000000000003e6,
        6.500000000000002e6,
        6.500000000000002e6,
        6.500000000000002e6,
        6.5e6,
        6.500000000000002e6,
        6.5e6,
        6.5e6,
        6.5e6,
        6.5e6,
        6.5e6,
        6.5e6,
        6.500000000000002e6,
        6.5e6,
        6.500000000000002e6,
        6.500000000000002e6,
        6.500000000000002e6
      ]
    }
  },
  "initial_pipe_flow": {
    "1": {
      "distance": [
        0.0,
        1000.0,
        2000.0,
        3000.0,
        4000.0,
        5000.0,
        6000.0,
        7000.0,
        8000.0,
        9000.0,
        10000.0,
        11000.0,
        12000.0,
        13000.0,
        14000.0,
        15000.0,
        16000.0,
        17000.0,
        18000.0,
        19000.0,
        20000.0
      ],
      "value": [
        -3.030080421307123e-12,
        -2.802824389709089e-12,
        -3.0300804213071233e-13,
        -1.5150402106535617e-12,
        0.0,
        -3.7876005266339043e-13,
        6.060160842614256e-13,
        2.954328410774449e-12,
        -1.6665442317189216e-12,
        5.302640737287466e-13,
        3.030080421307123e-12,
        2.499816347578375e-12,
        3.030080421307123e-12,
        7.575201053267316e-14,
        0.0,
        1.5150402106535615e-12,
        -2.878576400241769e-12,
        -6.817680947941031e-13,
        -1.212032168522842e-12,
        0.0,
        -1.5150402106535617e-12
      ]
    }
  },
  "initial_compressor_flow": {}
}
