{
  "time": 3300.00000000021,
  "initial_nodal_pressure": {
    "1": 6.5e6,
    "2": 6.472252556704244e6
  },
  "initial_pipe_pressure": {
    "1": {
      "distance": [
        0.0,
        377.35849056603774,
        754.7169811320755,
        1132.0754716981132,
        1509.433962264151,
        1886.7924528301887,
        2264.1509433962265,
        2641.509433962264,
        3018.867924528302,
        3396.2264150943392,
        3773.5849056603774,
        4150.943396226416,
        4528.301886792453,
        4905.66037735849,
        5283.018867924528,
        5660.377358490566,
        6037.735849056604,
        6415.094339622641,
        6792.4528301886785,
        7169.811320754717,
        7547.169811320755,
        7924.528301886793,
        8301.886792452831,
        8679.245283018869,
        9056.603773584906,
        9433.962264150943,
        9811.32075471698,
        10188.67924528302,
        10566.037735849057,
        10943.396226415094,
        11320.754716981131,
        11698.113207547169,
        12075.471698113208,
        12452.830188679245,
        12830.188679245282,
        13207.54716981132,
        13584.905660377357,
        13962.264150943396,
        14339.622641509433,
        14716.98113207547,
        15094.33962264151,
        15471.698113207549,
        15849.056603773586,
        16226.415094339623,
        16603.773584905663,
        16981.132075471698,
        17358.490566037737,
        17735.849056603773,
        18113.20754716981,
        18490.56603773585,
        18867.924528301886,
        19245.283018867925,
        19622.64150943396,
        20000.0
      ],
      "value": [
        6.5e6,
        6.499477559884783e6,
        6.498955077771045e6,
        6.498432553648405e6,
        6.497909987506509e6,
        6.497387379334991e6,
        6.496864729123481e6,
        6.496342036861592e6,
        6.4958193025389705e6,
        6.495296526145213e6,
        6.494773707669968e6,
        6.494250847102832e6,
        6.493727944433426e6,
        6.493204999651368e6,
        6.492682012746261e6,
        6.492158983707722e6,
        6.49163591252536e6,
        6.491112799188788e6,
        6.490589643687598e6,
        6.490066446011416e6,
        6.48954320614983e6,
        6.4890199240924595e6,
        6.488496599828898e6,
        6.4879732333487505e6,
        6.487449824641634e6,
        6.486926373697136e6,
        6.486402880504869e6,
        6.485879345054446e6,
        6.485355767335455e6,
        6.4848321473375205e6,
        6.484308485050235e6,
        6.483784780463211e6,
        6.483261033566073e6,
        6.482737244348401e6,
        6.482213412799839e6,
        6.481689538909974e6,
        6.481165622668448e6,
        6.4806416640648525e6,
        6.480117663088827e6,
        6.479593619729975e6,
        6.47906953397794e6,
        6.478545405822334e6,
        6.478021235252791e6,
        6.477497022258935e6,
        6.476972766830414e6,
        6.476448468956843e6,
        6.475924128627884e6,
        6.475399745833166e6,
        6.474875320562332e6,
        6.474350852805029e6,
        6.473826342550922e6,
        6.473301789789646e6,
        6.472777194510868e6,
        6.472252556704244e6
      ]
    }
  },
  "initial_pipe_flow": {
    "1": {
      "distance": [
        0.0,
        188.67924528301887,
        566.0377358490566,
        943.3962264150944,
        1320.754716981132,
        1698.11320754717,
        2075.471698113208,
        2452.830188679245,
        2830.188679245283,
        3207.547169811321,
        3584.905660377359,
        3962.2641509433965,
        4339.622641509433,
        4716.981132075472,
        5094.33962264151,
        5471.698113207547,
        5849.056603773583,
        6226.4150943396235,
        6603.77358490566,
        6981.132075471699,
        7358.490566037735,
        7735.849056603773,
        8113.207547169812,
        8490.566037735849,
        8867.924528301886,
        9245.283018867925,
        9622.641509433963,
        10000.0,
        10377.358490566037,
        10754.716981132075,
        11132.075471698116,
        11509.43396226415,
        11886.792452830188,
        12264.150943396227,
        12641.509433962261,
        13018.867924528302,
        13396.226415094341,
        13773.584905660378,
        14150.943396226414,
        14528.301886792451,
        14905.660377358492,
        15283.018867924528,
        15660.377358490565,
        16037.735849056604,
        16415.094339622643,
        16792.45283018868,
        17169.811320754718,
        17547.169811320757,
        17924.528301886792,
        18301.88679245283,
        18679.245283018867,
        19056.60377358491,
        19433.96226415094,
        19811.32075471698,
        20000.0
      ],
      "value": [
        78.76018139943845,
        78.76017678775135,
        78.76017663593561,
        78.76017633244385,
        78.76017587748805,
        78.76017527143146,
        78.76017451477155,
        78.76017360814453,
        78.7601725522665,
        78.76017134805579,
        78.76016999647261,
        78.76016849868998,
        78.76016685593608,
        78.76016506959445,
        78.7601631411871,
        78.76016107230024,
        78.76015886471598,
        78.76015652028077,
        78.76015404099581,
        78.76015142891893,
        78.7601486863233,
        78.76014581547655,
        78.76014281886457,
        78.76013969900988,
        78.76013645855659,
        78.76013310030018,
        78.76012962706373,
        78.7601260418159,
        78.76012234764637,
        78.76011854767235,
        78.76011464516395,
        78.76011064346389,
        78.76010654596963,
        78.76010235622067,
        78.76009807778831,
        78.7600937143604,
        78.76008926965343,
        78.76008474751696,
        78.76008015181247,
        78.7600754865088,
        78.76007075559279,
        78.76006596316765,
        78.76006111333785,
        78.76005621030446,
        78.76005125826542,
        78.76004626151823,
        78.76004122434509,
        78.76003615112018,
        78.76003104622647,
        78.76002591405286,
        78.76002075903337,
        78.76001558565312,
        78.76001039835009,
        78.76000520163622,
        78.76000000000015
      ]
    }
  },
  "initial_compressor_flow": {}
}
