{
  "time": 3480.000000000242,
  "initial_nodal_pressure": {
    "1": 6.5e6,
    "2": 6.472252534904179e6
  },
  "initial_pipe_pressure": {
    "1": {
      "distance": [
        0.0,
        1000.0,
        2000.0,
        3000.0,
        4000.0,
        5000.0,
        6000.0,
        7000.0,
        8000.0,
        9000.0,
        10000.0,
        11000.0,
        12000.0,
        13000.0,
        14000.0,
        15000.0,
        16000.0,
        17000.0,
        18000.0,
        19000.0,
        20000.0
      ],
      "value": [
        6.5e6,
        6.498615435394267e6,
        6.497230580888544e6,
        6.495845434207072e6,
        6.4944599846486915e6,
        6.49307424465154e6,
        6.491688209827741e6,
        6.490301873668443e6,
        6.488915246528556e6,
        6.487528321899858e6,
        6.486141097481211e6,
        6.484753581536283e6,
        6.483365765428133e6,
        6.481977651079053e6,
        6.4805892446533665e6,
        6.47920053537704e6,
        6.47781152941167e6,
        6.476422230814198e6,
        6.475032626664971e6,
        6.473642727381169e6,
        6.472252534904179e6
      ]
    }
  },
  "initial_pipe_flow": {
    "1": {
      "distance": [
        0.0,
        1000.0,
        2000.0,
        3000.0,
        4000.0,
        5000.0,
        6000.0,
        7000.0,
        8000.0,
        9000.0,
        10000.0,
        11000.0,
        12000.0,
        13000.0,
        14000.0,
        15000.0,
        16000.0,
        17000.0,
        18000.0,
        19000.0,
        20000.0
      ],
      "value": [
        78.76000179644225,
        78.76000237966626,
        78.76000235765227,
        78.76000232112246,
        78.76000227063656,
        78.76000220604492,
        78.76000212807182,
        78.76000203743723,
        78.76000193417212,
        78.7600018194301,
        78.76000169397193,
        78.76000155808211,
        78.76000141313008,
        78.76000125989358,
        78.76000109905699,
        78.76000093189566,
        78.76000075929136,
        78.76000058217362,
        78.76000040172246,
        78.76000021889861,
        78.76000000000043
      ]
    }
  },
  "initial_compressor_flow": {}
}
