{
  "time": 1619.9999999999673,
  "initial_nodal_pressure": {
    "1": 6.5e6,
    "2": 2.9120439507418843e6
  },
  "initial_pipe_pressure": {
    "1": {
      "distance": [
        0.0,
        377.35849056603774,
        754.7169811320755,
        1132.0754716981132,
        1509.433962264151,
        1886.7924528301887,
        2264.1509433962265,
        2641.509433962264,
        3018.867924528302,
        3396.2264150943392,
        3773.5849056603774,
        4150.943396226416,
        4528.301886792453,
        4905.66037735849,
        5283.018867924528,
        5660.377358490566,
        6037.735849056604,
        6415.094339622641,
        6792.4528301886785,
        7169.811320754717,
        7547.169811320755,
        7924.528301886793,
        8301.886792452831,
        8679.245283018869,
        9056.603773584906,
        9433.962264150943,
        9811.32075471698,
        10188.67924528302,
        10566.037735849057,
        10943.396226415094,
        11320.754716981131,
        11698.113207547169,
        12075.471698113208,
        12452.830188679245,
        12830.188679245282,
        13207.54716981132,
        13584.905660377357,
        13962.264150943396,
        14339.622641509433,
        14716.98113207547,
        15094.33962264151,
        15471.698113207549,
        15849.056603773586,
        16226.415094339623,
        16603.773584905663,
        16981.132075471698,
        17358.490566037737,
        17735.849056603773,
        18113.20754716981,
        18490.56603773585,
        18867.924528301886,
        19245.283018867925,
        19622.64150943396,
        20000.0
      ],
      "value": [
        6.5e6,
        6.452190698603039e6,
        6.404022313064204e6,
        6.355484145102137e6,
        6.306565065820537e6,
        6.25725349222952e6,
        6.207537362015245e6,
        6.157404106394108e6,
        6.106840620869542e6,
        6.055833233688517e6,
        6.004367671771428e6,
        5.952429023862098e6,
        5.90000170061415e6,
        5.847069391295173e6,
        5.793615016750099e6,
        5.739620678219448e6,
        5.685067601555463e6,
        5.629936076318259e6,
        5.574205389163923e6,
        5.517853750854877e6,
        5.4608582161279265e6,
        5.403194595544724e6,
        5.344837358319532e6,
        5.285759524966967e6,
        5.225932548432517e6,
        5.16532618215602e6,
        5.103908333265582e6,
        5.04164489879781e6,
        4.978499582479089e6,
        4.914433689167782e6,
        4.849405893531534e6,
        4.783371978894976e6,
        4.716284541412659e6,
        4.648092653763466e6,
        4.578741481378268e6,
        4.508171842740228e6,
        4.436319703454714e6,
        4.3631155914641945e6,
        4.288483917836629e6,
        4.212342183785332e6,
        4.134600049713479e6,
        4.0551582357424647e6,
        3.9739072148562307e6,
        3.8907256487316163e6,
        3.8054785014621904e6,
        3.7180147461691448e6,
        3.62816455163279e6,
        3.53573579711872e6,
        3.440509708219177e6,
        3.3422353264951967e6,
        3.2406224077217067e6,
        3.1353321658243914e6,
        3.025965005378891e6,
        2.9120439507418843e6
      ]
    }
  },
  "initial_pipe_flow": {
    "1": {
      "distance": [
        0.0,
        188.67924528301887,
        566.0377358490566,
        943.3962264150944,
        1320.754716981132,
        1698.11320754717,
        2075.471698113208,
        2452.830188679245,
        2830.188679245283,
        3207.547169811321,
        3584.905660377359,
        3962.2641509433965,
        4339.622641509433,
        4716.981132075472,
        5094.33962264151,
        5471.698113207547,
        5849.056603773583,
        6226.4150943396235,
        6603.77358490566,
        6981.132075471699,
        7358.490566037735,
        7735.849056603773,
        8113.207547169812,
        8490.566037735849,
        8867.924528301886,
        9245.283018867925,
        9622.641509433963,
        10000.0,
        10377.358490566037,
        10754.716981132075,
        11132.075471698116,
        11509.43396226415,
        11886.792452830188,
        12264.150943396227,
        12641.509433962261,
        13018.867924528302,
        13396.226415094341,
        13773.584905660378,
        14150.943396226414,
        14528.301886792451,
        14905.660377358492,
        15283.018867924528,
        15660.377358490565,
        16037.735849056604,
        16415.094339622643,
        16792.45283018868,
        17169.811320754718,
        17547.169811320757,
        17924.528301886792,
        18301.88679245283,
        18679.245283018867,
        19056.60377358491,
        19433.96226415094,
        19811.32075471698,
        20000.0
      ],
      "value": [
        751.7019091222447,
        751.7731332776532,
        751.7925942748055,
        751.8317995850643,
        751.891031381696,
        751.970570751687,
        752.0706977659338,
        752.1916915646309,
        752.3338304593636,
        752.4973920537353,
        752.6826533843905,
        752.8898910846951,
        753.1193815735613,
        753.3714012720949,
        753.6462268513535,
        753.9441355146766,
        754.2654053186509,
        754.6103155373413,
        754.979147074949,
        755.3721829329528,
        755.7897087385344,
        756.2320133421271,
        756.6993894932463,
        757.1921346049119,
        757.7105516188891,
        758.2549499857763,
        758.8256467763375,
        759.4229679433131,
        760.0472497561898,
        760.6988404355694,
        761.3781020185186,
        762.0854124922668,
        762.8211682409518,
        763.58578685876,
        764.3797103941388,
        765.2034091031383,
        766.0573858071749,
        766.942180972077,
        767.8583786524027,
        768.8066134802053,
        769.7875789220534,
        770.8020370868959,
        771.8508304438006,
        772.9348959103177,
        774.0552819083501,
        775.2131691688154,
        776.4098963196277,
        777.6469916439485,
        778.9262128934158,
        780.2495977563594,
        781.6195286272256,
        783.0388168856493,
        784.5108142792479,
        786.0395627413749,
        787.6300000000003
      ]
    }
  },
  "initial_compressor_flow": {}
}
