{
  "time": 2820.000000000125,
  "initial_nodal_pressure": {
    "1": 6.5e6,
    "2": 6.472279348948793e6
  },
  "initial_pipe_pressure": {
    "1": {
      "distance": [
        0.0,
        1000.0,
        2000.0,
        3000.0,
        4000.0,
        5000.0,
        6000.0,
        7000.0,
        8000.0,
        9000.0,
        10000.0,
        11000.0,
        12000.0,
        13000.0,
        14000.0,
        15000.0,
        16000.0,
        17000.0,
        18000.0,
        19000.0,
        20000.0
      ],
      "value": [
        6.5e6,
        6.498617511985323e6,
        6.497234722085091e6,
        6.495851616028603e6,
        6.494468169406526e6,
        6.493084384253686e6,
        6.49170024401315e6,
        6.490315728999381e6,
        6.488930841307584e6,
        6.487545562254405e6,
        6.486159878578482e6,
        6.48477379237632e6,
        6.483387283078257e6,
        6.482000345316056e6,
        6.480612981083784e6,
        6.479225168255444e6,
        6.477836910462832e6,
        6.4764482094736565e6,
        6.475059042020835e6,
        6.473669421373564e6,
        6.472279348948793e6
      ]
    }
  },
  "initial_pipe_flow": {
    "1": {
      "distance": [
        0.0,
        1000.0,
        2000.0,
        3000.0,
        4000.0,
        5000.0,
        6000.0,
        7000.0,
        8000.0,
        9000.0,
        10000.0,
        11000.0,
        12000.0,
        13000.0,
        14000.0,
        15000.0,
        16000.0,
        17000.0,
        18000.0,
        19000.0,
        20000.0
      ],
      "value": [
        78.74989164601462,
        78.74880728848844,
        78.7489096859115,
        78.74907974761427,
        78.74931498126145,
        78.7496162252386,
        78.74998016661038,
        78.75040372594276,
        78.75088676313212,
        78.75142419593647,
        78.7520124819258,
        78.7526504037463,
        78.75333167155848,
        78.75405263102161,
        78.75481014845485,
        78.75559817661247,
        78.75641255680767,
        78.75724879432148,
        78.75810122659713,
        78.7589652019921,
        78.75999999999917
      ]
    }
  },
  "initial_compressor_flow": {}
}
