{
  "time": 3180.0000000001887,
  "initial_nodal_pressure": {
    "1": 6.5e6,
    "2": 6.472252381866138e6
  },
  "initial_pipe_pressure": {
    "1": {
      "distance": [
        0.0,
        377.35849056603774,
        754.7169811320755,
        1132.0754716981132,
        1509.433962264151,
        1886.7924528301887,
        2264.1509433962265,
        2641.509433962264,
        3018.867924528302,
        3396.2264150943392,
        3773.5849056603774,
        4150.943396226416,
        4528.301886792453,
        4905.66037735849,
        5283.018867924528,
        5660.377358490566,
        6037.735849056604,
        6415.094339622641,
        6792.4528301886785,
        7169.811320754717,
        7547.169811320755,
        7924.528301886793,
        8301.886792452831,
        8679.245283018869,
        9056.603773584906,
        9433.962264150943,
        9811.32075471698,
        10188.67924528302,
        10566.037735849057,
        10943.396226415094,
        11320.754716981131,
        11698.113207547169,
        12075.471698113208,
        12452.830188679245,
        12830.188679245282,
        13207.54716981132,
        13584.905660377357,
        13962.264150943396,
        14339.622641509433,
        14716.98113207547,
        15094.33962264151,
        15471.698113207549,
        15849.056603773586,
        16226.415094339623,
        16603.773584905663,
        16981.132075471698,
        17358.490566037737,
        17735.849056603773,
        18113.20754716981,
        18490.56603773585,
        18867.924528301886,
        19245.283018867925,
        19622.64150943396,
        20000.0
      ],
      "value": [
        6.5e6,
        6.499477554756729e6,
        6.498955067519686e6,
        6.498432538282889e6,
        6.497909967040357e6,
        6.497387353786091e6,
        6.496864698514042e6,
        6.496342001218187e6,
        6.49581926189245e6,
        6.495296480530726e6,
        6.494773657126882e6,
        6.494250791674758e6,
        6.493727884168132e6,
        6.493204934600773e6,
        6.492681942966373e6,
        6.492158909258594e6,
        6.491635833471035e6,
        6.491112715597255e6,
        6.490589555630738e6,
        6.490066353564915e6,
        6.48954310939316e6,
        6.489019823108759e6,
        6.488496494704941e6,
        6.487973124174873e6,
        6.48744971151162e6,
        6.486926256708193e6,
        6.486402759757491e6,
        6.485879220652359e6,
        6.485355639385538e6,
        6.484832015949681e6,
        6.484308350337345e6,
        6.483784642541002e6,
        6.483260892553021e6,
        6.482737100365658e6,
        6.482213265971089e6,
        6.4816893893613685e6,
        6.48116547052845e6,
        6.480641509464174e6,
        6.480117506160268e6,
        6.4795934606083715e6,
        6.479069372799969e6,
        6.478545242726462e6,
        6.478021070379111e6,
        6.477496855749072e6,
        6.476972598827377e6,
        6.476448299604929e6,
        6.475923958072509e6,
        6.475399574220791e6,
        6.4748751480403e6,
        6.4743506795214405e6,
        6.473826168654508e6,
        6.473301615429647e6,
        6.47277701983689e6,
        6.472252381866138e6
      ]
    }
  },
  "initial_pipe_flow": {
    "1": {
      "distance": [
        0.0,
        188.67924528301887,
        566.0377358490566,
        943.3962264150944,
        1320.754716981132,
        1698.11320754717,
        2075.471698113208,
        2452.830188679245,
        2830.188679245283,
        3207.547169811321,
        3584.905660377359,
        3962.2641509433965,
        4339.622641509433,
        4716.981132075472,
        5094.33962264151,
        5471.698113207547,
        5849.056603773583,
        6226.4150943396235,
        6603.77358490566,
        6981.132075471699,
        7358.490566037735,
        7735.849056603773,
        8113.207547169812,
        8490.566037735849,
        8867.924528301886,
        9245.283018867925,
        9622.641509433963,
        10000.0,
        10377.358490566037,
        10754.716981132075,
        11132.075471698116,
        11509.43396226415,
        11886.792452830188,
        12264.150943396227,
        12641.509433962261,
        13018.867924528302,
        13396.226415094341,
        13773.584905660378,
        14150.943396226414,
        14528.301886792451,
        14905.660377358492,
        15283.018867924528,
        15660.377358490565,
        16037.735849056604,
        16415.094339622643,
        16792.45283018868,
        17169.811320754718,
        17547.169811320757,
        17924.528301886792,
        18301.88679245283,
        18679.245283018867,
        19056.60377358491,
        19433.96226415094,
        19811.32075471698,
        20000.0
      ],
      "value": [
        78.75943655162588,
        78.75945776185823,
        78.75945822709448,
        78.7594591572735,
        78.7594605516711,
        78.75946240918583,
        78.75946472835689,
        78.75946750726622,
        78.75947074365372,
        78.75947443484736,
        78.75947857779686,
        78.75948316905865,
        78.75948820481862,
        78.75949368084234,
        78.75949959258116,
        78.75950593507226,
        78.75951270297526,
        78.75951989060857,
        78.75952749191781,
        78.75953550049088,
        78.75954390954765,
        78.75955271200648,
        78.75956190039668,
        78.75957146692822,
        78.75958140350383,
        78.75959170164505,
        78.75960235264503,
        78.7596133473932,
        78.75962467654935,
        78.75963633044084,
        78.75964829913063,
        78.75966057238722,
        78.75967313970148,
        78.75968599035447,
        78.75969911329526,
        78.75971249730273,
        78.7597261308934,
        78.75974000234415,
        78.75975409974663,
        78.7597684109623,
        78.75978292370819,
        78.7597976254559,
        78.75981250355713,
        78.75982754517563,
        78.75984273732507,
        78.75985806690076,
        78.75987352066905,
        78.7598890852374,
        78.75990474719609,
        78.75992049296127,
        78.75993630890646,
        78.75995218137002,
        78.75996809656455,
        78.75998404070994,
        78.75999999999948
      ]
    }
  },
  "initial_compressor_flow": {}
}
