{
  "time": 2580.0000000000828,
  "initial_nodal_pressure": {
    "1": 6.5e6,
    "2": 6.472667057103333e6
  },
  "initial_pipe_pressure": {
    "1": {
      "distance": [
        0.0,
        377.35849056603774,
        754.7169811320755,
        1132.0754716981132,
        1509.433962264151,
        1886.7924528301887,
        2264.1509433962265,
        2641.509433962264,
        3018.867924528302,
        3396.2264150943392,
        3773.5849056603774,
        4150.943396226416,
        4528.301886792453,
        4905.66037735849,
        5283.018867924528,
        5660.377358490566,
        6037.735849056604,
        6415.094339622641,
        6792.4528301886785,
        7169.811320754717,
        7547.169811320755,
        7924.528301886793,
        8301.886792452831,
        8679.245283018869,
        9056.603773584906,
        9433.962264150943,
        9811.32075471698,
        10188.67924528302,
        10566.037735849057,
        10943.396226415094,
        11320.754716981131,
        11698.113207547169,
        12075.471698113208,
        12452.830188679245,
        12830.188679245282,
        13207.54716981132,
        13584.905660377357,
        13962.264150943396,
        14339.622641509433,
        14716.98113207547,
        15094.33962264151,
        15471.698113207549,
        15849.056603773586,
        16226.415094339623,
        16603.773584905663,
        16981.132075471698,
        17358.490566037737,
        17735.849056603773,
        18113.20754716981,
        18490.56603773585,
        18867.924528301886,
        19245.283018867925,
        19622.64150943396,
        20000.0
      ],
      "value": [
        6.5e6,
        6.4994896633038875e6,
        6.498979275899144e6,
        6.4984688274503825e6,
        6.4979583076356305e6,
        6.497447706153368e6,
        6.496937012732721e6,
        6.496426217139425e6,
        6.495915309187151e6,
        6.49540427874217e6,
        6.494893115735946e6,
        6.4943818101684945e6,
        6.49387035212209e6,
        6.493358731763455e6,
        6.492846939358381e6,
        6.492334965273029e6,
        6.491822799989028e6,
        6.491310434104298e6,
        6.490797858348204e6,
        6.490285063582262e6,
        6.489772040814908e6,
        6.489258781202591e6,
        6.48874527606351e6,
        6.488231516879647e6,
        6.487717495308991e6,
        6.4872032031888245e6,
        6.48668863254619e6,
        6.486173775602494e6,
        6.485658624782147e6,
        6.4851431727184905e6,
        6.484627412260601e6,
        6.4841113364803465e6,
        6.483594938677669e6,
        6.483078212388258e6,
        6.482561151387787e6,
        6.482043749699719e6,
        6.48152600159886e6,
        6.481007901618932e6,
        6.4804894445556905e6,
        6.479970625473948e6,
        6.479451439710577e6,
        6.478931882880596e6,
        6.478411950880264e6,
        6.477891639892144e6,
        6.477370946388213e6,
        6.476849867133936e6,
        6.476328399191324e6,
        6.475806539922054e6,
        6.475284286990319e6,
        6.474761638365193e6,
        6.4742385923230285e6,
        6.4737151474491805e6,
        6.473191302639872e6,
        6.472667057103333e6
      ]
    }
  },
  "initial_pipe_flow": {
    "1": {
      "distance": [
        0.0,
        188.67924528301887,
        566.0377358490566,
        943.3962264150944,
        1320.754716981132,
        1698.11320754717,
        2075.471698113208,
        2452.830188679245,
        2830.188679245283,
        3207.547169811321,
        3584.905660377359,
        3962.2641509433965,
        4339.622641509433,
        4716.981132075472,
        5094.33962264151,
        5471.698113207547,
        5849.056603773583,
        6226.4150943396235,
        6603.77358490566,
        6981.132075471699,
        7358.490566037735,
        7735.849056603773,
        8113.207547169812,
        8490.566037735849,
        8867.924528301886,
        9245.283018867925,
        9622.641509433963,
        10000.0,
        10377.358490566037,
        10754.716981132075,
        11132.075471698116,
        11509.43396226415,
        11886.792452830188,
        12264.150943396227,
        12641.509433962261,
        13018.867924528302,
        13396.226415094341,
        13773.584905660378,
        14150.943396226414,
        14528.301886792451,
        14905.660377358492,
        15283.018867924528,
        15660.377358490565,
        16037.735849056604,
        16415.094339622643,
        16792.45283018868,
        17169.811320754718,
        17547.169811320757,
        17924.528301886792,
        18301.88679245283,
        18679.245283018867,
        19056.60377358491,
        19433.96226415094,
        19811.32075471698,
        20000.0
      ],
      "value": [
        78.14041057382106,
        78.1336735289646,
        78.13421343112185,
        78.13529279397909,
        78.13691070611456,
        78.13906578826989,
        78.14175619275568,
        78.14497960774044,
        78.14873325606074,
        78.15301390205339,
        78.15781784941028,
        78.1631409506772,
        78.16897860423134,
        78.17532576623307,
        78.18217694684799,
        78.1895262244969,
        78.1973672415795,
        78.20569322052496,
        78.21449695958772,
        78.2237708500324,
        78.23350687255925,
        78.24369661498606,
        78.25433127002312,
        78.26540165255263,
        78.27689819949063,
        78.28881098607131,
        78.30112972808713,
        78.31384379695429,
        78.32694222441748,
        78.3404137161892,
        78.35424665928574,
        78.36842913409353,
        78.38294892412604,
        78.3977935268714,
        78.41295016546508,
        78.42840579865751,
        78.44414713411375,
        78.46016063758371,
        78.47643254768998,
        78.49294888436216,
        78.50969546489112,
        78.52665791191703,
        78.54382167032244,
        78.56117201492236,
        78.5786940680904,
        78.59637280734201,
        78.61419308322965,
        78.63213962715088,
        78.6501970692211,
        78.66834994648941,
        78.68658272045336,
        78.70487978607807,
        78.72322548838245,
        78.74160413273361,
        78.75999999999938
      ]
    }
  },
  "initial_compressor_flow": {}
}
