{
  "time": 1979.9999999999764,
  "initial_nodal_pressure": {
    "1": 6.5e6,
    "2": 5.606444624450441e6
  },
  "initial_pipe_pressure": {
    "1": {
      "distance": [
        0.0,
        1000.0,
        2000.0,
        3000.0,
        4000.0,
        5000.0,
        6000.0,
        7000.0,
        8000.0,
        9000.0,
        10000.0,
        11000.0,
        12000.0,
        13000.0,
        14000.0,
        15000.0,
        16000.0,
        17000.0,
        18000.0,
        19000.0,
        20000.0
      ],
      "value": [
        6.5e6,
        6.421862291753242e6,
        6.343594063484461e6,
        6.266012922132519e6,
        6.190056378227345e6,
        6.116517520745319e6,
        6.046244452487191e6,
        5.980111431034751e6,
        5.918644754250143e6,
        5.862504505894027e6,
        5.812166581139898e6,
        5.767727173241835e6,
        5.729459109296443e6,
        5.697251683638277e6,
        5.670759078606932e6,
        5.649815110303883e6,
        5.633804793105329e6,
        5.62209253879717e6,
        5.614178329861092e6,
        5.609206998282383e6,
        5.606444624450441e6
      ]
    }
  },
  "initial_pipe_flow": {
    "1": {
      "distance": [
        0.0,
        1000.0,
        2000.0,
        3000.0,
        4000.0,
        5000.0,
        6000.0,
        7000.0,
        8000.0,
        9000.0,
        10000.0,
        11000.0,
        12000.0,
        13000.0,
        14000.0,
        15000.0,
        16000.0,
        17000.0,
        18000.0,
        19000.0,
        20000.0
      ],
      "value": [
        602.7228179832101,
        599.1883738375482,
        594.4516904299784,
        586.5010950909553,
        575.4002928642506,
        561.0654857891652,
        543.6339178021086,
        523.2537440668614,
        499.9507367763084,
        474.0163847980713,
        445.68202371280955,
        415.09100536400217,
        382.6256117410187,
        348.54492304109766,
        313.089183622854,
        276.58949493075363,
        239.28133243772197,
        201.38699862392153,
        163.12110124171537,
        124.63338775006386,
        78.76000000000062
      ]
    }
  },
  "initial_compressor_flow": {}
}
