{
  "time": 1739.9999999999634,
  "initial_nodal_pressure": {
    "1": 6.5e6,
    "2": 2.832878432892804e6
  },
  "initial_pipe_pressure": {
    "1": {
      "distance": [
        0.0,
        377.35849056603774,
        754.7169811320755,
        1132.0754716981132,
        1509.433962264151,
        1886.7924528301887,
        2264.1509433962265,
        2641.509433962264,
        3018.867924528302,
        3396.2264150943392,
        3773.5849056603774,
        4150.943396226416,
        4528.301886792453,
        4905.66037735849,
        5283.018867924528,
        5660.377358490566,
        6037.735849056604,
        6415.094339622641,
        6792.4528301886785,
        7169.811320754717,
        7547.169811320755,
        7924.528301886793,
        8301.886792452831,
        8679.245283018869,
        9056.603773584906,
        9433.962264150943,
        9811.32075471698,
        10188.67924528302,
        10566.037735849057,
        10943.396226415094,
        11320.754716981131,
        11698.113207547169,
        12075.471698113208,
        12452.830188679245,
        12830.188679245282,
        13207.54716981132,
        13584.905660377357,
        13962.264150943396,
        14339.622641509433,
        14716.98113207547,
        15094.33962264151,
        15471.698113207549,
        15849.056603773586,
        16226.415094339623,
        16603.773584905663,
        16981.132075471698,
        17358.490566037737,
        17735.849056603773,
        18113.20754716981,
        18490.56603773585,
        18867.924528301886,
        19245.283018867925,
        19622.64150943396,
        20000.0
      ],
      "value": [
        6.5e6,
        6.451236043877987e6,
        6.402098957550576e6,
        6.352578085687614e6,
        6.302662339147822e6,
        6.252340170795092e6,
        6.201599549491053e6,
        6.1504279320918005e6,
        6.098812233257222e6,
        6.046738792859247e6,
        5.99419334075014e6,
        5.941160958623517e6,
        5.887626038668071e6,
        5.833572238676705e6,
        5.778982433231122e6,
        5.723838660532722e6,
        5.668122064394183e6,
        5.611812830840613e6,
        5.554890118693619e6,
        5.497331983423432e6,
        5.439115293451849e6,
        5.380215637968671e6,
        5.320607225183696e6,
        5.260262769770612e6,
        5.199153368063309e6,
        5.137248359333028e6,
        5.074515171198036e6,
        5.010919146886943e6,
        4.946423351679326e6,
        4.880988355368049e6,
        4.814571987006198e6,
        4.747129057493149e6,
        4.678611044685923e6,
        4.608965734652095e6,
        4.538136811353894e6,
        4.466063385397885e6,
        4.392679450405316e6,
        4.317913252927185e6,
        4.2416865584735535e6,
        4.1639137919141855e6,
        4.0845010249151643e6,
        4.0033447757551167e6,
        3.920330577183409e6,
        3.8353312550397185e6,
        3.748204842845615e6,
        3.6587920335875796e6,
        3.566913036575563e6,
        3.47236366022902e6,
        3.374910374162714e6,
        3.274284005317854e6,
        3.170171575737896e6,
        3.062205564954742e6,
        2.9499495280564493e6,
        2.832878432892804e6
      ]
    }
  },
  "initial_pipe_flow": {
    "1": {
      "distance": [
        0.0,
        188.67924528301887,
        566.0377358490566,
        943.3962264150944,
        1320.754716981132,
        1698.11320754717,
        2075.471698113208,
        2452.830188679245,
        2830.188679245283,
        3207.547169811321,
        3584.905660377359,
        3962.2641509433965,
        4339.622641509433,
        4716.981132075472,
        5094.33962264151,
        5471.698113207547,
        5849.056603773583,
        6226.4150943396235,
        6603.77358490566,
        6981.132075471699,
        7358.490566037735,
        7735.849056603773,
        8113.207547169812,
        8490.566037735849,
        8867.924528301886,
        9245.283018867925,
        9622.641509433963,
        10000.0,
        10377.358490566037,
        10754.716981132075,
        11132.075471698116,
        11509.43396226415,
        11886.792452830188,
        12264.150943396227,
        12641.509433962261,
        13018.867924528302,
        13396.226415094341,
        13773.584905660378,
        14150.943396226414,
        14528.301886792451,
        14905.660377358492,
        15283.018867924528,
        15660.377358490565,
        16037.735849056604,
        16415.094339622643,
        16792.45283018868,
        17169.811320754718,
        17547.169811320757,
        17924.528301886792,
        18301.88679245283,
        18679.245283018867,
        19056.60377358491,
        19433.96226415094,
        19811.32075471698,
        20000.0
      ],
      "value": [
        759.2296466870316,
        759.2845726587249,
        759.2997413454921,
        759.330304295551,
        759.3764866193046,
        759.4385130191298,
        759.5166078591279,
        759.6109952477851,
        759.7218991348745,
        759.849543424052,
        759.994152102915,
        760.1559493923424,
        760.3351599172644,
        760.5320089013088,
        760.7467223879473,
        760.9795274913112,
        761.2306526800902,
        761.5003280985446,
        761.7887859290673,
        762.0962608016277,
        762.4229902558219,
        762.7692152625876,
        763.1351808132283,
        763.5211365850042,
        763.9273376937923,
        764.3540455460246,
        764.8015288044093,
        765.2700644840405,
        765.7599391988591,
        766.2714505816605,
        766.8049089054673,
        767.3606389391559,
        767.9389820768893,
        768.5402987887772,
        769.1649714501718,
        769.8134076193664,
        770.4860438488968,
        771.1833501354268,
        771.9058351379953,
        772.6540523266335,
        773.4286072648189,
        774.2301662834328,
        775.0594668755133,
        775.9173302364325,
        776.8046765025969,
        777.7225434174011,
        778.6721093955798,
        779.6547222976695,
        780.6719357117519,
        781.7255552437132,
        782.8176983594328,
        783.9508728969894,
        785.12808180608,
        786.3529655529867,
        787.6300000000005
      ]
    }
  },
  "initial_compressor_flow": {}
}
