{
  "time": 3240.0000000001996,
  "initial_nodal_pressure": {
    "1": 6.5e6,
    "2": 6.472252337765053e6
  },
  "initial_pipe_pressure": {
    "1": {
      "distance": [
        0.0,
        377.35849056603774,
        754.7169811320755,
        1132.0754716981132,
        1509.433962264151,
        1886.7924528301887,
        2264.1509433962265,
        2641.509433962264,
        3018.867924528302,
        3396.2264150943392,
        3773.5849056603774,
        4150.943396226416,
        4528.301886792453,
        4905.66037735849,
        5283.018867924528,
        5660.377358490566,
        6037.735849056604,
        6415.094339622641,
        6792.4528301886785,
        7169.811320754717,
        7547.169811320755,
        7924.528301886793,
        8301.886792452831,
        8679.245283018869,
        9056.603773584906,
        9433.962264150943,
        9811.32075471698,
        10188.67924528302,
        10566.037735849057,
        10943.396226415094,
        11320.754716981131,
        11698.113207547169,
        12075.471698113208,
        12452.830188679245,
        12830.188679245282,
        13207.54716981132,
        13584.905660377357,
        13962.264150943396,
        14339.622641509433,
        14716.98113207547,
        15094.33962264151,
        15471.698113207549,
        15849.056603773586,
        16226.415094339623,
        16603.773584905663,
        16981.132075471698,
        17358.490566037737,
        17735.849056603773,
        18113.20754716981,
        18490.56603773585,
        18867.924528301886,
        19245.283018867925,
        19622.64150943396,
        20000.0
      ],
      "value": [
        6.5e6,
        6.4994775534756705e6,
        6.498955064957721e6,
        6.498432534441323e6,
        6.4979099619216025e6,
        6.497387347393716e6,
        6.496864690852761e6,
        6.496341992293826e6,
        6.495819251711959e6,
        6.495296469102193e6,
        6.494773644459491e6,
        6.494250777778807e6,
        6.493727869055021e6,
        6.493204918282967e6,
        6.492681925457431e6,
        6.492158890573127e6,
        6.491635813624692e6,
        6.4911126946067335e6,
        6.490589533513734e6,
        6.490066330340131e6,
        6.489543085080273e6,
        6.48901979772842e6,
        6.488496468278734e6,
        6.487973096725304e6,
        6.48744968306209e6,
        6.486926227282988e6,
        6.4864027293817615e6,
        6.48587918935208e6,
        6.485355607187478e6,
        6.484831982881431e6,
        6.484308316427227e6,
        6.483784607818078e6,
        6.48326085704707e6,
        6.48273706410714e6,
        6.482213228991124e6,
        6.4816893516917e6,
        6.481165432201438e6,
        6.480641470512741e6,
        6.480117466617912e6,
        6.479593420509074e6,
        6.479069332178238e6,
        6.478545201617257e6,
        6.478021028817832e6,
        6.477496813771525e6,
        6.476972556469765e6,
        6.476448256903782e6,
        6.475923915064706e6,
        6.475399530943487e6,
        6.474875104530923e6,
        6.474350635817662e6,
        6.473826124794187e6,
        6.473301571450841e6,
        6.472776975777786e6,
        6.472252337765053e6
      ]
    }
  },
  "initial_pipe_flow": {
    "1": {
      "distance": [
        0.0,
        188.67924528301887,
        566.0377358490566,
        943.3962264150944,
        1320.754716981132,
        1698.11320754717,
        2075.471698113208,
        2452.830188679245,
        2830.188679245283,
        3207.547169811321,
        3584.905660377359,
        3962.2641509433965,
        4339.622641509433,
        4716.981132075472,
        5094.33962264151,
        5471.698113207547,
        5849.056603773583,
        6226.4150943396235,
        6603.77358490566,
        6981.132075471699,
        7358.490566037735,
        7735.849056603773,
        8113.207547169812,
        8490.566037735849,
        8867.924528301886,
        9245.283018867925,
        9622.641509433963,
        10000.0,
        10377.358490566037,
        10754.716981132075,
        11132.075471698116,
        11509.43396226415,
        11886.792452830188,
        12264.150943396227,
        12641.509433962261,
        13018.867924528302,
        13396.226415094341,
        13773.584905660378,
        14150.943396226414,
        14528.301886792451,
        14905.660377358492,
        15283.018867924528,
        15660.377358490565,
        16037.735849056604,
        16415.094339622643,
        16792.45283018868,
        17169.811320754718,
        17547.169811320757,
        17924.528301886792,
        18301.88679245283,
        18679.245283018867,
        19056.60377358491,
        19433.96226415094,
        19811.32075471698,
        20000.0
      ],
      "value": [
        78.76026556660597,
        78.7602700595617,
        78.76026982668171,
        78.76026936109389,
        78.76026866322549,
        78.76026773364862,
        78.76026657318319,
        78.76026518282838,
        78.76026356379602,
        78.76026171746201,
        78.76025964546449,
        78.76025734955994,
        78.76025483177598,
        78.7602520942688,
        78.76024913942919,
        78.76024596980201,
        78.76024258816636,
        78.76023899741287,
        78.76023520069946,
        78.76023120126798,
        78.76022700261686,
        78.76022260835997,
        78.76021802232354,
        78.76021324843558,
        78.76020829086931,
        78.76020315387693,
        78.76019784191487,
        78.7601923595545,
        78.76018671156055,
        78.76018090274468,
        78.76017493818276,
        78.76016882297135,
        78.76016256238677,
        78.76015616183767,
        78.7601496268077,
        78.76014296293263,
        78.76013617593208,
        78.76012927166087,
        78.76012225601085,
        78.76011513504058,
        78.76010791484549,
        78.76010060162126,
        78.76009320165156,
        78.7600857212537,
        78.76007816685726,
        78.76007054494784,
        78.76006286201738,
        78.76005512466851,
        78.76004733952348,
        78.76003951323199,
        78.76003165251338,
        78.76002376405842,
        78.76001585466062,
        78.76000793104734,
        78.76000000000025
      ]
    }
  },
  "initial_compressor_flow": {}
}
