{
  "time": 3540.000000000253,
  "initial_nodal_pressure": {
    "1": 6.5e6,
    "2": 6.472252544039804e6
  },
  "initial_pipe_pressure": {
    "1": {
      "distance": [
        0.0,
        377.35849056603774,
        754.7169811320755,
        1132.0754716981132,
        1509.433962264151,
        1886.7924528301887,
        2264.1509433962265,
        2641.509433962264,
        3018.867924528302,
        3396.2264150943392,
        3773.5849056603774,
        4150.943396226416,
        4528.301886792453,
        4905.66037735849,
        5283.018867924528,
        5660.377358490566,
        6037.735849056604,
        6415.094339622641,
        6792.4528301886785,
        7169.811320754717,
        7547.169811320755,
        7924.528301886793,
        8301.886792452831,
        8679.245283018869,
        9056.603773584906,
        9433.962264150943,
        9811.32075471698,
        10188.67924528302,
        10566.037735849057,
        10943.396226415094,
        11320.754716981131,
        11698.113207547169,
        12075.471698113208,
        12452.830188679245,
        12830.188679245282,
        13207.54716981132,
        13584.905660377357,
        13962.264150943396,
        14339.622641509433,
        14716.98113207547,
        15094.33962264151,
        15471.698113207549,
        15849.056603773586,
        16226.415094339623,
        16603.773584905663,
        16981.132075471698,
        17358.490566037737,
        17735.849056603773,
        18113.20754716981,
        18490.56603773585,
        18867.924528301886,
        19245.283018867925,
        19622.64150943396,
        20000.0
      ],
      "value": [
        6.5e6,
        6.499477559511481e6,
        6.4989550770248985e6,
        6.4984325525302e6,
        6.497909986017345e6,
        6.497387377476281e6,
        6.496864726896943e6,
        6.496342034269271e6,
        6.495819299583211e6,
        6.495296522828664e6,
        6.494773703995594e6,
        6.494250843073888e6,
        6.493727940053477e6,
        6.493204994924267e6,
        6.492682007676158e6,
        6.492158978299073e6,
        6.491635906782867e6,
        6.491112793117473e6,
        6.49058963729274e6,
        6.490066439298576e6,
        6.489543199124841e6,
        6.489019916761402e6,
        6.4884965921981335e6,
        6.487973225424888e6,
        6.487449816431505e6,
        6.486926365207848e6,
        6.48640287174375e6,
        6.4858793360290555e6,
        6.485355758053578e6,
        6.484832137807151e6,
        6.48430847527959e6,
        6.483784770460707e6,
        6.483261023340305e6,
        6.482737233908188e6,
        6.482213402154137e6,
        6.481689528067957e6,
        6.481165611639415e6,
        6.480641652858291e6,
        6.480117651714352e6,
        6.479593608197346e6,
        6.479069522297058e6,
        6.478545394003212e6,
        6.478021223305556e6,
        6.477497010193826e6,
        6.476972754657768e6,
        6.476448456687071e6,
        6.475924116271486e6,
        6.475399733400695e6,
        6.474875308064423e6,
        6.474350840252342e6,
        6.473826329954169e6,
        6.473301777159567e6,
        6.47277718185822e6,
        6.472252544039804e6
      ]
    }
  },
  "initial_pipe_flow": {
    "1": {
      "distance": [
        0.0,
        188.67924528301887,
        566.0377358490566,
        943.3962264150944,
        1320.754716981132,
        1698.11320754717,
        2075.471698113208,
        2452.830188679245,
        2830.188679245283,
        3207.547169811321,
        3584.905660377359,
        3962.2641509433965,
        4339.622641509433,
        4716.981132075472,
        5094.33962264151,
        5471.698113207547,
        5849.056603773583,
        6226.4150943396235,
        6603.77358490566,
        6981.132075471699,
        7358.490566037735,
        7735.849056603773,
        8113.207547169812,
        8490.566037735849,
        8867.924528301886,
        9245.283018867925,
        9622.641509433963,
        10000.0,
        10377.358490566037,
        10754.716981132075,
        11132.075471698116,
        11509.43396226415,
        11886.792452830188,
        12264.150943396227,
        12641.509433962261,
        13018.867924528302,
        13396.226415094341,
        13773.584905660378,
        14150.943396226414,
        14528.301886792451,
        14905.660377358492,
        15283.018867924528,
        15660.377358490565,
        16037.735849056604,
        16415.094339622643,
        16792.45283018868,
        17169.811320754718,
        17547.169811320757,
        17924.528301886792,
        18301.88679245283,
        18679.245283018867,
        19056.60377358491,
        19433.96226415094,
        19811.32075471698,
        20000.0
      ],
      "value": [
        78.76001307030675,
        78.76001294269965,
        78.76001293156916,
        78.7600129093395,
        78.76001287600481,
        78.76001283160444,
        78.7600127761757,
        78.76001270975713,
        78.76001263240968,
        78.76001254420892,
        78.76001244519088,
        78.76001233549856,
        78.76001221516105,
        78.76001208432218,
        78.76001194308743,
        78.76001179154841,
        78.76001162987642,
        78.76001145816217,
        78.76001127660804,
        78.76001108530237,
        78.76001088445582,
        78.760010674227,
        78.76001045478485,
        78.76001022632354,
        78.76000998905332,
        78.76000974314033,
        78.76000948882736,
        78.76000922631899,
        78.76000895583437,
        78.76000867761488,
        78.76000839188649,
        78.76000809891084,
        78.76000779892958,
        78.76000749219142,
        78.76000717898079,
        78.76000685953949,
        78.76000653416168,
        78.76000620312443,
        78.76000586670284,
        78.7600055252107,
        78.76000517888299,
        78.76000482808858,
        78.76000447308847,
        78.76000411419916,
        78.76000375171724,
        78.76000338599582,
        78.76000301728811,
        78.7600026459691,
        78.76000227231359,
        78.76000189669402,
        78.76000151937828,
        78.76000114073486,
        78.7600007610667,
        78.76000038071274,
        78.76000000000022
      ]
    }
  },
  "initial_compressor_flow": {}
}
