{
  "time": 899.9999999999902,
  "initial_nodal_pressure": {
    "1": 6.500000000000002e6,
    "2": 4.090923977281373e6
  },
  "initial_pipe_pressure": {
    "1": {
      "distance": [
        0.0,
        1000.0,
        2000.0,
        3000.0,
        4000.0,
        5000.0,
        6000.0,
        7000.0,
        8000.0,
        9000.0,
        10000.0,
        11000.0,
        12000.0,
        13000.0,
        14000.0,
        15000.0,
        16000.0,
        17000.0,
        18000.0,
        19000.0,
        20000.0
      ],
      "value": [
        6.500000000000002e6,
        6.418779649101141e6,
        6.336316757951012e6,
        6.252325504591637e6,
        6.166423935963642e6,
        6.078354070245041e6,
        5.987723110363994e6,
        5.894052845700295e6,
        5.797007619349529e6,
        5.696022330362923e6,
        5.590495929861855e6,
        5.47994859363913e6,
        5.363528577078705e6,
        5.240454212220728e6,
        5.10997405483565e6,
        4.970726869425292e6,
        4.821610070951167e6,
        4.661316885125071e6,
        4.487463638335768e6,
        4.298216875188701e6,
        4.090923977281373e6
      ]
    }
  },
  "initial_pipe_flow": {
    "1": {
      "distance": [
        0.0,
        1000.0,
        2000.0,
        3000.0,
        4000.0,
        5000.0,
        6000.0,
        7000.0,
        8000.0,
        9000.0,
        10000.0,
        11000.0,
        12000.0,
        13000.0,
        14000.0,
        15000.0,
        16000.0,
        17000.0,
        18000.0,
        19000.0,
        20000.0
      ],
      "value": [
        597.7063079837524,
        598.6883264261916,
        599.97766744402,
        602.1517627125113,
        605.2080801511089,
        609.1940950622737,
        614.1041142983242,
        619.9363877186748,
        626.7416669469246,
        634.4948482734654,
        643.1957014856125,
        652.8978146606345,
        663.5564384405486,
        675.1804744744805,
        687.8054353632386,
        701.3894416003254,
        715.9459884000945,
        731.4964222721943,
        748.0092073192477,
        765.5142087614423,
        787.6299999999993
      ]
    }
  },
  "initial_compressor_flow": {}
}
