{
  "time": 1079.9999999999845,
  "initial_nodal_pressure": {
    "1": 6.5e6,
    "2": 3.6105334838581034e6
  },
  "initial_pipe_pressure": {
    "1": {
      "distance": [
        0.0,
        377.35849056603774,
        754.7169811320755,
        1132.0754716981132,
        1509.433962264151,
        1886.7924528301887,
        2264.1509433962265,
        2641.509433962264,
        3018.867924528302,
        3396.2264150943392,
        3773.5849056603774,
        4150.943396226416,
        4528.301886792453,
        4905.66037735849,
        5283.018867924528,
        5660.377358490566,
        6037.735849056604,
        6415.094339622641,
        6792.4528301886785,
        7169.811320754717,
        7547.169811320755,
        7924.528301886793,
        8301.886792452831,
        8679.245283018869,
        9056.603773584906,
        9433.962264150943,
        9811.32075471698,
        10188.67924528302,
        10566.037735849057,
        10943.396226415094,
        11320.754716981131,
        11698.113207547169,
        12075.471698113208,
        12452.830188679245,
        12830.188679245282,
        13207.54716981132,
        13584.905660377357,
        13962.264150943396,
        14339.622641509433,
        14716.98113207547,
        15094.33962264151,
        15471.698113207549,
        15849.056603773586,
        16226.415094339623,
        16603.773584905663,
        16981.132075471698,
        17358.490566037737,
        17735.849056603773,
        18113.20754716981,
        18490.56603773585,
        18867.924528301886,
        19245.283018867925,
        19622.64150943396,
        20000.0
      ],
      "value": [
        6.5e6,
        6.461792322727553e6,
        6.423350438149904e6,
        6.384662038272234e6,
        6.345714389465547e6,
        6.3064943134781895e6,
        6.266988167102008e6,
        6.227181820382235e6,
        6.187060633248935e6,
        6.146609430435176e6,
        6.105812474532749e6,
        6.064653437020212e6,
        6.023115367079905e6,
        5.981180657999943e6,
        5.938831010933997e6,
        5.896047395765236e6,
        5.852810008790653e6,
        5.809098226907857e6,
        5.764890557947031e6,
        5.720164586746079e6,
        5.674896916515267e6,
        5.629063104978494e6,
        5.582637594709715e6,
        5.535593637003925e6,
        5.487903208530029e6,
        5.439536919905975e6,
        5.390463915211392e6,
        5.340651761306638e6,
        5.290066325654911e6,
        5.238671641141074e6,
        5.186429756140361e6,
        5.133300567804346e6,
        5.079241636190491e6,
        5.024207976452763e6,
        4.968151825818638e6,
        4.9110223814825155e6,
        4.852765504821702e6,
        4.79332338645691e6,
        4.732634165592252e6,
        4.670631495726682e6,
        4.607244047158186e6,
        4.542394934611021e6,
        4.476001055680029e6,
        4.407972322438385e6,
        4.338210764269681e6,
        4.266609474453047e6,
        4.1930513658232414e6,
        4.1174076913474062e6,
        4.0395362728581065e6,
        3.959279364238843e6,
        3.876461052297243e6,
        3.790884066750693e6,
        3.702325826226421e6,
        3.6105334838581034e6
      ]
    }
  },
  "initial_pipe_flow": {
    "1": {
      "distance": [
        0.0,
        188.67924528301887,
        566.0377358490566,
        943.3962264150944,
        1320.754716981132,
        1698.11320754717,
        2075.471698113208,
        2452.830188679245,
        2830.188679245283,
        3207.547169811321,
        3584.905660377359,
        3962.2641509433965,
        4339.622641509433,
        4716.981132075472,
        5094.33962264151,
        5471.698113207547,
        5849.056603773583,
        6226.4150943396235,
        6603.77358490566,
        6981.132075471699,
        7358.490566037735,
        7735.849056603773,
        8113.207547169812,
        8490.566037735849,
        8867.924528301886,
        9245.283018867925,
        9622.641509433963,
        10000.0,
        10377.358490566037,
        10754.716981132075,
        11132.075471698116,
        11509.43396226415,
        11886.792452830188,
        12264.150943396227,
        12641.509433962261,
        13018.867924528302,
        13396.226415094341,
        13773.584905660378,
        14150.943396226414,
        14528.301886792451,
        14905.660377358492,
        15283.018867924528,
        15660.377358490565,
        16037.735849056604,
        16415.094339622643,
        16792.45283018868,
        17169.811320754718,
        17547.169811320757,
        17924.528301886792,
        18301.88679245283,
        18679.245283018867,
        19056.60377358491,
        19433.96226415094,
        19811.32075471698,
        20000.0
      ],
      "value": [
        670.9454586071403,
        671.2360116698546,
        671.3062988708081,
        671.4476802203451,
        671.6609450931496,
        671.9468652755284,
        672.306194967152,
        672.7396708013732,
        673.2480118854218,
        673.8319198622634,
        674.49207899622,
        675.2291562847676,
        676.0438015993533,
        676.9366478586005,
        677.9083112377973,
        678.9593914190913,
        680.0904718876756,
        681.302120279858,
        682.5948887900156,
        683.9693146442785,
        685.4259206501886,
        686.9652158327455,
        688.5876961690687,
        690.2938454355567,
        692.0841361836949,
        693.9590308630916,
        695.9189831132949,
        697.9644392492773,
        700.095839969639,
        702.3136223211646,
        704.6182219591732,
        707.0100757497037,
        709.4896247676267,
        712.0573177544098,
        714.7136151109295,
        717.4589935145942,
        720.2939512675059,
        723.2190145029483,
        726.2347444036474,
        729.3417456168686,
        732.5406760914552,
        735.8322586114379,
        739.2172943639291,
        742.6966789588372,
        746.2714214201395,
        749.9426668007789,
        753.711723245155,
        757.5800945496059,
        761.5495195717489,
        765.6220202433561,
        769.799960489487,
        774.0861191117025,
        778.483780745741,
        782.9968504962224,
        787.6299999999998
      ]
    }
  },
  "initial_compressor_flow": {}
}
