{
  "time": 839.999999999992,
  "initial_nodal_pressure": {
    "1": 6.499999999999999e6,
    "2": 4.307905333742766e6
  },
  "initial_pipe_pressure": {
    "1": {
      "distance": [
        0.0,
        377.35849056603774,
        754.7169811320755,
        1132.0754716981132,
        1509.433962264151,
        1886.7924528301887,
        2264.1509433962265,
        2641.509433962264,
        3018.867924528302,
        3396.2264150943392,
        3773.5849056603774,
        4150.943396226416,
        4528.301886792453,
        4905.66037735849,
        5283.018867924528,
        5660.377358490566,
        6037.735849056604,
        6415.094339622641,
        6792.4528301886785,
        7169.811320754717,
        7547.169811320755,
        7924.528301886793,
        8301.886792452831,
        8679.245283018869,
        9056.603773584906,
        9433.962264150943,
        9811.32075471698,
        10188.67924528302,
        10566.037735849057,
        10943.396226415094,
        11320.754716981131,
        11698.113207547169,
        12075.471698113208,
        12452.830188679245,
        12830.188679245282,
        13207.54716981132,
        13584.905660377357,
        13962.264150943396,
        14339.622641509433,
        14716.98113207547,
        15094.33962264151,
        15471.698113207549,
        15849.056603773586,
        16226.415094339623,
        16603.773584905663,
        16981.132075471698,
        17358.490566037737,
        17735.849056603773,
        18113.20754716981,
        18490.56603773585,
        18867.924528301886,
        19245.283018867925,
        19622.64150943396,
        20000.0
      ],
      "value": [
        6.499999999999999e6,
        6.473191616015174e6,
        6.446259785083253e6,
        6.4191890363084925e6,
        6.391963493822216e6,
        6.364566856207257e6,
        6.3369823742679935e6,
        6.309192827738754e6,
        6.281180499978054e6,
        6.25292715120384e6,
        6.224413989890533e6,
        6.195621642458217e6,
        6.1665301204687385e6,
        6.13711878628002e6,
        6.107366316115325e6,
        6.077250660341212e6,
        6.046749001748123e6,
        6.015837710548108e6,
        5.9844922960872e6,
        5.952687355499749e6,
        5.920396518997441e6,
        5.887592389903869e6,
        5.854246481722733e6,
        5.820329149727905e6,
        5.785809516935332e6,
        5.750655394534833e6,
        5.714833196213696e6,
        5.678307844601681e6,
        5.641042669457904e6,
        5.602999298164964e6,
        5.564137535032901e6,
        5.524415229443454e6,
        5.48378813141437e6,
        5.442209733664505e6,
        5.399631096012262e6,
        5.356000651618901e6,
        5.311263992920064e6,
        5.265363633009213e6,
        5.218238738813462e6,
        5.169824831823548e6,
        5.120053453337717e6,
        5.068851785648785e6,
        5.01614222239984e6,
        4.961841879636528e6,
        4.905862038224121e6,
        4.8481075040457165e6,
        4.788475868442962e6,
        4.726856650982262e6,
        4.663130300611269e6,
        4.597167025754754e6,
        4.528825413574409e6,
        4.4579507896787785e6,
        4.384373257037509e6,
        4.307905333742766e6
      ]
    }
  },
  "initial_pipe_flow": {
    "1": {
      "distance": [
        0.0,
        188.67924528301887,
        566.0377358490566,
        943.3962264150944,
        1320.754716981132,
        1698.11320754717,
        2075.471698113208,
        2452.830188679245,
        2830.188679245283,
        3207.547169811321,
        3584.905660377359,
        3962.2641509433965,
        4339.622641509433,
        4716.981132075472,
        5094.33962264151,
        5471.698113207547,
        5849.056603773583,
        6226.4150943396235,
        6603.77358490566,
        6981.132075471699,
        7358.490566037735,
        7735.849056603773,
        8113.207547169812,
        8490.566037735849,
        8867.924528301886,
        9245.283018867925,
        9622.641509433963,
        10000.0,
        10377.358490566037,
        10754.716981132075,
        11132.075471698116,
        11509.43396226415,
        11886.792452830188,
        12264.150943396227,
        12641.509433962261,
        13018.867924528302,
        13396.226415094341,
        13773.584905660378,
        14150.943396226414,
        14528.301886792451,
        14905.660377358492,
        15283.018867924528,
        15660.377358490565,
        16037.735849056604,
        16415.094339622643,
        16792.45283018868,
        17169.811320754718,
        17547.169811320757,
        17924.528301886792,
        18301.88679245283,
        18679.245283018867,
        19056.60377358491,
        19433.96226415094,
        19811.32075471698,
        20000.0
      ],
      "value": [
        558.7313406192635,
        559.4753521624227,
        559.6228970831551,
        559.919168250011,
        560.3653084756875,
        560.9624231434881,
        561.7115808556352,
        562.6138133732095,
        563.6701168109604,
        564.8814513740177,
        566.2487416430506,
        567.7728767492166,
        569.4547104683736,
        571.2950604516203,
        573.2947087090633,
        575.4544008454329,
        577.7748452922847,
        580.2567131717199,
        582.9006374643886,
        585.7072117820601,
        588.6769896473871,
        591.8104841525986,
        595.1081653839753,
        598.5704604232293,
        602.1977519813341,
        605.9903765791465,
        609.948623161666,
        614.0727327313487,
        618.3628962301093,
        622.8192527073552,
        627.4418894387411,
        632.230840202849,
        637.1860839718594,
        642.3075439507711,
        647.5950886227719,
        653.0485302249318,
        658.6676247060059,
        664.452073353622,
        670.4015245524452,
        676.5155753522642,
        682.7937734091569,
        689.2356229534214,
        695.8405904192718,
        702.6081109661515,
        709.5375965506969,
        716.6284484546645,
        723.8800731127345,
        731.2918990607382,
        738.8633981711241,
        746.5941128775014,
        754.4836918194449,
        762.5319325350505,
        770.738832679323,
        779.1046535510767,
        787.6299999999998
      ]
    }
  },
  "initial_compressor_flow": {}
}
