{
  "time": 1139.9999999999825,
  "initial_nodal_pressure": {
    "1": 6.5e6,
    "2": 3.4901727107518963e6
  },
  "initial_pipe_pressure": {
    "1": {
      "distance": [
        0.0,
        1000.0,
        2000.0,
        3000.0,
        4000.0,
        5000.0,
        6000.0,
        7000.0,
        8000.0,
        9000.0,
        10000.0,
        11000.0,
        12000.0,
        13000.0,
        14000.0,
        15000.0,
        16000.0,
        17000.0,
        18000.0,
        19000.0,
        20000.0
      ],
      "value": [
        6.5e6,
        6.393388785258996e6,
        6.284873188089416e6,
        6.174208051201332e6,
        6.061038217506547e6,
        5.945176514753317e6,
        5.826266960230616e6,
        5.7038671342146015e6,
        5.577699155277304e6,
        5.447228970412974e6,
        5.311890107952212e6,
        5.171240946024109e6,
        5.024441741074341e6,
        4.870718791227313e6,
        4.709311018435876e6,
        4.53879740535012e6,
        4.357980646437803e6,
        4.165388497516061e6,
        3.9582956889811186e6,
        3.7343806018106253e6,
        3.4901727107518963e6
      ]
    }
  },
  "initial_pipe_flow": {
    "1": {
      "distance": [
        0.0,
        1000.0,
        2000.0,
        3000.0,
        4000.0,
        5000.0,
        6000.0,
        7000.0,
        8000.0,
        9000.0,
        10000.0,
        11000.0,
        12000.0,
        13000.0,
        14000.0,
        15000.0,
        16000.0,
        17000.0,
        18000.0,
        19000.0,
        20000.0
      ],
      "value": [
        686.8490214221487,
        687.2970256430808,
        687.939080686632,
        689.0259142772328,
        690.5596366438236,
        692.5679779933467,
        695.0518589305607,
        698.0141755371812,
        701.4856381870825,
        705.4577739219279,
        709.9353505651934,
        714.9530975901702,
        720.493691332387,
        726.5697404275052,
        733.211150364269,
        740.4062112342091,
        748.1773512770756,
        756.5571101372757,
        765.550620115493,
        775.2093594984643,
        787.6299999999999
      ]
    }
  },
  "initial_compressor_flow": {}
}
