{
  "time": 779.999999999994,
  "initial_nodal_pressure": {
    "1": 6.5e6,
    "2": 4.568622648813908e6
  },
  "initial_pipe_pressure": {
    "1": {
      "distance": [
        0.0,
        377.35849056603774,
        754.7169811320755,
        1132.0754716981132,
        1509.433962264151,
        1886.7924528301887,
        2264.1509433962265,
        2641.509433962264,
        3018.867924528302,
        3396.2264150943392,
        3773.5849056603774,
        4150.943396226416,
        4528.301886792453,
        4905.66037735849,
        5283.018867924528,
        5660.377358490566,
        6037.735849056604,
        6415.094339622641,
        6792.4528301886785,
        7169.811320754717,
        7547.169811320755,
        7924.528301886793,
        8301.886792452831,
        8679.245283018869,
        9056.603773584906,
        9433.962264150943,
        9811.32075471698,
        10188.67924528302,
        10566.037735849057,
        10943.396226415094,
        11320.754716981131,
        11698.113207547169,
        12075.471698113208,
        12452.830188679245,
        12830.188679245282,
        13207.54716981132,
        13584.905660377357,
        13962.264150943396,
        14339.622641509433,
        14716.98113207547,
        15094.33962264151,
        15471.698113207549,
        15849.056603773586,
        16226.415094339623,
        16603.773584905663,
        16981.132075471698,
        17358.490566037737,
        17735.849056603773,
        18113.20754716981,
        18490.56603773585,
        18867.924528301886,
        19245.283018867925,
        19622.64150943396,
        20000.0
      ],
      "value": [
        6.5e6,
        6.477753244067342e6,
        6.45541611666548e6,
        6.432972064865336e6,
        6.410404482928206e6,
        6.387696518764214e6,
        6.364830651115248e6,
        6.341788680076738e6,
        6.318551845839349e6,
        6.295101076094538e6,
        6.271416787118726e6,
        6.247478693270527e6,
        6.223265805808627e6,
        6.198756529129156e6,
        6.173928697797455e6,
        6.148759275903843e6,
        6.123224422981169e6,
        6.0972994486555075e6,
        6.070958864222427e6,
        6.044176143145776e6,
        6.016923692329521e6,
        5.98917295206481e6,
        5.960894139384907e6,
        5.93205627923528e6,
        5.902627026939903e6,
        5.87257277123139e6,
        5.841858333041558e6,
        5.810446951119148e6,
        5.778300295023882e6,
        5.745378117092137e6,
        5.711638358869687e6,
        5.677036860409916e6,
        5.641527331561888e6,
        5.605061104015701e6,
        5.567587001835091e6,
        5.529051232334254e6,
        5.489396965395504e6,
        5.44856439897995e6,
        5.406490268798174e6,
        5.363107652378383e6,
        5.318345766414243e6,
        5.272129388293814e6,
        5.224378714993172e6,
        5.175008757364349e6,
        5.123928883029325e6,
        5.071042318907657e6,
        5.016245370558558e6,
        4.959426810993888e6,
        4.900466915206892e6,
        4.83923650065079e6,
        4.775595758416186e6,
        4.709392816716455e6,
        4.640462171554375e6,
        4.568622648813908e6
      ]
    }
  },
  "initial_pipe_flow": {
    "1": {
      "distance": [
        0.0,
        188.67924528301887,
        566.0377358490566,
        943.3962264150944,
        1320.754716981132,
        1698.11320754717,
        2075.471698113208,
        2452.830188679245,
        2830.188679245283,
        3207.547169811321,
        3584.905660377359,
        3962.2641509433965,
        4339.622641509433,
        4716.981132075472,
        5094.33962264151,
        5471.698113207547,
        5849.056603773583,
        6226.4150943396235,
        6603.77358490566,
        6981.132075471699,
        7358.490566037735,
        7735.849056603773,
        8113.207547169812,
        8490.566037735849,
        8867.924528301886,
        9245.283018867925,
        9622.641509433963,
        10000.0,
        10377.358490566037,
        10754.716981132075,
        11132.075471698116,
        11509.43396226415,
        11886.792452830188,
        12264.150943396227,
        12641.509433962261,
        13018.867924528302,
        13396.226415094341,
        13773.584905660378,
        14150.943396226414,
        14528.301886792451,
        14905.660377358492,
        15283.018867924528,
        15660.377358490565,
        16037.735849056604,
        16415.094339622643,
        16792.45283018868,
        17169.811320754718,
        17547.169811320757,
        17924.528301886792,
        18301.88679245283,
        18679.245283018867,
        19056.60377358491,
        19433.96226415094,
        19811.32075471698,
        20000.0
      ],
      "value": [
        506.16456877580845,
        507.18947071690786,
        507.3721721552933,
        507.73870358642404,
        508.2900531394446,
        509.0271376559964,
        509.9512388696015,
        511.0638586983659,
        512.3664665341101,
        513.8599999140124,
        515.5452847689811,
        517.4232783959379,
        519.4951339047379,
        521.7618258416963,
        524.2241048294529,
        526.8828821405278,
        529.7390815756247,
        532.7936303728155,
        536.0471786204661,
        539.500572207174,
        543.1546198718006,
        547.0099893560002,
        551.0673374975634,
        555.3272824716394,
        559.7905145104745,
        564.4573997564532,
        569.3285106168906,
        574.4042529897922,
        579.6849088040093,
        585.1707989290047,
        590.8620630873392,
        596.7588746951773,
        602.8611330667154,
        609.1688644948313,
        615.6818297276475,
        622.3996777955812,
        629.3221258632808,
        636.4484872885461,
        643.7782014699483,
        651.3104446219055,
        659.0442421499669,
        666.9785953663512,
        675.1122018709734,
        683.4437649392208,
        691.9717263052354,
        700.6944456653055,
        709.6101448144396,
        718.7168397070079,
        728.0125530738308,
        737.4950525181408,
        747.1621305251995,
        757.0114939107634,
        767.0407517964686,
        777.2476857299655,
        787.6300000000001
      ]
    }
  },
  "initial_compressor_flow": {}
}
