{
  "time": 959.9999999999883,
  "initial_nodal_pressure": {
    "1": 6.500000000000002e6,
    "2": 3.9066804672573516e6
  },
  "initial_pipe_pressure": {
    "1": {
      "distance": [
        0.0,
        377.35849056603774,
        754.7169811320755,
        1132.0754716981132,
        1509.433962264151,
        1886.7924528301887,
        2264.1509433962265,
        2641.509433962264,
        3018.867924528302,
        3396.2264150943392,
        3773.5849056603774,
        4150.943396226416,
        4528.301886792453,
        4905.66037735849,
        5283.018867924528,
        5660.377358490566,
        6037.735849056604,
        6415.094339622641,
        6792.4528301886785,
        7169.811320754717,
        7547.169811320755,
        7924.528301886793,
        8301.886792452831,
        8679.245283018869,
        9056.603773584906,
        9433.962264150943,
        9811.32075471698,
        10188.67924528302,
        10566.037735849057,
        10943.396226415094,
        11320.754716981131,
        11698.113207547169,
        12075.471698113208,
        12452.830188679245,
        12830.188679245282,
        13207.54716981132,
        13584.905660377357,
        13962.264150943396,
        14339.622641509433,
        14716.98113207547,
        15094.33962264151,
        15471.698113207549,
        15849.056603773586,
        16226.415094339623,
        16603.773584905663,
        16981.132075471698,
        17358.490566037737,
        17735.849056603773,
        18113.20754716981,
        18490.56603773585,
        18867.924528301886,
        19245.283018867925,
        19622.64150943396,
        20000.0
      ],
      "value": [
        6.500000000000002e6,
        6.466446109287017e6,
        6.432708035001712e6,
        6.398772206009351e6,
        6.364624627092687e6,
        6.330250860502721e6,
        6.295636006192778e6,
        6.260764680640632e6,
        6.225620994153923e6,
        6.190188526543474e6,
        6.15445030103737e6,
        6.118388756295088e6,
        6.081985716365997e6,
        6.045222358419468e6,
        6.008079178054549e6,
        5.970535951975379e6,
        5.932571697793757e6,
        5.8941646306921225e6,
        5.855292116648255e6,
        5.815930621886278e6,
        5.776055658176989e6,
        5.735641723562314e6,
        5.694662238023908e6,
        5.653089473552236e6,
        5.610894477999396e6,
        5.568046992013983e6,
        5.524515358257876e6,
        5.480266421989966e6,
        5.4352654219678985e6,
        5.389475870461654e6,
        5.3428594209880205e6,
        5.295375722156923e6,
        5.246982255762077e6,
        5.197634156941216e6,
        5.147284013864189e6,
        5.095881643967161e6,
        5.043373843221171e6,
        4.989704104281726e6,
        4.934812298585916e6,
        4.878634316509409e6,
        4.821101658522798e6,
        4.762140968835902e6,
        4.701673501213558e6,
        4.639614504384757e6,
        4.575872511614504e6,
        4.510348515382079e6,
        4.442935003464966e6,
        4.373514826726893e6,
        4.301959861084453e6,
        4.228129415824863e6,
        4.151868326739193e6,
        4.0730046540848576e6,
        3.991346880248815e6,
        3.9066804672573516e6
      ]
    }
  },
  "initial_pipe_flow": {
    "1": {
      "distance": [
        0.0,
        188.67924528301887,
        566.0377358490566,
        943.3962264150944,
        1320.754716981132,
        1698.11320754717,
        2075.471698113208,
        2452.830188679245,
        2830.188679245283,
        3207.547169811321,
        3584.905660377359,
        3962.2641509433965,
        4339.622641509433,
        4716.981132075472,
        5094.33962264151,
        5471.698113207547,
        5849.056603773583,
        6226.4150943396235,
        6603.77358490566,
        6981.132075471699,
        7358.490566037735,
        7735.849056603773,
        8113.207547169812,
        8490.566037735849,
        8867.924528301886,
        9245.283018867925,
        9622.641509433963,
        10000.0,
        10377.358490566037,
        10754.716981132075,
        11132.075471698116,
        11509.43396226415,
        11886.792452830188,
        12264.150943396227,
        12641.509433962261,
        13018.867924528302,
        13396.226415094341,
        13773.584905660378,
        14150.943396226414,
        14528.301886792451,
        14905.660377358492,
        15283.018867924528,
        15660.377358490565,
        16037.735849056604,
        16415.094339622643,
        16792.45283018868,
        17169.811320754718,
        17547.169811320757,
        17924.528301886792,
        18301.88679245283,
        18679.245283018867,
        19056.60377358491,
        19433.96226415094,
        19811.32075471698,
        20000.0
      ],
      "value": [
        627.769942138379,
        628.2126599380907,
        628.3123444640897,
        628.5127138354294,
        628.8147398534711,
        629.2193659108881,
        629.7275070981544,
        630.3400503068168,
        631.0578543294712,
        631.88174995675,
        632.81254007188,
        633.8509997440169,
        634.9978763217779,
        636.2538895291731,
        637.6197315665314,
        639.0960672198299,
        640.6835339824372,
        642.3827421942632,
        644.1942752040997,
        646.1186895622129,
        648.1565152511071,
        650.3082559642816,
        652.574389443762,
        654.9553678895729,
        657.4516184559931,
        660.0635438519771,
        662.7915230659588,
        665.6359122383744,
        668.5970457090076,
        671.675237270774,
        674.870781666594,
        678.1839563721064,
        681.6150237143655,
        685.1642333850506,
        688.8318254170402,
        692.6180337056061,
        696.5230901701885,
        700.5472296708004,
        704.6906958149413,
        708.9537478177909,
        713.3366686113321,
        717.8397744391807,
        722.4634262245136,
        727.2080430627868,
        732.0741182713283,
        737.0622385309015,
        742.1731067858634,
        747.4075697400613,
        752.7666510076962,
        758.251591271216,
        763.8638971876253,
        769.6054013084884,
        775.4783359920451,
        781.4854252691795,
        787.6300000000001
      ]
    }
  },
  "initial_compressor_flow": {}
}
