{
  "time": 779.999999999994,
  "initial_nodal_pressure": {
    "1": 6.5e6,
    "2": 4.56862264881391e6
  },
  "initial_pipe_pressure": {
    "1": {
      "distance": [
        0.0,
        1000.0,
        2000.0,
        3000.0,
        4000.0,
        5000.0,
        6000.0,
        7000.0,
        8000.0,
        9000.0,
        10000.0,
        11000.0,
        12000.0,
        13000.0,
        14000.0,
        15000.0,
        16000.0,
        17000.0,
        18000.0,
        19000.0,
        20000.0
      ],
      "value": [
        6.5e6,
        6.440827482995385e6,
        6.380836758469524e6,
        6.319713687551217e6,
        6.257053930809806e6,
        6.19254957129623e6,
        6.125777908273437e6,
        6.056228367630269e6,
        5.983517189528829e6,
        5.907041414784211e6,
        5.826152642080353e6,
        5.740317153358769e6,
        5.648629237331494e6,
        5.550245905559715e6,
        5.444356985961773e6,
        5.329536237905278e6,
        5.204630731941643e6,
        5.068302471490202e6,
        4.918154883942992e6,
        4.752424728821281e6,
        4.56862264881391e6
      ]
    }
  },
  "initial_pipe_flow": {
    "1": {
      "distance": [
        0.0,
        1000.0,
        2000.0,
        3000.0,
        4000.0,
        5000.0,
        6000.0,
        7000.0,
        8000.0,
        9000.0,
        10000.0,
        11000.0,
        12000.0,
        13000.0,
        14000.0,
        15000.0,
        16000.0,
        17000.0,
        18000.0,
        19000.0,
        20000.0
      ],
      "value": [
        506.1645687758085,
        507.82140601937465,
        509.76641862687796,
        513.0385565550669,
        517.6304639468183,
        523.6085350825131,
        530.960901094503,
        539.683274590404,
        549.8501330550939,
        561.4239243465657,
        574.4042529897897,
        588.8701206319225,
        604.7534524951512,
        622.0637853921861,
        640.8463157973877,
        661.0278304540639,
        682.6106086323961,
        705.5980801973293,
        729.909052962691,
        755.5340894029292,
        787.6300000000003
      ]
    }
  },
  "initial_compressor_flow": {}
}
