{
  "time": 1019.9999999999864,
  "initial_nodal_pressure": {
    "1": 6.5e6,
    "2": 3.748174999278133e6
  },
  "initial_pipe_pressure": {
    "1": {
      "distance": [
        0.0,
        377.35849056603774,
        754.7169811320755,
        1132.0754716981132,
        1509.433962264151,
        1886.7924528301887,
        2264.1509433962265,
        2641.509433962264,
        3018.867924528302,
        3396.2264150943392,
        3773.5849056603774,
        4150.943396226416,
        4528.301886792453,
        4905.66037735849,
        5283.018867924528,
        5660.377358490566,
        6037.735849056604,
        6415.094339622641,
        6792.4528301886785,
        7169.811320754717,
        7547.169811320755,
        7924.528301886793,
        8301.886792452831,
        8679.245283018869,
        9056.603773584906,
        9433.962264150943,
        9811.32075471698,
        10188.67924528302,
        10566.037735849057,
        10943.396226415094,
        11320.754716981131,
        11698.113207547169,
        12075.471698113208,
        12452.830188679245,
        12830.188679245282,
        13207.54716981132,
        13584.905660377357,
        13962.264150943396,
        14339.622641509433,
        14716.98113207547,
        15094.33962264151,
        15471.698113207549,
        15849.056603773586,
        16226.415094339623,
        16603.773584905663,
        16981.132075471698,
        17358.490566037737,
        17735.849056603773,
        18113.20754716981,
        18490.56603773585,
        18867.924528301886,
        19245.283018867925,
        19622.64150943396,
        20000.0
      ],
      "value": [
        6.5e6,
        6.463916369699282e6,
        6.427622199730582e6,
        6.391104626728541e6,
        6.354350361642101e6,
        6.317345671149252e6,
        6.280076357751666e6,
        6.242527738445679e6,
        6.204684621855868e6,
        6.166531283705611e6,
        6.128051440486199e6,
        6.08922822117108e6,
        6.050044136805376e6,
        6.010481047781961e6,
        5.970520128594145e6,
        5.930141829830921e6,
        5.889325837153375e6,
        5.848051026959661e6,
        5.80629541841042e6,
        5.764036121445865e6,
        5.7212492803791845e6,
        5.677910012597379e6,
        5.633992341839086e6,
        5.589469125447698e6,
        5.544311974915842e6,
        5.498491168941478e6,
        5.451975558104652e6,
        5.404732460143658e6,
        5.356727544657055e6,
        5.307924705878447e6,
        5.258285921959531e6,
        5.207771098946069e6,
        5.156337897333495e6,
        5.103941538732892e6,
        5.050534589751387e6,
        4.996066719676968e6,
        4.940484427935651e6,
        4.883730736532351e6,
        4.8257448417617725e6,
        4.76646171833827e6,
        4.705811667687159e6,
        4.643719800389652e6,
        4.580105440581185e6,
        4.514881437337172e6,
        4.447953364565452e6,
        4.379218586421979e6,
        4.30856515944884e6,
        4.235870535048725e6,
        4.1610000159227513e6,
        4.083804906809225e6,
        4.004120281973875e6,
        3.921762267527783e6,
        3.8365247029839912e6,
        3.748174999278133e6
      ]
    }
  },
  "initial_pipe_flow": {
    "1": {
      "distance": [
        0.0,
        188.67924528301887,
        566.0377358490566,
        943.3962264150944,
        1320.754716981132,
        1698.11320754717,
        2075.471698113208,
        2452.830188679245,
        2830.188679245283,
        3207.547169811321,
        3584.905660377359,
        3962.2641509433965,
        4339.622641509433,
        4716.981132075472,
        5094.33962264151,
        5471.698113207547,
        5849.056603773583,
        6226.4150943396235,
        6603.77358490566,
        6981.132075471699,
        7358.490566037735,
        7735.849056603773,
        8113.207547169812,
        8490.566037735849,
        8867.924528301886,
        9245.283018867925,
        9622.641509433963,
        10000.0,
        10377.358490566037,
        10754.716981132075,
        11132.075471698116,
        11509.43396226415,
        11886.792452830188,
        12264.150943396227,
        12641.509433962261,
        13018.867924528302,
        13396.226415094341,
        13773.584905660378,
        14150.943396226414,
        14528.301886792451,
        14905.660377358492,
        15283.018867924528,
        15660.377358490565,
        16037.735849056604,
        16415.094339622643,
        16792.45283018868,
        17169.811320754718,
        17547.169811320757,
        17924.528301886792,
        18301.88679245283,
        18679.245283018867,
        19056.60377358491,
        19433.96226415094,
        19811.32075471698,
        20000.0
      ],
      "value": [
        651.6230428607511,
        651.9785074501482,
        652.0618348635396,
        652.2293910306373,
        652.4820546877382,
        652.8206819850802,
        653.2461065158496,
        653.7591393569023,
        654.3605691219386,
        655.0511620284603,
        655.8316619798885,
        656.7027906648857,
        657.6652476761778,
        658.7197106517319,
        659.8668354417597,
        661.1072563055626,
        662.4415861429762,
        663.87041676604,
        665.39431921737,
        667.0138441428247,
        668.7295222271597,
        670.5418647029584,
        672.4513639444073,
        674.4584941596269,
        676.5637121971281,
        678.7674584846305,
        681.070158121136,
        683.4722221466676,
        685.9740490178467,
        688.5760263222269,
        691.2785327695376,
        694.0819405046673,
        696.9866177946574,
        699.992932151279,
        703.1012539617021,
        706.311960713023,
        709.6254419125478,
        713.0421048252056,
        716.5623811735264,
        720.1867349751274,
        723.9156717291143,
        727.7497492085297,
        731.6895901729167,
        735.7358973874069,
        739.8894714264162,
        744.1512318577797,
        748.5222425552556,
        753.003742085708,
        757.5971803785998,
        762.3042632325938,
        767.127006681475,
        772.0678038770078,
        777.1295080226294,
        782.3155361164104,
        787.6300000000003
      ]
    }
  },
  "initial_compressor_flow": {}
}
