{
  "time": 2640.000000000093,
  "initial_nodal_pressure": {
    "1": 6.5e6,
    "2": 6.472207013201777e6
  },
  "initial_pipe_pressure": {
    "1": {
      "distance": [
        0.0,
        377.35849056603774,
        754.7169811320755,
        1132.0754716981132,
        1509.433962264151,
        1886.7924528301887,
        2264.1509433962265,
        2641.509433962264,
        3018.867924528302,
        3396.2264150943392,
        3773.5849056603774,
        4150.943396226416,
        4528.301886792453,
        4905.66037735849,
        5283.018867924528,
        5660.377358490566,
        6037.735849056604,
        6415.094339622641,
        6792.4528301886785,
        7169.811320754717,
        7547.169811320755,
        7924.528301886793,
        8301.886792452831,
        8679.245283018869,
        9056.603773584906,
        9433.962264150943,
        9811.32075471698,
        10188.67924528302,
        10566.037735849057,
        10943.396226415094,
        11320.754716981131,
        11698.113207547169,
        12075.471698113208,
        12452.830188679245,
        12830.188679245282,
        13207.54716981132,
        13584.905660377357,
        13962.264150943396,
        14339.622641509433,
        14716.98113207547,
        15094.33962264151,
        15471.698113207549,
        15849.056603773586,
        16226.415094339623,
        16603.773584905663,
        16981.132075471698,
        17358.490566037737,
        17735.849056603773,
        18113.20754716981,
        18490.56603773585,
        18867.924528301886,
        19245.283018867925,
        19622.64150943396,
        20000.0
      ],
      "value": [
        6.5e6,
        6.4994762201000685e6,
        6.498952399606021e6,
        6.498428539655636e6,
        6.497904641384077e6,
        6.4973807059222665e6,
        6.496856734396952e6,
        6.496332727928591e6,
        6.4958086876318725e6,
        6.495284614613153e6,
        6.494760509971464e6,
        6.494236374795482e6,
        6.493712210164958e6,
        6.493188017147342e6,
        6.492663796799511e6,
        6.492139550164196e6,
        6.4916152782717915e6,
        6.491090982136874e6,
        6.490566662759803e6,
        6.490042321123582e6,
        6.489517958195044e6,
        6.488993574922218e6,
        6.488469172235008e6,
        6.487944751043151e6,
        6.487420312236264e6,
        6.486895856682528e6,
        6.486371385228033e6,
        6.485846898696209e6,
        6.485322397886531e6,
        6.48479788357453e6,
        6.484273356510123e6,
        6.483748817417939e6,
        6.483224266995521e6,
        6.482699705913723e6,
        6.482175134815074e6,
        6.48165055431398e6,
        6.48112596499545e6,
        6.480601367414965e6,
        6.480076762097718e6,
        6.479552149538035e6,
        6.479027530199161e6,
        6.478502904512311e6,
        6.477978272876894e6,
        6.4774536356592635e6,
        6.476928993193386e6,
        6.476404345779318e6,
        6.475879693684201e6,
        6.475355037140676e6,
        6.474830376347957e6,
        6.474305711470437e6,
        6.473781042638636e6,
        6.473256369948137e6,
        6.472731693460329e6,
        6.472207013201777e6
      ]
    }
  },
  "initial_pipe_flow": {
    "1": {
      "distance": [
        0.0,
        188.67924528301887,
        566.0377358490566,
        943.3962264150944,
        1320.754716981132,
        1698.11320754717,
        2075.471698113208,
        2452.830188679245,
        2830.188679245283,
        3207.547169811321,
        3584.905660377359,
        3962.2641509433965,
        4339.622641509433,
        4716.981132075472,
        5094.33962264151,
        5471.698113207547,
        5849.056603773583,
        6226.4150943396235,
        6603.77358490566,
        6981.132075471699,
        7358.490566037735,
        7735.849056603773,
        8113.207547169812,
        8490.566037735849,
        8867.924528301886,
        9245.283018867925,
        9622.641509433963,
        10000.0,
        10377.358490566037,
        10754.716981132075,
        11132.075471698116,
        11509.43396226415,
        11886.792452830188,
        12264.150943396227,
        12641.509433962261,
        13018.867924528302,
        13396.226415094341,
        13773.584905660378,
        14150.943396226414,
        14528.301886792451,
        14905.660377358492,
        15283.018867924528,
        15660.377358490565,
        16037.735849056604,
        16415.094339622643,
        16792.45283018868,
        17169.811320754718,
        17547.169811320757,
        17924.528301886792,
        18301.88679245283,
        18679.245283018867,
        19056.60377358491,
        19433.96226415094,
        19811.32075471698,
        20000.0
      ],
      "value": [
        78.41588136570839,
        78.42602311230971,
        78.4263103635512,
        78.42688466370096,
        78.42774556114819,
        78.42889235689645,
        78.43032410289038,
        78.432039605684,
        78.43403742405506,
        78.43631587423636,
        78.4388730268847,
        78.44170671379723,
        78.44481452445848,
        78.4481938138717,
        78.4518416990032,
        78.45575506740879,
        78.45993057394534,
        78.46436464974292,
        78.46905349960055,
        78.47399311084041,
        78.47917925176752,
        78.48460748015539,
        78.49027314284388,
        78.4961713837426,
        78.50229714469741,
        78.50864517284987,
        78.51521002283246,
        78.52198606340532,
        78.52896748099784,
        78.53614828565381,
        78.5435223157019,
        78.55108324331128,
        78.55882457989125,
        78.56673968154158,
        78.57482175496023,
        78.58306386295929,
        78.59145893065974,
        78.59999975116615,
        78.60867899197464,
        78.61748920087918,
        78.62642281248279,
        78.63547215429828,
        78.64462945345299,
        78.65388684289297,
        78.66323636821194,
        78.67266999405417,
        78.68217961100368,
        78.69175704211048,
        78.7013940499425,
        78.71108234312344,
        78.72081358353385,
        78.73057939292808,
        78.7403713601535,
        78.75018104791769,
        78.75999999999976
      ]
    }
  },
  "initial_compressor_flow": {}
}
