{
  "time": 3240.0000000001996,
  "initial_nodal_pressure": {
    "1": 6.5e6,
    "2": 6.472252337765064e6
  },
  "initial_pipe_pressure": {
    "1": {
      "distance": [
        0.0,
        1000.0,
        2000.0,
        3000.0,
        4000.0,
        5000.0,
        6000.0,
        7000.0,
        8000.0,
        9000.0,
        10000.0,
        11000.0,
        12000.0,
        13000.0,
        14000.0,
        15000.0,
        16000.0,
        17000.0,
        18000.0,
        19000.0,
        20000.0
      ],
      "value": [
        6.5e6,
        6.498615420122059e6,
        6.49723055043143e6,
        6.495845388741054e6,
        6.494459924451081e6,
        6.493074170076585e6,
        6.491688121319536e6,
        6.49030177176825e6,
        6.488915131838481e6,
        6.487528195111575e6,
        6.486140959366918e6,
        6.484753432913295e6,
        6.483365607201277e6,
        6.481977484206387e6,
        6.480589070123259e6,
        6.47920035426095e6,
        6.477811342799308e6,
        6.476422039811827e6,
        6.47503243245469e6,
        6.4736425311240135e6,
        6.472252337765064e6
      ]
    }
  },
  "initial_pipe_flow": {
    "1": {
      "distance": [
        0.0,
        1000.0,
        2000.0,
        3000.0,
        4000.0,
        5000.0,
        6000.0,
        7000.0,
        8000.0,
        9000.0,
        10000.0,
        11000.0,
        12000.0,
        13000.0,
        14000.0,
        15000.0,
        16000.0,
        17000.0,
        18000.0,
        19000.0,
        20000.0
      ],
      "value": [
        78.76026556661203,
        78.76026925642171,
        78.76026680528507,
        78.76026273295138,
        78.7602570977749,
        78.76024987814137,
        78.76024115187221,
        78.76023099133364,
        78.76021939812841,
        78.76020649291735,
        78.76019235955599,
        78.76017702577927,
        78.76016064221858,
        78.76014329612426,
        78.7601250622654,
        78.76010608654134,
        78.76008646930116,
        78.76006631933564,
        78.76004577426664,
        78.7600249473362,
        78.76000000000072
      ]
    }
  },
  "initial_compressor_flow": {}
}
