{
  "time": 2220.0000000000186,
  "initial_nodal_pressure": {
    "1": 6.5e6,
    "2": 6.462484789144756e6
  },
  "initial_pipe_pressure": {
    "1": {
      "distance": [
        0.0,
        377.35849056603774,
        754.7169811320755,
        1132.0754716981132,
        1509.433962264151,
        1886.7924528301887,
        2264.1509433962265,
        2641.509433962264,
        3018.867924528302,
        3396.2264150943392,
        3773.5849056603774,
        4150.943396226416,
        4528.301886792453,
        4905.66037735849,
        5283.018867924528,
        5660.377358490566,
        6037.735849056604,
        6415.094339622641,
        6792.4528301886785,
        7169.811320754717,
        7547.169811320755,
        7924.528301886793,
        8301.886792452831,
        8679.245283018869,
        9056.603773584906,
        9433.962264150943,
        9811.32075471698,
        10188.67924528302,
        10566.037735849057,
        10943.396226415094,
        11320.754716981131,
        11698.113207547169,
        12075.471698113208,
        12452.830188679245,
        12830.188679245282,
        13207.54716981132,
        13584.905660377357,
        13962.264150943396,
        14339.622641509433,
        14716.98113207547,
        15094.33962264151,
        15471.698113207549,
        15849.056603773586,
        16226.415094339623,
        16603.773584905663,
        16981.132075471698,
        17358.490566037737,
        17735.849056603773,
        18113.20754716981,
        18490.56603773585,
        18867.924528301886,
        19245.283018867925,
        19622.64150943396,
        20000.0
      ],
      "value": [
        6.5e6,
        6.499123164495404e6,
        6.498246716367709e6,
        6.497371265958824e6,
        6.496497419422872e6,
        6.495625776412746e6,
        6.494756927637518e6,
        6.493891452669505e6,
        6.493029917594797e6,
        6.492172872959128e6,
        6.491320851597429e6,
        6.490474366728003e6,
        6.489633910040914e6,
        6.488799949948414e6,
        6.487972929995986e6,
        6.487153267282142e6,
        6.486341351231636e6,
        6.485537542206849e6,
        6.484742170655113e6,
        6.483955535943718e6,
        6.483177905866523e6,
        6.482409515740858e6,
        6.481650568236176e6,
        6.480901232772154e6,
        6.48016164561794e6,
        6.479431909624278e6,
        6.478712094535769e6,
        6.478002237076716e6,
        6.477302341421291e6,
        6.476612379635284e6,
        6.475932292256949e6,
        6.475261989076125e6,
        6.474601349791101e6,
        6.473950225087356e6,
        6.473308437347429e6,
        6.472675781975759e6,
        6.472052028149131e6,
        6.471436920323904e6,
        6.470830179021219e6,
        6.470231502448442e6,
        6.469640567316639e6,
        6.469057030509927e6,
        6.468480529931979e6,
        6.467910686162756e6,
        6.467347103328799e6,
        6.466789370696044e6,
        6.466237063554094e6,
        6.465689744704694e6,
        6.465146965347211e6,
        6.464608266431631e6,
        6.464073179530416e6,
        6.463541228034159e6,
        6.463011927994028e6,
        6.462484789144756e6
      ]
    }
  },
  "initial_pipe_flow": {
    "1": {
      "distance": [
        0.0,
        188.67924528301887,
        566.0377358490566,
        943.3962264150944,
        1320.754716981132,
        1698.11320754717,
        2075.471698113208,
        2452.830188679245,
        2830.188679245283,
        3207.547169811321,
        3584.905660377359,
        3962.2641509433965,
        4339.622641509433,
        4716.981132075472,
        5094.33962264151,
        5471.698113207547,
        5849.056603773583,
        6226.4150943396235,
        6603.77358490566,
        6981.132075471699,
        7358.490566037735,
        7735.849056603773,
        8113.207547169812,
        8490.566037735849,
        8867.924528301886,
        9245.283018867925,
        9622.641509433963,
        10000.0,
        10377.358490566037,
        10754.716981132075,
        11132.075471698116,
        11509.43396226415,
        11886.792452830188,
        12264.150943396227,
        12641.509433962261,
        13018.867924528302,
        13396.226415094341,
        13773.584905660378,
        14150.943396226414,
        14528.301886792451,
        14905.660377358492,
        15283.018867924528,
        15660.377358490565,
        16037.735849056604,
        16415.094339622643,
        16792.45283018868,
        17169.811320754718,
        17547.169811320757,
        17924.528301886792,
        18301.88679245283,
        18679.245283018867,
        19056.60377358491,
        19433.96226415094,
        19811.32075471698,
        20000.0
      ],
      "value": [
        141.329318519329,
        139.95594261770012,
        139.89868710865792,
        139.78423514850644,
        139.61272852993886,
        139.3843912561917,
        139.09952888666336,
        138.7585274086956,
        138.36185203716153,
        137.91004555610493,
        137.40372654607987,
        136.84358728839064,
        136.2303914080449,
        135.56497143456235,
        134.8482258764989,
        134.08111651745446,
        133.26466497800956,
        132.39994979937748,
        131.488102590045,
        130.5303049209263,
        129.52778418809604,
        128.4818103220597,
        127.39369151905808,
        126.26477075588633,
        125.09642154501444,
        123.89004424934762,
        122.64706200231855,
        121.36891683315243,
        120.0570658627666,
        118.71297727340148,
        117.33812685446937,
        115.93399387688571,
        114.50205802248198,
        113.04379524545098,
        111.56067508459408,
        110.05415660825233,
        108.52568608276309,
        106.97669309874186,
        105.4085885549441,
        103.82276105618543,
        102.22057516644126,
        100.60336815045675,
        98.97244845504304,
        97.32909284340028,
        95.67454507105829,
        94.01001343735456,
        92.33666963359508,
        90.65564671216035,
        88.96803809277513,
        87.27489593185247,
        85.57723027766255,
        83.87600780936766,
        82.17215113316753,
        80.46653785364823,
        78.76000000000076
      ]
    }
  },
  "initial_compressor_flow": {}
}
