{
  "time": 3000.000000000157,
  "initial_nodal_pressure": {
    "1": 6.499999999999999e6,
    "2": 6.472250276685609e6
  },
  "initial_pipe_pressure": {
    "1": {
      "distance": [
        0.0,
        1000.0,
        2000.0,
        3000.0,
        4000.0,
        5000.0,
        6000.0,
        7000.0,
        8000.0,
        9000.0,
        10000.0,
        11000.0,
        12000.0,
        13000.0,
        14000.0,
        15000.0,
        16000.0,
        17000.0,
        18000.0,
        19000.0,
        20000.0
      ],
      "value": [
        6.499999999999998e6,
        6.498615260609241e6,
        6.497230232292917e6,
        6.4958449137913985e6,
        6.494459295563888e6,
        6.493073390931893e6,
        6.491687196537733e6,
        6.490300706987061e6,
        6.4889139333343115e6,
        6.487526870099172e6,
        6.486139515905119e6,
        6.484751879535559e6,
        6.483363953358228e6,
        6.481975739908437e6,
        6.4805872457005335e6,
        6.479198460915406e6,
        6.477809391927067e6,
        6.47642004298538e6,
        6.475030402043274e6,
        6.473640479280265e6,
        6.472250276685609e6
      ]
    }
  },
  "initial_pipe_flow": {
    "1": {
      "distance": [
        0.0,
        1000.0,
        2000.0,
        3000.0,
        4000.0,
        5000.0,
        6000.0,
        7000.0,
        8000.0,
        9000.0,
        10000.0,
        11000.0,
        12000.0,
        13000.0,
        14000.0,
        15000.0,
        16000.0,
        17000.0,
        18000.0,
        19000.0,
        20000.0
      ],
      "value": [
        78.76649086910453,
        78.76643772729547,
        78.76637919180997,
        78.7662819315495,
        78.76614733288481,
        78.76597486930352,
        78.76576639201622,
        78.76552362165079,
        78.76524658597245,
        78.76493816167118,
        78.7646003459783,
        78.76423379342583,
        78.76384210234272,
        78.76342735475285,
        78.76299133552726,
        78.76253753503362,
        78.76206835453243,
        78.76158639912333,
        78.7610949665491,
        78.76059677171996,
        78.75999999999904
      ]
    }
  },
  "initial_compressor_flow": {}
}
