{
  "time": 1859.9999999999595,
  "initial_nodal_pressure": {
    "1": 6.5e6,
    "2": 4.513853831393883e6
  },
  "initial_pipe_pressure": {
    "1": {
      "distance": [
        0.0,
        377.35849056603774,
        754.7169811320755,
        1132.0754716981132,
        1509.433962264151,
        1886.7924528301887,
        2264.1509433962265,
        2641.509433962264,
        3018.867924528302,
        3396.2264150943392,
        3773.5849056603774,
        4150.943396226416,
        4528.301886792453,
        4905.66037735849,
        5283.018867924528,
        5660.377358490566,
        6037.735849056604,
        6415.094339622641,
        6792.4528301886785,
        7169.811320754717,
        7547.169811320755,
        7924.528301886793,
        8301.886792452831,
        8679.245283018869,
        9056.603773584906,
        9433.962264150943,
        9811.32075471698,
        10188.67924528302,
        10566.037735849057,
        10943.396226415094,
        11320.754716981131,
        11698.113207547169,
        12075.471698113208,
        12452.830188679245,
        12830.188679245282,
        13207.54716981132,
        13584.905660377357,
        13962.264150943396,
        14339.622641509433,
        14716.98113207547,
        15094.33962264151,
        15471.698113207549,
        15849.056603773586,
        16226.415094339623,
        16603.773584905663,
        16981.132075471698,
        17358.490566037737,
        17735.849056603773,
        18113.20754716981,
        18490.56603773585,
        18867.924528301886,
        19245.283018867925,
        19622.64150943396,
        20000.0
      ],
      "value": [
        6.5e6,
        6.450601768990411e6,
        6.400832286128596e6,
        6.350690049092447e6,
        6.300183805423853e6,
        6.249334118415612e6,
        6.198147677721605e6,
        6.146617605960099e6,
        6.094759035578366e6,
        6.042598477427668e6,
        5.990142444754727e6,
        5.937411251977935e6,
        5.884446184590364e6,
        5.831269734147931e6,
        5.777919944099783e6,
        5.724455185703894e6,
        5.670915216375825e6,
        5.617366828790068e6,
        5.563885610111852e6,
        5.510535352111748e6,
        5.457418343941923e6,
        5.404622959220277e6,
        5.35225169362813e6,
        5.300433227993035e6,
        5.249271041514086e6,
        5.198915326370145e6,
        5.149493600333009e6,
        5.101147573674954e6,
        5.054041615879747e6,
        5.008297095622466e6,
        4.96409758606183e6,
        4.921557463073105e6,
        4.880837854320763e6,
        4.842068340016864e6,
        4.8053470621238155e6,
        4.770824472777875e6,
        4.7385222785941735e6,
        4.708585076695617e6,
        4.680981080297382e6,
        4.655796496187522e6,
        4.632990489489908e6,
        4.612539924904845e6,
        4.5944310121065965e6,
        4.578512464679538e6,
        4.564801702302693e6,
        4.553044545364327e6,
        4.5432616056133425e6,
        4.535150084452563e6,
        4.528695170362058e6,
        4.523598876359126e6,
        4.519786997341507e6,
        4.516996104271691e6,
        4.515093377139688e6,
        4.513853831393883e6
      ]
    }
  },
  "initial_pipe_flow": {
    "1": {
      "distance": [
        0.0,
        188.67924528301887,
        566.0377358490566,
        943.3962264150944,
        1320.754716981132,
        1698.11320754717,
        2075.471698113208,
        2452.830188679245,
        2830.188679245283,
        3207.547169811321,
        3584.905660377359,
        3962.2641509433965,
        4339.622641509433,
        4716.981132075472,
        5094.33962264151,
        5471.698113207547,
        5849.056603773583,
        6226.4150943396235,
        6603.77358490566,
        6981.132075471699,
        7358.490566037735,
        7735.849056603773,
        8113.207547169812,
        8490.566037735849,
        8867.924528301886,
        9245.283018867925,
        9622.641509433963,
        10000.0,
        10377.358490566037,
        10754.716981132075,
        11132.075471698116,
        11509.43396226415,
        11886.792452830188,
        12264.150943396227,
        12641.509433962261,
        13018.867924528302,
        13396.226415094341,
        13773.584905660378,
        14150.943396226414,
        14528.301886792451,
        14905.660377358492,
        15283.018867924528,
        15660.377358490565,
        16037.735849056604,
        16415.094339622643,
        16792.45283018868,
        17169.811320754718,
        17547.169811320757,
        17924.528301886792,
        18301.88679245283,
        18679.245283018867,
        19056.60377358491,
        19433.96226415094,
        19811.32075471698,
        20000.0
      ],
      "value": [
        764.9024528864196,
        764.80239877092,
        764.7174355407137,
        764.5739518607479,
        764.377117744876,
        764.0976055118035,
        763.7220245652862,
        763.2611411878639,
        762.6889641269643,
        761.9596213871147,
        761.0681635390486,
        759.9936364916609,
        758.6798358513392,
        757.1107605142416,
        755.2553790521827,
        753.0500887215071,
        750.4755042231993,
        747.4796079366349,
        743.9993668854503,
        740.0114661990815,
        735.4380728952564,
        730.2345343243531,
        724.3567605045578,
        717.7203286752216,
        710.3056545780189,
        702.0295881711833,
        692.8519071742102,
        682.7378147694632,
        671.6066726140913,
        659.474668285136,
        646.253439040199,
        631.9664151833682,
        616.5799419549246,
        600.0729242689733,
        582.5101475196227,
        563.8125575434894,
        544.1294947478322,
        523.3701553328924,
        501.6952503772281,
        479.08680539936495,
        455.6248296302694,
        431.4338910593488,
        406.45982547161174,
        380.9755087509173,
        354.8115606346126,
        328.3226624625696,
        301.3006653392119,
        274.08243075417886,
        246.50359213061733,
        218.80731502293074,
        190.91307863789993,
        162.952129839534,
        134.91243739099036,
        106.84458198752438,
        78.7599999999995
      ]
    }
  },
  "initial_compressor_flow": {}
}
