{
  "time": 2640.000000000093,
  "initial_nodal_pressure": {
    "1": 6.5e6,
    "2": 6.472207013201776e6
  },
  "initial_pipe_pressure": {
    "1": {
      "distance": [
        0.0,
        1000.0,
        2000.0,
        3000.0,
        4000.0,
        5000.0,
        6000.0,
        7000.0,
        8000.0,
        9000.0,
        10000.0,
        11000.0,
        12000.0,
        13000.0,
        14000.0,
        15000.0,
        16000.0,
        17000.0,
        18000.0,
        19000.0,
        20000.0
      ],
      "value": [
        6.5e6,
        6.498611890638271e6,
        6.49722351446467e6,
        6.49583488964671e6,
        6.494446028865877e6,
        6.493056962060386e6,
        6.491667705461031e6,
        6.490278274859886e6,
        6.488888694384776e6,
        6.487498978057293e6,
        6.486109141962121e6,
        6.484719204514874e6,
        6.483329177080003e6,
        6.48193907358958e6,
        6.4805489068832435e6,
        6.479158685033883e6,
        6.4777684179898435e6,
        6.476378113174561e6,
        6.4749877745857695e6,
        6.4735974071969595e6,
        6.472207013201776e6
      ]
    }
  },
  "initial_pipe_flow": {
    "1": {
      "distance": [
        0.0,
        1000.0,
        2000.0,
        3000.0,
        4000.0,
        5000.0,
        6000.0,
        7000.0,
        8000.0,
        9000.0,
        10000.0,
        11000.0,
        12000.0,
        13000.0,
        14000.0,
        15000.0,
        16000.0,
        17000.0,
        18000.0,
        19000.0,
        20000.0
      ],
      "value": [
        78.41588136571443,
        78.42701379831928,
        78.43003775369247,
        78.43506272663863,
        78.44201749487021,
        78.45092972772375,
        78.46170420426316,
        78.47425241787565,
        78.4885734440408,
        78.50451895456271,
        78.52198606340833,
        78.54094140519581,
        78.56119911038272,
        78.58265175754718,
        78.60520729565425,
        78.62868514794052,
        78.65296110393436,
        78.67790028337582,
        78.7033317085859,
        78.72911452151735,
        78.75999999999868
      ]
    }
  },
  "initial_compressor_flow": {}
}
