{
  "time": 3060.000000000168,
  "initial_nodal_pressure": {
    "1": 6.5e6,
    "2": 6.472253662319887e6
  },
  "initial_pipe_pressure": {
    "1": {
      "distance": [
        0.0,
        1000.0,
        2000.0,
        3000.0,
        4000.0,
        5000.0,
        6000.0,
        7000.0,
        8000.0,
        9000.0,
        10000.0,
        11000.0,
        12000.0,
        13000.0,
        14000.0,
        15000.0,
        16000.0,
        17000.0,
        18000.0,
        19000.0,
        20000.0
      ],
      "value": [
        6.5e6,
        6.498615522793342e6,
        6.497230755169214e6,
        6.495845694347298e6,
        6.494460329049785e6,
        6.493074671278377e6,
        6.491688716133995e6,
        6.490302456554357e6,
        6.488915902548511e6,
        6.487529047097247e6,
        6.486141887439885e6,
        6.484754431582416e6,
        6.483366670387524e6,
        6.481978605472703e6,
        6.480590242828707e6,
        6.479201571206026e6,
        6.477812596661829e6,
        6.476423323158724e6,
        6.475033737344298e6,
        6.4736438497575745e6,
        6.472253662319887e6
      ]
    }
  },
  "initial_pipe_flow": {
    "1": {
      "distance": [
        0.0,
        1000.0,
        2000.0,
        3000.0,
        4000.0,
        5000.0,
        6000.0,
        7000.0,
        8000.0,
        9000.0,
        10000.0,
        11000.0,
        12000.0,
        13000.0,
        14000.0,
        15000.0,
        16000.0,
        17000.0,
        18000.0,
        19000.0,
        20000.0
      ],
      "value": [
        78.76139275797534,
        78.76130095789769,
        78.76128919208615,
        78.76126963585959,
        78.7612425616088,
        78.76120785536888,
        78.76116588148535,
        78.76111697831318,
        78.76106114158058,
        78.76099894370442,
        78.76093078044426,
        78.76085677533844,
        78.76077765164423,
        78.76069382626889,
        78.76060565652648,
        78.76051385011304,
        78.76041889413695,
        78.76032131894534,
        78.76022179869578,
        78.76012088947152,
        78.75999999999988
      ]
    }
  },
  "initial_compressor_flow": {}
}
