{
  "time": 2099.9999999999977,
  "initial_nodal_pressure": {
    "1": 6.5e6,
    "2": 6.215895954964579e6
  },
  "initial_pipe_pressure": {
    "1": {
      "distance": [
        0.0,
        377.35849056603774,
        754.7169811320755,
        1132.0754716981132,
        1509.433962264151,
        1886.7924528301887,
        2264.1509433962265,
        2641.509433962264,
        3018.867924528302,
        3396.2264150943392,
        3773.5849056603774,
        4150.943396226416,
        4528.301886792453,
        4905.66037735849,
        5283.018867924528,
        5660.377358490566,
        6037.735849056604,
        6415.094339622641,
        6792.4528301886785,
        7169.811320754717,
        7547.169811320755,
        7924.528301886793,
        8301.886792452831,
        8679.245283018869,
        9056.603773584906,
        9433.962264150943,
        9811.32075471698,
        10188.67924528302,
        10566.037735849057,
        10943.396226415094,
        11320.754716981131,
        11698.113207547169,
        12075.471698113208,
        12452.830188679245,
        12830.188679245282,
        13207.54716981132,
        13584.905660377357,
        13962.264150943396,
        14339.622641509433,
        14716.98113207547,
        15094.33962264151,
        15471.698113207549,
        15849.056603773586,
        16226.415094339623,
        16603.773584905663,
        16981.132075471698,
        17358.490566037737,
        17735.849056603773,
        18113.20754716981,
        18490.56603773585,
        18867.924528301886,
        19245.283018867925,
        19622.64150943396,
        20000.0
      ],
      "value": [
        6.5e6,
        6.490571088822561e6,
        6.481141316214765e6,
        6.4717252392112035e6,
        6.462337428757767e6,
        6.452992410613935e6,
        6.443704605246157e6,
        6.43448826837272e6,
        6.4253574311171705e6,
        6.416325841723961e6,
        6.407406907788999e6,
        6.398613640660097e6,
        6.389958601577992e6,
        6.381453850199772e6,
        6.373110896381342e6,
        6.364940654173169e6,
        6.3569534007405685e6,
        6.349158737074539e6,
        6.341565555144468e6,
        6.3341820064681275e6,
        6.327015478103525e6,
        6.320072570104601e6,
        6.313359080402138e6,
        6.30687999197095e6,
        6.300639466181157e6,
        6.29464084019791e6,
        6.288886628023273e6,
        6.283378528183885e6,
        6.278117431542959e6,
        6.273103438761015e6,
        6.268335873964127e6,
        6.263813310819241e6,
        6.259533591323418e6,
        6.255493858738961e6,
        6.251690580938172e6,
        6.248119588023573e6,
        6.244776099794412e6,
        6.241654765697508e6,
        6.23874969594234e6,
        6.236054501573273e6,
        6.233562328581153e6,
        6.231265896248153e6,
        6.229157533327125e6,
        6.227229213367985e6,
        6.225472591705506e6,
        6.223879037064502e6,
        6.222439667876716e6,
        6.221145379956243e6,
        6.219986880576115e6,
        6.218954712372525e6,
        6.218039283689177e6,
        6.217230889041087e6,
        6.216519734480813e6,
        6.215895954964579e6
      ]
    }
  },
  "initial_pipe_flow": {
    "1": {
      "distance": [
        0.0,
        188.67924528301887,
        566.0377358490566,
        943.3962264150944,
        1320.754716981132,
        1698.11320754717,
        2075.471698113208,
        2452.830188679245,
        2830.188679245283,
        3207.547169811321,
        3584.905660377359,
        3962.2641509433965,
        4339.622641509433,
        4716.981132075472,
        5094.33962264151,
        5471.698113207547,
        5849.056603773583,
        6226.4150943396235,
        6603.77358490566,
        6981.132075471699,
        7358.490566037735,
        7735.849056603773,
        8113.207547169812,
        8490.566037735849,
        8867.924528301886,
        9245.283018867925,
        9622.641509433963,
        10000.0,
        10377.358490566037,
        10754.716981132075,
        11132.075471698116,
        11509.43396226415,
        11886.792452830188,
        12264.150943396227,
        12641.509433962261,
        13018.867924528302,
        13396.226415094341,
        13773.584905660378,
        14150.943396226414,
        14528.301886792451,
        14905.660377358492,
        15283.018867924528,
        15660.377358490565,
        16037.735849056604,
        16415.094339622643,
        16792.45283018868,
        17169.811320754718,
        17547.169811320757,
        17924.528301886792,
        18301.88679245283,
        18679.245283018867,
        19056.60377358491,
        19433.96226415094,
        19811.32075471698,
        20000.0
      ],
      "value": [
        355.5772070285254,
        353.54747865251164,
        353.2878731535929,
        352.7682906166246,
        351.988790386583,
        350.9498661948437,
        349.65244870395424,
        348.0979051860347,
        346.28803843588713,
        344.2250826976303,
        341.9116985063217,
        339.3509651017625,
        336.5463708547931,
        333.50180251628,
        330.22153109595314,
        326.71019826446246,
        322.9727978698678,
        319.0146596859001,
        314.84142720762424,
        310.4590387206938,
        305.87370244903553,
        301.09187469106223,
        296.120233785122,
        290.9656549728219,
        285.6351847549164,
        280.13601224794695,
        274.4754453504651,
        268.66087877218746,
        262.6997729024789,
        256.599619273075,
        250.36792234985938,
        244.01216387376823,
        237.53978700932012,
        230.95816156524603,
        224.27456938497286,
        217.49617269377237,
        210.62999933554323,
        203.6829163444747,
        196.66161383321008,
        189.57258525206856,
        182.42210926570525,
        175.21623731387703,
        167.9607735268493,
        160.66126920368058,
        153.32300157573718,
        145.95097396625425,
        138.54989471914075,
        131.12418125916795,
        123.67794073737284,
        116.21497599072187,
        108.73876935837141,
        101.25248867644896,
        93.75897537049245,
        86.26074894100924,
        78.76000000000032
      ]
    }
  },
  "initial_compressor_flow": {}
}
