{
  "time": 2099.9999999999977,
  "initial_nodal_pressure": {
    "1": 6.5e6,
    "2": 6.215895954964579e6
  },
  "initial_pipe_pressure": {
    "1": {
      "distance": [
        0.0,
        1000.0,
        2000.0,
        3000.0,
        4000.0,
        5000.0,
        6000.0,
        7000.0,
        8000.0,
        9000.0,
        10000.0,
        11000.0,
        12000.0,
        13000.0,
        14000.0,
        15000.0,
        16000.0,
        17000.0,
        18000.0,
        19000.0,
        20000.0
      ],
      "value": [
        6.5e6,
        6.47502086616245e6,
        6.4502060690036025e6,
        6.425813972979944e6,
        6.402130947511657e6,
        6.379368111745165e6,
        6.35775212608383e6,
        6.337504603372481e6,
        6.318729872164109e6,
        6.301575545049626e6,
        6.286132578103579e6,
        6.272388304041481e6,
        6.2603895352225825e6,
        6.250083634126601e6,
        6.24136425872199e6,
        6.234185371829182e6,
        6.228386205343468e6,
        6.223807068605109e6,
        6.220334430390152e6,
        6.217756345562345e6,
        6.215895954964579e6
      ]
    }
  },
  "initial_pipe_flow": {
    "1": {
      "distance": [
        0.0,
        1000.0,
        2000.0,
        3000.0,
        4000.0,
        5000.0,
        6000.0,
        7000.0,
        8000.0,
        9000.0,
        10000.0,
        11000.0,
        12000.0,
        13000.0,
        14000.0,
        15000.0,
        16000.0,
        17000.0,
        18000.0,
        19000.0,
        20000.0
      ],
      "value": [
        355.57720702852396,
        352.65136558211896,
        349.91193220212836,
        345.35970835367823,
        339.0705056770602,
        331.04159895103635,
        321.3895425962781,
        310.22977190710526,
        297.61172605690604,
        283.7104743774767,
        268.660878772186,
        252.5490162729859,
        235.56529937609892,
        217.8350925283281,
        199.47013483771357,
        180.62064127775255,
        161.39121963598944,
        141.8803803803399,
        122.18534778803794,
        102.37543077873595,
        78.75999999999958
      ]
    }
  },
  "initial_compressor_flow": {}
}
