{
  "time": 2940.0000000001464,
  "initial_nodal_pressure": {
    "1": 6.5e6,
    "2": 6.472246692927279e6
  },
  "initial_pipe_pressure": {
    "1": {
      "distance": [
        0.0,
        377.35849056603774,
        754.7169811320755,
        1132.0754716981132,
        1509.433962264151,
        1886.7924528301887,
        2264.1509433962265,
        2641.509433962264,
        3018.867924528302,
        3396.2264150943392,
        3773.5849056603774,
        4150.943396226416,
        4528.301886792453,
        4905.66037735849,
        5283.018867924528,
        5660.377358490566,
        6037.735849056604,
        6415.094339622641,
        6792.4528301886785,
        7169.811320754717,
        7547.169811320755,
        7924.528301886793,
        8301.886792452831,
        8679.245283018869,
        9056.603773584906,
        9433.962264150943,
        9811.32075471698,
        10188.67924528302,
        10566.037735849057,
        10943.396226415094,
        11320.754716981131,
        11698.113207547169,
        12075.471698113208,
        12452.830188679245,
        12830.188679245282,
        13207.54716981132,
        13584.905660377357,
        13962.264150943396,
        14339.622641509433,
        14716.98113207547,
        15094.33962264151,
        15471.698113207549,
        15849.056603773586,
        16226.415094339623,
        16603.773584905663,
        16981.132075471698,
        17358.490566037737,
        17735.849056603773,
        18113.20754716981,
        18490.56603773585,
        18867.924528301886,
        19245.283018867925,
        19622.64150943396,
        20000.0
      ],
      "value": [
        6.5e6,
        6.499477388293386e6,
        6.498954734723352e6,
        6.498432039426623e6,
        6.497909302539681e6,
        6.497386524198654e6,
        6.4968637045392115e6,
        6.496340843696402e6,
        6.495817941804578e6,
        6.495294998997223e6,
        6.494772015406885e6,
        6.494248991165021e6,
        6.493725926401876e6,
        6.493202821246396e6,
        6.492679675826079e6,
        6.492156490266863e6,
        6.491633264693023e6,
        6.491109999227041e6,
        6.49058669398953e6,
        6.490063349099037e6,
        6.489539964672056e6,
        6.489016540822789e6,
        6.488493077663133e6,
        6.487969575302538e6,
        6.487446033847896e6,
        6.486922453403462e6,
        6.486398834070721e6,
        6.485875175948316e6,
        6.485351479131963e6,
        6.484827743714298e6,
        6.484303969784874e6,
        6.483780157429982e6,
        6.483256306732624e6,
        6.482732417772425e6,
        6.482208490625507e6,
        6.481684525364478e6,
        6.481160522058287e6,
        6.480636480772224e6,
        6.480112401567774e6,
        6.479588284502622e6,
        6.479064129630541e6,
        6.478539937001373e6,
        6.478015706660914e6,
        6.477491438650948e6,
        6.4769671330091115e6,
        6.4764427897689175e6,
        6.475918408959655e6,
        6.475393990606424e6,
        6.474869534730023e6,
        6.474345041346978e6,
        6.473820510469492e6,
        6.4732959421054395e6,
        6.472771336258315e6,
        6.472246692927279e6
      ]
    }
  },
  "initial_pipe_flow": {
    "1": {
      "distance": [
        0.0,
        188.67924528301887,
        566.0377358490566,
        943.3962264150944,
        1320.754716981132,
        1698.11320754717,
        2075.471698113208,
        2452.830188679245,
        2830.188679245283,
        3207.547169811321,
        3584.905660377359,
        3962.2641509433965,
        4339.622641509433,
        4716.981132075472,
        5094.33962264151,
        5471.698113207547,
        5849.056603773583,
        6226.4150943396235,
        6603.77358490566,
        6981.132075471699,
        7358.490566037735,
        7735.849056603773,
        8113.207547169812,
        8490.566037735849,
        8867.924528301886,
        9245.283018867925,
        9622.641509433963,
        10000.0,
        10377.358490566037,
        10754.716981132075,
        11132.075471698116,
        11509.43396226415,
        11886.792452830188,
        12264.150943396227,
        12641.509433962261,
        13018.867924528302,
        13396.226415094341,
        13773.584905660378,
        14150.943396226414,
        14528.301886792451,
        14905.660377358492,
        15283.018867924528,
        15660.377358490565,
        16037.735849056604,
        16415.094339622643,
        16792.45283018868,
        17169.811320754718,
        17547.169811320757,
        17924.528301886792,
        18301.88679245283,
        18679.245283018867,
        19056.60377358491,
        19433.96226415094,
        19811.32075471698,
        20000.0
      ],
      "value": [
        78.75840124376043,
        78.75873245139866,
        78.75873352197696,
        78.75873566311144,
        78.75873887397343,
        78.75874315285326,
        78.75874849718498,
        78.7587549035815,
        78.75876236775015,
        78.75877088458995,
        78.75878044809366,
        78.75879105144352,
        78.75880268692526,
        78.75881534599228,
        78.75882901920386,
        78.75884369630735,
        78.75885936615684,
        78.7588760167772,
        78.75889363531778,
        78.75891220813432,
        78.75893172064887,
        78.75895215754699,
        78.75897350261019,
        78.75899573881806,
        78.75901884835012,
        78.75904281253807,
        78.75906761196316,
        78.75909322636446,
        78.75911963472439,
        78.75914681527361,
        78.75917474546775,
        78.75920340205286,
        78.759232761015,
        78.75926279763819,
        78.7592934865642,
        78.75932480170273,
        78.75935671635752,
        78.759389203185,
        78.759422234251,
        78.75945578101653,
        78.75948981440523,
        78.75952430479526,
        78.75955922207918,
        78.75959453563617,
        78.75963021443151,
        78.75966622699625,
        78.75970254147676,
        78.7597391256329,
        78.75977594695091,
        78.75981297259466,
        78.75985016945388,
        78.75988750419833,
        78.75992494335722,
        78.75996245321694,
        78.76000000000052
      ]
    }
  },
  "initial_compressor_flow": {}
}
