{
  "time": 2760.0000000001146,
  "initial_nodal_pressure": {
    "1": 6.5e6,
    "2": 6.472246932114973e6
  },
  "initial_pipe_pressure": {
    "1": {
      "distance": [
        0.0,
        377.35849056603774,
        754.7169811320755,
        1132.0754716981132,
        1509.433962264151,
        1886.7924528301887,
        2264.1509433962265,
        2641.509433962264,
        3018.867924528302,
        3396.2264150943392,
        3773.5849056603774,
        4150.943396226416,
        4528.301886792453,
        4905.66037735849,
        5283.018867924528,
        5660.377358490566,
        6037.735849056604,
        6415.094339622641,
        6792.4528301886785,
        7169.811320754717,
        7547.169811320755,
        7924.528301886793,
        8301.886792452831,
        8679.245283018869,
        9056.603773584906,
        9433.962264150943,
        9811.32075471698,
        10188.67924528302,
        10566.037735849057,
        10943.396226415094,
        11320.754716981131,
        11698.113207547169,
        12075.471698113208,
        12452.830188679245,
        12830.188679245282,
        13207.54716981132,
        13584.905660377357,
        13962.264150943396,
        14339.622641509433,
        14716.98113207547,
        15094.33962264151,
        15471.698113207549,
        15849.056603773586,
        16226.415094339623,
        16603.773584905663,
        16981.132075471698,
        17358.490566037737,
        17735.849056603773,
        18113.20754716981,
        18490.56603773585,
        18867.924528301886,
        19245.283018867925,
        19622.64150943396,
        20000.0
      ],
      "value": [
        6.5e6,
        6.499477396594832e6,
        6.498954751214192e6,
        6.49843206399144e6,
        6.497909335060029e6,
        6.497386564553315e6,
        6.496863752604462e6,
        6.496340899346222e6,
        6.495818004910818e6,
        6.495295069429824e6,
        6.494772093033921e6,
        6.494249075852882e6,
        6.493726018015273e6,
        6.493202919648504e6,
        6.492679780878424e6,
        6.492156601829543e6,
        6.491633382624445e6,
        6.491110123384198e6,
        6.490586824227619e6,
        6.49006348527183e6,
        6.489540106631384e6,
        6.489016688418973e6,
        6.488493230744468e6,
        6.487969733715669e6,
        6.487446197437354e6,
        6.486922622012018e6,
        6.486399007538967e6,
        6.485875354115021e6,
        6.485351661833675e6,
        6.484827930785728e6,
        6.484304161058568e6,
        6.483780352736655e6,
        6.483256505900996e6,
        6.482732620629456e6,
        6.482208696996394e6,
        6.481684735072856e6,
        6.481160734926356e6,
        6.480636696620889e6,
        6.480112620216938e6,
        6.479588505771258e6,
        6.479064353337156e6,
        6.478540162964002e6,
        6.478015934697747e6,
        6.477491668580274e6,
        6.476967364650033e6,
        6.47644302294132e6,
        6.475918643484964e6,
        6.475394226307593e6,
        6.474869771432303e6,
        6.474345278877984e6,
        6.473820748659904e6,
        6.473296180789153e6,
        6.472771575273094e6,
        6.472246932114973e6
      ]
    }
  },
  "initial_pipe_flow": {
    "1": {
      "distance": [
        0.0,
        188.67924528301887,
        566.0377358490566,
        943.3962264150944,
        1320.754716981132,
        1698.11320754717,
        2075.471698113208,
        2452.830188679245,
        2830.188679245283,
        3207.547169811321,
        3584.905660377359,
        3962.2641509433965,
        4339.622641509433,
        4716.981132075472,
        5094.33962264151,
        5471.698113207547,
        5849.056603773583,
        6226.4150943396235,
        6603.77358490566,
        6981.132075471699,
        7358.490566037735,
        7735.849056603773,
        8113.207547169812,
        8490.566037735849,
        8867.924528301886,
        9245.283018867925,
        9622.641509433963,
        10000.0,
        10377.358490566037,
        10754.716981132075,
        11132.075471698116,
        11509.43396226415,
        11886.792452830188,
        12264.150943396227,
        12641.509433962261,
        13018.867924528302,
        13396.226415094341,
        13773.584905660378,
        14150.943396226414,
        14528.301886792451,
        14905.660377358492,
        15283.018867924528,
        15660.377358490565,
        16037.735849056604,
        16415.094339622643,
        16792.45283018868,
        17169.811320754718,
        17547.169811320757,
        17924.528301886792,
        18301.88679245283,
        18679.245283018867,
        19056.60377358491,
        19433.96226415094,
        19811.32075471698,
        20000.0
      ],
      "value": [
        78.86174806439264,
        78.85970477188079,
        78.85961893014989,
        78.85944730974717,
        78.85919004832441,
        78.85884735819155,
        78.85841952587603,
        78.8579069121864,
        78.85730995154573,
        78.85662915189258,
        78.85586509402218,
        78.85501843114815,
        78.85408988830841,
        78.8530802615732,
        78.8519904175949,
        78.85082129234512,
        78.84957389092236,
        78.84824928578742,
        78.84684861678559,
        78.84537308890937,
        78.84382397262716,
        78.84220260107998,
        78.84051037067903,
        78.83874873794517,
        78.8369192201122,
        78.83502339188159,
        78.83306288580923,
        78.83103938914502,
        78.82895464392452,
        78.82681044391742,
        78.82460863445037,
        78.82235110949738,
        78.82003981110377,
        78.81767672683074,
        78.81526388864388,
        78.81280337068362,
        78.8102972878031,
        78.80774779356675,
        78.80515707834483,
        78.80252736772145,
        78.79986092007894,
        78.79716002535842,
        78.79442700227112,
        78.79166419732847,
        78.78887398174425,
        78.78605875055719,
        78.78322091950642,
        78.78036292412295,
        78.77748721656624,
        78.77459626463468,
        78.77169254872494,
        78.76877856064081,
        78.76585680075065,
        78.7629297765314,
        78.75999999999986
      ]
    }
  },
  "initial_compressor_flow": {}
}
