{
  "time": 3600.0000000002633,
  "initial_nodal_pressure": {
    "1": 6.5e6,
    "2": 6.472252550048329e6
  },
  "initial_pipe_pressure": {
    "1": {
      "distance": [
        0.0,
        377.35849056603774,
        754.7169811320755,
        1132.0754716981132,
        1509.433962264151,
        1886.7924528301887,
        2264.1509433962265,
        2641.509433962264,
        3018.867924528302,
        3396.2264150943392,
        3773.5849056603774,
        4150.943396226416,
        4528.301886792453,
        4905.66037735849,
        5283.018867924528,
        5660.377358490566,
        6037.735849056604,
        6415.094339622641,
        6792.4528301886785,
        7169.811320754717,
        7547.169811320755,
        7924.528301886793,
        8301.886792452831,
        8679.245283018869,
        9056.603773584906,
        9433.962264150943,
        9811.32075471698,
        10188.67924528302,
        10566.037735849057,
        10943.396226415094,
        11320.754716981131,
        11698.113207547169,
        12075.471698113208,
        12452.830188679245,
        12830.188679245282,
        13207.54716981132,
        13584.905660377357,
        13962.264150943396,
        14339.622641509433,
        14716.98113207547,
        15094.33962264151,
        15471.698113207549,
        15849.056603773586,
        16226.415094339623,
        16603.773584905663,
        16981.132075471698,
        17358.490566037737,
        17735.849056603773,
        18113.20754716981,
        18490.56603773585,
        18867.924528301886,
        19245.283018867925,
        19622.64150943396,
        20000.0
      ],
      "value": [
        6.5e6,
        6.499477559687229e6,
        6.49895507737627e6,
        6.498432553056921e6,
        6.497909986718983e6,
        6.497387378352256e6,
        6.496864727946527e6,
        6.496342035491584e6,
        6.495819300977223e6,
        6.495296524393206e6,
        6.494773705729323e6,
        6.494250844975341e6,
        6.493727942121045e6,
        6.493204997156185e6,
        6.492682010070531e6,
        6.492158980853836e6,
        6.491635909495867e6,
        6.491112795986375e6,
        6.490589640315104e6,
        6.490066442471807e6,
        6.489543202446222e6,
        6.4890199202280985e6,
        6.488496595807173e6,
        6.487973229173165e6,
        6.487449820315828e6,
        6.48692636922488e6,
        6.486402875890045e6,
        6.485879340301056e6,
        6.485355762447619e6,
        6.484832142319467e6,
        6.484308479906306e6,
        6.483784775197849e6,
        6.4832610281838095e6,
        6.482737238853888e6,
        6.482213407197802e6,
        6.481689533205237e6,
        6.481165616865906e6,
        6.480641658169499e6,
        6.480117657105715e6,
        6.4795936136642415e6,
        6.479069527834765e6,
        6.478545399606985e6,
        6.478021228970579e6,
        6.477497015915227e6,
        6.476972760430618e6,
        6.476448462506415e6,
        6.475924122132306e6,
        6.475399739297963e6,
        6.474875313993052e6,
        6.474350846207245e6,
        6.473826335930205e6,
        6.473301783151599e6,
        6.472777187861088e6,
        6.472252550048329e6
      ]
    }
  },
  "initial_pipe_flow": {
    "1": {
      "distance": [
        0.0,
        188.67924528301887,
        566.0377358490566,
        943.3962264150944,
        1320.754716981132,
        1698.11320754717,
        2075.471698113208,
        2452.830188679245,
        2830.188679245283,
        3207.547169811321,
        3584.905660377359,
        3962.2641509433965,
        4339.622641509433,
        4716.981132075472,
        5094.33962264151,
        5471.698113207547,
        5849.056603773583,
        6226.4150943396235,
        6603.77358490566,
        6981.132075471699,
        7358.490566037735,
        7735.849056603773,
        8113.207547169812,
        8490.566037735849,
        8867.924528301886,
        9245.283018867925,
        9622.641509433963,
        10000.0,
        10377.358490566037,
        10754.716981132075,
        11132.075471698116,
        11509.43396226415,
        11886.792452830188,
        12264.150943396227,
        12641.509433962261,
        13018.867924528302,
        13396.226415094341,
        13773.584905660378,
        14150.943396226414,
        14528.301886792451,
        14905.660377358492,
        15283.018867924528,
        15660.377358490565,
        16037.735849056604,
        16415.094339622643,
        16792.45283018868,
        17169.811320754718,
        17547.169811320757,
        17924.528301886792,
        18301.88679245283,
        18679.245283018867,
        19056.60377358491,
        19433.96226415094,
        19811.32075471698,
        20000.0
      ],
      "value": [
        78.76000155198437,
        78.76000138492519,
        78.76000138374252,
        78.76000138138511,
        78.76000137784139,
        78.76000137312525,
        78.76000136723195,
        78.76000136016852,
        78.76000135193726,
        78.76000134256267,
        78.76000133203415,
        78.76000132036337,
        78.76000130754375,
        78.7600012936211,
        78.76000127857736,
        78.76000126244863,
        78.76000124521774,
        78.76000122691256,
        78.7600012075712,
        78.76000118717387,
        78.760001165758,
        78.76000114332894,
        78.76000111990982,
        78.76000109554148,
        78.76000107020097,
        78.76000104393924,
        78.76000101678697,
        78.7600009887248,
        78.76000095983574,
        78.76000093008005,
        78.7600008995356,
        78.76000086820264,
        78.76000083611459,
        78.76000080329374,
        78.76000076976973,
        78.7600007355869,
        78.76000070073633,
        78.76000066528441,
        78.7600006292412,
        78.76000059266025,
        78.76000055554486,
        78.76000051794192,
        78.76000047989191,
        78.76000044141217,
        78.7600004025395,
        78.76000036332078,
        78.76000032376639,
        78.76000028393474,
        78.76000024384759,
        78.76000020354138,
        78.76000016305531,
        78.76000012242226,
        78.76000008167311,
        78.76000004086265,
        78.75999999999964
      ]
    }
  },
  "initial_compressor_flow": {}
}
