{
  "time": 1079.9999999999845,
  "initial_nodal_pressure": {
    "1": 6.5e6,
    "2": 3.6105334838581034e6
  },
  "initial_pipe_pressure": {
    "1": {
      "distance": [
        0.0,
        1000.0,
        2000.0,
        3000.0,
        4000.0,
        5000.0,
        6000.0,
        7000.0,
        8000.0,
        9000.0,
        10000.0,
        11000.0,
        12000.0,
        13000.0,
        14000.0,
        15000.0,
        16000.0,
        17000.0,
        18000.0,
        19000.0,
        20000.0
      ],
      "value": [
        6.5e6,
        6.398202978229417e6,
        6.294642469565336e6,
        6.189066692605603e6,
        6.081117052025229e6,
        5.970593246233458e6,
        5.857133747488112e6,
        5.7402912737865085e6,
        5.619778002924738e6,
        5.495056772801113e6,
        5.365557838259014e6,
        5.230835358390967e6,
        5.090053422513262e6,
        4.942443575867382e6,
        4.7872544643704435e6,
        4.623090909300311e6,
        4.448789562383372e6,
        4.262931569021558e6,
        4.062897698404896e6,
        3.8465091073559513e6,
        3.6105334838581034e6
      ]
    }
  },
  "initial_pipe_flow": {
    "1": {
      "distance": [
        0.0,
        1000.0,
        2000.0,
        3000.0,
        4000.0,
        5000.0,
        6000.0,
        7000.0,
        8000.0,
        9000.0,
        10000.0,
        11000.0,
        12000.0,
        13000.0,
        14000.0,
        15000.0,
        16000.0,
        17000.0,
        18000.0,
        19000.0,
        20000.0
      ],
      "value": [
        670.9454586071432,
        671.4796699512622,
        672.2343290288273,
        673.5107704750001,
        675.3106208162278,
        677.665395392998,
        680.5751312445492,
        684.0421449445781,
        688.100952068174,
        692.7403493214842,
        697.9644392492798,
        703.8116120858696,
        710.2599326636612,
        717.3217245944078,
        725.0284524433661,
        733.3635717214489,
        742.3487404993474,
        752.0156478451865,
        762.3640197060728,
        773.4431953183704,
        787.63
      ]
    }
  },
  "initial_compressor_flow": {}
}
