{
  "time": 1619.9999999999673,
  "initial_nodal_pressure": {
    "1": 6.5e6,
    "2": 2.912043950741882e6
  },
  "initial_pipe_pressure": {
    "1": {
      "distance": [
        0.0,
        1000.0,
        2000.0,
        3000.0,
        4000.0,
        5000.0,
        6000.0,
        7000.0,
        8000.0,
        9000.0,
        10000.0,
        11000.0,
        12000.0,
        13000.0,
        14000.0,
        15000.0,
        16000.0,
        17000.0,
        18000.0,
        19000.0,
        20000.0
      ],
      "value": [
        6.5e6,
        6.37247250388886e6,
        6.242338653165237e6,
        6.1093687951457715e6,
        5.973204483025829e6,
        5.833705797658905e6,
        5.690522909221861e6,
        5.543211988093947e6,
        5.391523148099685e6,
        5.234906594912684e6,
        5.072776616031694e6,
        4.904679519822343e6,
        4.729702028909122e6,
        4.546985143991149e6,
        4.355652424101437e6,
        4.154035583231442e6,
        3.940634588406383e6,
        3.7135222364423266e6,
        3.4690775348890373e6,
        3.2037708230576445e6,
        2.912043950741882e6
      ]
    }
  },
  "initial_pipe_flow": {
    "1": {
      "distance": [
        0.0,
        1000.0,
        2000.0,
        3000.0,
        4000.0,
        5000.0,
        6000.0,
        7000.0,
        8000.0,
        9000.0,
        10000.0,
        11000.0,
        12000.0,
        13000.0,
        14000.0,
        15000.0,
        16000.0,
        17000.0,
        18000.0,
        19000.0,
        20000.0
      ],
      "value": [
        751.7019091222447,
        751.840684354558,
        752.0506723630862,
        752.4074331768333,
        752.9128401335842,
        753.5775204565396,
        754.4033694061296,
        755.3930592232341,
        756.5591766479105,
        757.901091047299,
        759.4229679433106,
        761.1403604644867,
        763.0505538262954,
        765.1622241676871,
        767.4918995802718,
        770.0411934632646,
        772.8264893636646,
        775.871369101763,
        779.1908898660058,
        782.8259236468865,
        787.6299999999998
      ]
    }
  },
  "initial_compressor_flow": {}
}
