{
  "time": 2700.0000000001037,
  "initial_nodal_pressure": {
    "1": 6.5e6,
    "2": 6.472141731866865e6
  },
  "initial_pipe_pressure": {
    "1": {
      "distance": [
        0.0,
        377.35849056603774,
        754.7169811320755,
        1132.0754716981132,
        1509.433962264151,
        1886.7924528301887,
        2264.1509433962265,
        2641.509433962264,
        3018.867924528302,
        3396.2264150943392,
        3773.5849056603774,
        4150.943396226416,
        4528.301886792453,
        4905.66037735849,
        5283.018867924528,
        5660.377358490566,
        6037.735849056604,
        6415.094339622641,
        6792.4528301886785,
        7169.811320754717,
        7547.169811320755,
        7924.528301886793,
        8301.886792452831,
        8679.245283018869,
        9056.603773584906,
        9433.962264150943,
        9811.32075471698,
        10188.67924528302,
        10566.037735849057,
        10943.396226415094,
        11320.754716981131,
        11698.113207547169,
        12075.471698113208,
        12452.830188679245,
        12830.188679245282,
        13207.54716981132,
        13584.905660377357,
        13962.264150943396,
        14339.622641509433,
        14716.98113207547,
        15094.33962264151,
        15471.698113207549,
        15849.056603773586,
        16226.415094339623,
        16603.773584905663,
        16981.132075471698,
        17358.490566037737,
        17735.849056603773,
        18113.20754716981,
        18490.56603773585,
        18867.924528301886,
        19245.283018867925,
        19622.64150943396,
        20000.0
      ],
      "value": [
        6.5e6,
        6.49947431945984e6,
        6.4989485993280625e6,
        6.498422842372192e6,
        6.4978970513559915e6,
        6.497371229036964e6,
        6.496845378164251e6,
        6.496319501476077e6,
        6.495793601697668e6,
        6.495267681538709e6,
        6.494741743691285e6,
        6.494215790827376e6,
        6.493689825596763e6,
        6.493163850624657e6,
        6.492637868509486e6,
        6.492111881820733e6,
        6.49158589309657e6,
        6.491059904841937e6,
        6.49053391952601e6,
        6.490007939580553e6,
        6.489481967397189e6,
        6.488956005326082e6,
        6.4884300556729585e6,
        6.487904120698178e6,
        6.487378202613529e6,
        6.486852303581567e6,
        6.48632642571239e6,
        6.485800571063072e6,
        6.485274741634544e6,
        6.484748939371075e6,
        6.484223166157287e6,
        6.483697423817631e6,
        6.483171714113675e6,
        6.482646038743465e6,
        6.482120399339147e6,
        6.481594797466125e6,
        6.481069234621221e6,
        6.480543712231474e6,
        6.480018231652859e6,
        6.479492794168809e6,
        6.4789674009894235e6,
        6.478442053249766e6,
        6.477916752009571e6,
        6.47739149825131e6,
        6.476866292880318e6,
        6.476341136722823e6,
        6.475816030526336e6,
        6.475290974957711e6,
        6.474765970603759e6,
        6.474241017969445e6,
        6.47371611747857e6,
        6.473191269472299e6,
        6.472666474209723e6,
        6.472141731866865e6
      ]
    }
  },
  "initial_pipe_flow": {
    "1": {
      "distance": [
        0.0,
        188.67924528301887,
        566.0377358490566,
        943.3962264150944,
        1320.754716981132,
        1698.11320754717,
        2075.471698113208,
        2452.830188679245,
        2830.188679245283,
        3207.547169811321,
        3584.905660377359,
        3962.2641509433965,
        4339.622641509433,
        4716.981132075472,
        5094.33962264151,
        5471.698113207547,
        5849.056603773583,
        6226.4150943396235,
        6603.77358490566,
        6981.132075471699,
        7358.490566037735,
        7735.849056603773,
        8113.207547169812,
        8490.566037735849,
        8867.924528301886,
        9245.283018867925,
        9622.641509433963,
        10000.0,
        10377.358490566037,
        10754.716981132075,
        11132.075471698116,
        11509.43396226415,
        11886.792452830188,
        12264.150943396227,
        12641.509433962261,
        13018.867924528302,
        13396.226415094341,
        13773.584905660378,
        14150.943396226414,
        14528.301886792451,
        14905.660377358492,
        15283.018867924528,
        15660.377358490565,
        16037.735849056604,
        16415.094339622643,
        16792.45283018868,
        17169.811320754718,
        17547.169811320757,
        17924.528301886792,
        18301.88679245283,
        18679.245283018867,
        19056.60377358491,
        19433.96226415094,
        19811.32075471698,
        20000.0
      ],
      "value": [
        78.86295885586217,
        78.86618143282473,
        78.8660898660149,
        78.86590681198332,
        78.86563242954973,
        78.86526695721804,
        78.8648107120542,
        78.86426409052358,
        78.86362756676913,
        78.8629016936264,
        78.86208710055567,
        78.86118449461655,
        78.86019465828133,
        78.8591184500806,
        78.8579568026338,
        78.85671072271774,
        78.85538128961805,
        78.8539696546236,
        78.85247703970329,
        78.85090473638475,
        78.84925410484864,
        78.84752657212715,
        78.8457236316505,
        78.84384684075796,
        78.84189782069116,
        78.83987825355624,
        78.83778988245164,
        78.83563450830061,
        78.8334139898077,
        78.83113024028185,
        78.82878522744869,
        78.82638097028234,
        78.82391953853815,
        78.82140304980045,
        78.81883366863572,
        78.8162136038701,
        78.81354510729109,
        78.81083047138151,
        78.80807202740797,
        78.80527214359793,
        78.8024332227254,
        78.79955770064348,
        78.79664804349322,
        78.79370674646324,
        78.79073633069677,
        78.78773934227445,
        78.7847183488775,
        78.78167593889482,
        78.77861471792104,
        78.7755373079402,
        78.77244634379556,
        78.76934447224347,
        78.76623434860174,
        78.76311863553003,
        78.76000000000043
      ]
    }
  },
  "initial_compressor_flow": {}
}
