{
  "time": 1319.9999999999768,
  "initial_nodal_pressure": {
    "1": 6.5e6,
    "2": 3.2081683343424024e6
  },
  "initial_pipe_pressure": {
    "1": {
      "distance": [
        0.0,
        1000.0,
        2000.0,
        3000.0,
        4000.0,
        5000.0,
        6000.0,
        7000.0,
        8000.0,
        9000.0,
        10000.0,
        11000.0,
        12000.0,
        13000.0,
        14000.0,
        15000.0,
        16000.0,
        17000.0,
        18000.0,
        19000.0,
        20000.0
      ],
      "value": [
        6.5e6,
        6.382713395492457e6,
        6.263182782546161e6,
        6.141174120680771e6,
        6.016334938079803e6,
        5.888504779757635e6,
        5.757335227289301e6,
        5.622388685347129e6,
        5.483405483422787e6,
        5.339850707351898e6,
        5.191156295520088e6,
        5.036882024520591e6,
        4.87616448148688e6,
        4.708201786969088e6,
        4.532192063089932e6,
        4.346621420679384e6,
        4.1501770683449632e6,
        3.9412113491755617e6,
        3.716653810697807e6,
        3.4737225746466443e6,
        3.2081683343424024e6
      ]
    }
  },
  "initial_pipe_flow": {
    "1": {
      "distance": [
        0.0,
        1000.0,
        2000.0,
        3000.0,
        4000.0,
        5000.0,
        6000.0,
        7000.0,
        8000.0,
        9000.0,
        10000.0,
        11000.0,
        12000.0,
        13000.0,
        14000.0,
        15000.0,
        16000.0,
        17000.0,
        18000.0,
        19000.0,
        20000.0
      ],
      "value": [
        720.7489190711576,
        721.0265547337827,
        721.4362401000259,
        722.1309934253046,
        723.1132776911298,
        724.4022333773298,
        725.9998969309734,
        727.9096601226512,
        730.1533802417046,
        732.7275041260742,
        735.637318979409,
        738.908600441407,
        742.5327481834277,
        746.5216276530938,
        750.8999614634623,
        755.6646804209947,
        760.8374571242686,
        766.449435455912,
        772.5142347554274,
        779.083129706047,
        787.63
      ]
    }
  },
  "initial_compressor_flow": {}
}
