{
  "time": 1679.9999999999654,
  "initial_nodal_pressure": {
    "1": 6.5e6,
    "2": 2.8702915332544036e6
  },
  "initial_pipe_pressure": {
    "1": {
      "distance": [
        0.0,
        377.35849056603774,
        754.7169811320755,
        1132.0754716981132,
        1509.433962264151,
        1886.7924528301887,
        2264.1509433962265,
        2641.509433962264,
        3018.867924528302,
        3396.2264150943392,
        3773.5849056603774,
        4150.943396226416,
        4528.301886792453,
        4905.66037735849,
        5283.018867924528,
        5660.377358490566,
        6037.735849056604,
        6415.094339622641,
        6792.4528301886785,
        7169.811320754717,
        7547.169811320755,
        7924.528301886793,
        8301.886792452831,
        8679.245283018869,
        9056.603773584906,
        9433.962264150943,
        9811.32075471698,
        10188.67924528302,
        10566.037735849057,
        10943.396226415094,
        11320.754716981131,
        11698.113207547169,
        12075.471698113208,
        12452.830188679245,
        12830.188679245282,
        13207.54716981132,
        13584.905660377357,
        13962.264150943396,
        14339.622641509433,
        14716.98113207547,
        15094.33962264151,
        15471.698113207549,
        15849.056603773586,
        16226.415094339623,
        16603.773584905663,
        16981.132075471698,
        17358.490566037737,
        17735.849056603773,
        18113.20754716981,
        18490.56603773585,
        18867.924528301886,
        19245.283018867925,
        19622.64150943396,
        20000.0
      ],
      "value": [
        6.5e6,
        6.451683669913756e6,
        6.403000832903425e6,
        6.353940816831039e6,
        6.304492517356921e6,
        6.254644374094017e6,
        6.204384344973067e6,
        6.1536998786507035e6,
        6.102577884773408e6,
        6.05100470188891e6,
        5.99896606277219e6,
        5.94644705690552e6,
        5.893432089820365e6,
        5.839904838972922e6,
        5.785848205783554e6,
        5.731244263423037e6,
        5.6760741998737445e6,
        5.620318255730754e6,
        5.563955656134798e6,
        5.50696453614408e6,
        5.449321858753112e6,
        5.391003324651296e6,
        5.331983272678504e6,
        5.272234569775786e6,
        5.21172848904124e6,
        5.150434574278482e6,
        5.0883204891599845e6,
        5.02535184881126e6,
        4.961492031241876e6,
        4.896701965591815e6,
        4.8309398936073305e6,
        4.764161100085935e6,
        4.696317607204829e6,
        4.627357826631444e6,
        4.557226162057744e6,
        4.485862553234311e6,
        4.413201950616862e6,
        4.339173707258913e6,
        4.263700871429882e6,
        4.1866993593922816e6,
        4.1080769825376724e6,
        4.0277322962471177e6,
        3.9455532288300497e6,
        3.861415436883787e6,
        3.775180317220089e6,
        3.686692583391791e6,
        3.5957772842456545e6,
        3.5022360989278215e6,
        3.4058426813628334e6,
        3.3063367379410868e6,
        3.203416389704593e6,
        3.0967281694285343e6,
        2.9858536915707686e6,
        2.8702915332544036e6
      ]
    }
  },
  "initial_pipe_flow": {
    "1": {
      "distance": [
        0.0,
        188.67924528301887,
        566.0377358490566,
        943.3962264150944,
        1320.754716981132,
        1698.11320754717,
        2075.471698113208,
        2452.830188679245,
        2830.188679245283,
        3207.547169811321,
        3584.905660377359,
        3962.2641509433965,
        4339.622641509433,
        4716.981132075472,
        5094.33962264151,
        5471.698113207547,
        5849.056603773583,
        6226.4150943396235,
        6603.77358490566,
        6981.132075471699,
        7358.490566037735,
        7735.849056603773,
        8113.207547169812,
        8490.566037735849,
        8867.924528301886,
        9245.283018867925,
        9622.641509433963,
        10000.0,
        10377.358490566037,
        10754.716981132075,
        11132.075471698116,
        11509.43396226415,
        11886.792452830188,
        12264.150943396227,
        12641.509433962261,
        13018.867924528302,
        13396.226415094341,
        13773.584905660378,
        14150.943396226414,
        14528.301886792451,
        14905.660377358492,
        15283.018867924528,
        15660.377358490565,
        16037.735849056604,
        16415.094339622643,
        16792.45283018868,
        17169.811320754718,
        17547.169811320757,
        17924.528301886792,
        18301.88679245283,
        18679.245283018867,
        19056.60377358491,
        19433.96226415094,
        19811.32075471698,
        20000.0
      ],
      "value": [
        755.7099876395268,
        755.7724453553114,
        755.7896084618253,
        755.8241873884001,
        755.8764340920758,
        755.9465998312658,
        756.0349352364501,
        756.141690394756,
        756.267114950092,
        756.4114582203161,
        756.574969333313,
        756.757897384001,
        756.9604916146175,
        757.1830016207622,
        757.4256775862938,
        757.6887705502058,
        757.9725327094153,
        758.2772177615919,
        758.6030812930412,
        758.9503812171133,
        759.3193782695635,
        759.7103365682136,
        760.1235242453754,
        760.55921416274,
        761.0176847201934,
        761.4992207715665,
        762.00411466288,
        762.532667410872,
        763.0851900431898,
        763.6620051250007,
        764.2634485017699,
        764.8898712932802,
        765.5416421810132,
        766.2191500393975,
        766.9228069719519,
        767.6530518262862,
        768.4103542784247,
        769.1952195973283,
        770.0081942269077,
        770.8498723562345,
        771.7209036920636,
        772.6220027043586,
        773.5539596896907,
        774.5176540963912,
        775.5140706879306,
        776.5443193018633,
        777.6096592103036,
        778.7115294361217,
        779.8515868725724,
        781.0317547674676,
        782.2542851822031,
        783.5218406128334,
        784.8376023859595,
        786.2054172729837,
        787.63
      ]
    }
  },
  "initial_compressor_flow": {}
}
