{
  "time": 3420.0000000002315,
  "initial_nodal_pressure": {
    "1": 6.5e6,
    "2": 6.472252553357485e6
  },
  "initial_pipe_pressure": {
    "1": {
      "distance": [
        0.0,
        377.35849056603774,
        754.7169811320755,
        1132.0754716981132,
        1509.433962264151,
        1886.7924528301887,
        2264.1509433962265,
        2641.509433962264,
        3018.867924528302,
        3396.2264150943392,
        3773.5849056603774,
        4150.943396226416,
        4528.301886792453,
        4905.66037735849,
        5283.018867924528,
        5660.377358490566,
        6037.735849056604,
        6415.094339622641,
        6792.4528301886785,
        7169.811320754717,
        7547.169811320755,
        7924.528301886793,
        8301.886792452831,
        8679.245283018869,
        9056.603773584906,
        9433.962264150943,
        9811.32075471698,
        10188.67924528302,
        10566.037735849057,
        10943.396226415094,
        11320.754716981131,
        11698.113207547169,
        12075.471698113208,
        12452.830188679245,
        12830.188679245282,
        13207.54716981132,
        13584.905660377357,
        13962.264150943396,
        14339.622641509433,
        14716.98113207547,
        15094.33962264151,
        15471.698113207549,
        15849.056603773586,
        16226.415094339623,
        16603.773584905663,
        16981.132075471698,
        17358.490566037737,
        17735.849056603773,
        18113.20754716981,
        18490.56603773585,
        18867.924528301886,
        19245.283018867925,
        19622.64150943396,
        20000.0
      ],
      "value": [
        6.5e6,
        6.4994775597831495e6,
        6.4989550775680905e6,
        6.498432553344537e6,
        6.497909987102215e6,
        6.497387378830832e6,
        6.49686472852009e6,
        6.496342036159706e6,
        6.4958193017393835e6,
        6.495296525248807e6,
        6.494773706677692e6,
        6.494250846015708e6,
        6.493727943252564e6,
        6.493204998377929e6,
        6.492682011381507e6,
        6.492158982252973e6,
        6.491635910981992e6,
        6.491112797558255e6,
        6.490589641971432e6,
        6.490066444211202e6,
        6.489543204267221e6,
        6.489019922129176e6,
        6.488496597786715e6,
        6.487973231229523e6,
        6.487449822447247e6,
        6.486926371429562e6,
        6.48640287816612e6,
        6.4858793426465895e6,
        6.485355764860619e6,
        6.484832144797869e6,
        6.484308482448012e6,
        6.483784777800672e6,
        6.483261030845534e6,
        6.482737241572238e6,
        6.482213409970438e6,
        6.481689536029795e6,
        6.481165619739951e6,
        6.480641661090566e6,
        6.480117660071286e6,
        6.479593616671769e6,
        6.479069530881661e6,
        6.478545402690611e6,
        6.478021232088274e6,
        6.477497019064293e6,
        6.4769727636083355e6,
        6.476448465710033e6,
        6.47592412535904e6,
        6.475399742545017e6,
        6.474875317257602e6,
        6.474350849486448e6,
        6.473826339221216e6,
        6.47330178645154e6,
        6.472777191167078e6,
        6.472252553357485e6
      ]
    }
  },
  "initial_pipe_flow": {
    "1": {
      "distance": [
        0.0,
        188.67924528301887,
        566.0377358490566,
        943.3962264150944,
        1320.754716981132,
        1698.11320754717,
        2075.471698113208,
        2452.830188679245,
        2830.188679245283,
        3207.547169811321,
        3584.905660377359,
        3962.2641509433965,
        4339.622641509433,
        4716.981132075472,
        5094.33962264151,
        5471.698113207547,
        5849.056603773583,
        6226.4150943396235,
        6603.77358490566,
        6981.132075471699,
        7358.490566037735,
        7735.849056603773,
        8113.207547169812,
        8490.566037735849,
        8867.924528301886,
        9245.283018867925,
        9622.641509433963,
        10000.0,
        10377.358490566037,
        10754.716981132075,
        11132.075471698116,
        11509.43396226415,
        11886.792452830188,
        12264.150943396227,
        12641.509433962261,
        13018.867924528302,
        13396.226415094341,
        13773.584905660378,
        14150.943396226414,
        14528.301886792451,
        14905.660377358492,
        15283.018867924528,
        15660.377358490565,
        16037.735849056604,
        16415.094339622643,
        16792.45283018868,
        17169.811320754718,
        17547.169811320757,
        17924.528301886792,
        18301.88679245283,
        18679.245283018867,
        19056.60377358491,
        19433.96226415094,
        19811.32075471698,
        20000.0
      ],
      "value": [
        78.75994878027817,
        78.75994965264988,
        78.75994969589848,
        78.75994978237337,
        78.75994991198766,
        78.75995008466316,
        78.75995030024266,
        78.75995055852927,
        78.75995085933498,
        78.7599512024123,
        78.75995158744698,
        78.75995201414717,
        78.75995248212546,
        78.75995299101838,
        78.75995354034735,
        78.75995412970165,
        78.75995475855977,
        78.75995542638653,
        78.7599561326209,
        78.7599568766548,
        78.75995765788144,
        78.75995847559113,
        78.75995932914816,
        78.75996021776997,
        78.75996114074057,
        78.75996209724548,
        78.75996308648381,
        78.7599641076048,
        78.7599651597469,
        78.75996624200022,
        78.75996735343082,
        78.7599684931256,
        78.75996966005832,
        78.7599708532511,
        78.7599720716927,
        78.75997331432067,
        78.75997458008307,
        78.75997586787358,
        78.75997717660266,
        78.75997850513392,
        78.7599798523446,
        78.75998121705614,
        78.75998259808554,
        78.75998399427247,
        78.7599854043843,
        78.7599868272292,
        78.75998826157605,
        78.75998970615935,
        78.75999115977845,
        78.75999262114519,
        78.75999408900188,
        78.75999556209838,
        78.75999703914833,
        78.75999851887326,
        78.76000000000052
      ]
    }
  },
  "initial_compressor_flow": {}
}
