{
  "time": 3120.0000000001783,
  "initial_nodal_pressure": {
    "1": 6.5e6,
    "2": 6.472253285314561e6
  },
  "initial_pipe_pressure": {
    "1": {
      "distance": [
        0.0,
        1000.0,
        2000.0,
        3000.0,
        4000.0,
        5000.0,
        6000.0,
        7000.0,
        8000.0,
        9000.0,
        10000.0,
        11000.0,
        12000.0,
        13000.0,
        14000.0,
        15000.0,
        16000.0,
        17000.0,
        18000.0,
        19000.0,
        20000.0
      ],
      "value": [
        6.5e6,
        6.498615493508173e6,
        6.497230696787123e6,
        6.4958456072234595e6,
        6.494460213730445e6,
        6.493074528453156e6,
        6.4916885466616675e6,
        6.490302261477053e6,
        6.488915683022365e6,
        6.487528804448182e6,
        6.486141623146618e6,
        6.484754147209202e6,
        6.483366367665614e6,
        6.481978286235025e6,
        6.480589908966064e6,
        6.479201224767962e6,
        6.477812239732421e6,
        6.476422957852906e6,
        6.47503336592063e6,
        6.473643474432448e6,
        6.472253285314561e6
      ]
    }
  },
  "initial_pipe_flow": {
    "1": {
      "distance": [
        0.0,
        1000.0,
        2000.0,
        3000.0,
        4000.0,
        5000.0,
        6000.0,
        7000.0,
        8000.0,
        9000.0,
        10000.0,
        11000.0,
        12000.0,
        13000.0,
        14000.0,
        15000.0,
        16000.0,
        17000.0,
        18000.0,
        19000.0,
        20000.0
      ],
      "value": [
        78.75859172002365,
        78.75859093550574,
        78.75860375288988,
        78.75862504900763,
        78.75865451967516,
        78.75869227944132,
        78.758737922346,
        78.75879107104201,
        78.75885171873938,
        78.75891923513376,
        78.75899318253447,
        78.75907341705336,
        78.75915915085305,
        78.75924992797769,
        78.75934535751246,
        78.75944467568054,
        78.75954735705747,
        78.75965283169676,
        78.75976037837702,
        78.75986940342732,
        78.76000000000138
      ]
    }
  },
  "initial_compressor_flow": {}
}
