{
  "time": 2460.0000000000614,
  "initial_nodal_pressure": {
    "1": 6.5e6,
    "2": 6.470844589189997e6
  },
  "initial_pipe_pressure": {
    "1": {
      "distance": [
        0.0,
        377.35849056603774,
        754.7169811320755,
        1132.0754716981132,
        1509.433962264151,
        1886.7924528301887,
        2264.1509433962265,
        2641.509433962264,
        3018.867924528302,
        3396.2264150943392,
        3773.5849056603774,
        4150.943396226416,
        4528.301886792453,
        4905.66037735849,
        5283.018867924528,
        5660.377358490566,
        6037.735849056604,
        6415.094339622641,
        6792.4528301886785,
        7169.811320754717,
        7547.169811320755,
        7924.528301886793,
        8301.886792452831,
        8679.245283018869,
        9056.603773584906,
        9433.962264150943,
        9811.32075471698,
        10188.67924528302,
        10566.037735849057,
        10943.396226415094,
        11320.754716981131,
        11698.113207547169,
        12075.471698113208,
        12452.830188679245,
        12830.188679245282,
        13207.54716981132,
        13584.905660377357,
        13962.264150943396,
        14339.622641509433,
        14716.98113207547,
        15094.33962264151,
        15471.698113207549,
        15849.056603773586,
        16226.415094339623,
        16603.773584905663,
        16981.132075471698,
        17358.490566037737,
        17735.849056603773,
        18113.20754716981,
        18490.56603773585,
        18867.924528301886,
        19245.283018867925,
        19622.64150943396,
        20000.0
      ],
      "value": [
        6.5e6,
        6.49943620554648e6,
        6.498872398497679e6,
        6.498308615246082e6,
        6.4977448921276e6,
        6.497181265395197e6,
        6.496617771170012e6,
        6.4960544454218475e6,
        6.4954913239148315e6,
        6.494928442193228e6,
        6.494365835523775e6,
        6.493803538884831e6,
        6.493241586907959e6,
        6.492680013868135e6,
        6.4921188536270885e6,
        6.491558139622618e6,
        6.490997904815822e6,
        6.490438181677904e6,
        6.489879002143019e6,
        6.489320397591528e6,
        6.488762398809299e6,
        6.488205035967438e6,
        6.487648338587872e6,
        6.487092335520397e6,
        6.486537054913655e6,
        6.4859825241908915e6,
        6.485428770024964e6,
        6.484875818314688e6,
        6.48432369416206e6,
        6.483772421851183e6,
        6.483222024826083e6,
        6.482672525673783e6,
        6.482123946101653e6,
        6.481576306925447e6,
        6.481029628045898e6,
        6.480483928441769e6,
        6.479939226146125e6,
        6.479395538243643e6,
        6.478852880847738e6,
        6.478311269100801e6,
        6.477770717153675e6,
        6.47723123816724e6,
        6.47669284429578e6,
        6.476155546688576e6,
        6.475619355478144e6,
        6.475084279781154e6,
        6.474550327691836e6,
        6.474017506282061e6,
        6.473485821599694e6,
        6.472955278668347e6,
        6.47242588148964e6,
        6.471897633043731e6,
        6.471370535294082e6,
        6.470844589189997e6
      ]
    }
  },
  "initial_pipe_flow": {
    "1": {
      "distance": [
        0.0,
        188.67924528301887,
        566.0377358490566,
        943.3962264150944,
        1320.754716981132,
        1698.11320754717,
        2075.471698113208,
        2452.830188679245,
        2830.188679245283,
        3207.547169811321,
        3584.905660377359,
        3962.2641509433965,
        4339.622641509433,
        4716.981132075472,
        5094.33962264151,
        5471.698113207547,
        5849.056603773583,
        6226.4150943396235,
        6603.77358490566,
        6981.132075471699,
        7358.490566037735,
        7735.849056603773,
        8113.207547169812,
        8490.566037735849,
        8867.924528301886,
        9245.283018867925,
        9622.641509433963,
        10000.0,
        10377.358490566037,
        10754.716981132075,
        11132.075471698116,
        11509.43396226415,
        11886.792452830188,
        12264.150943396227,
        12641.509433962261,
        13018.867924528302,
        13396.226415094341,
        13773.584905660378,
        14150.943396226414,
        14528.301886792451,
        14905.660377358492,
        15283.018867924528,
        15660.377358490565,
        16037.735849056604,
        16415.094339622643,
        16792.45283018868,
        17169.811320754718,
        17547.169811320757,
        17924.528301886792,
        18301.88679245283,
        18679.245283018867,
        19056.60377358491,
        19433.96226415094,
        19811.32075471698,
        20000.0
      ],
      "value": [
        81.90615903079106,
        81.90406051398934,
        81.90135187699529,
        81.8959367134378,
        81.88781949555953,
        81.87700703467998,
        81.86350850285197,
        81.8473353885082,
        81.8285015293561,
        81.8070230499373,
        81.78291840176274,
        81.75620828741037,
        81.72691570291283,
        81.69506585391471,
        81.66068619496316,
        81.62380634313887,
        81.58445810925932,
        81.54267541402179,
        81.49849430670258,
        81.45195288801033,
        81.40309131321683,
        81.3519517241161,
        81.29857823554612,
        81.24301687693087,
        81.1853155629801,
        81.12552404365101,
        81.06369386130307,
        80.99987830651142,
        80.9341323652331,
        80.8665126770532,
        80.7970774763535,
        80.72588654938632,
        80.65300117334597,
        80.5784840692664,
        80.5023993417901,
        80.42481242620775,
        80.34579003053547,
        80.26540007604713,
        80.18371164206273,
        80.10079490071004,
        80.01672106365201,
        79.93156231266295,
        79.84539174678646,
        79.75828331076296,
        79.67031174116829,
        79.58155249436649,
        79.49208169049176,
        79.40197604228422,
        79.31131279620375,
        79.22016966293137,
        79.12862475557263,
        79.03675652183429,
        78.94464368008336,
        78.85236515249628,
        78.75999999999925
      ]
    }
  },
  "initial_compressor_flow": {}
}
