{
  "time": 2280.0000000000296,
  "initial_nodal_pressure": {
    "1": 6.5e6,
    "2": 6.483998889059451e6
  },
  "initial_pipe_pressure": {
    "1": {
      "distance": [
        0.0,
        377.35849056603774,
        754.7169811320755,
        1132.0754716981132,
        1509.433962264151,
        1886.7924528301887,
        2264.1509433962265,
        2641.509433962264,
        3018.867924528302,
        3396.2264150943392,
        3773.5849056603774,
        4150.943396226416,
        4528.301886792453,
        4905.66037735849,
        5283.018867924528,
        5660.377358490566,
        6037.735849056604,
        6415.094339622641,
        6792.4528301886785,
        7169.811320754717,
        7547.169811320755,
        7924.528301886793,
        8301.886792452831,
        8679.245283018869,
        9056.603773584906,
        9433.962264150943,
        9811.32075471698,
        10188.67924528302,
        10566.037735849057,
        10943.396226415094,
        11320.754716981131,
        11698.113207547169,
        12075.471698113208,
        12452.830188679245,
        12830.188679245282,
        13207.54716981132,
        13584.905660377357,
        13962.264150943396,
        14339.622641509433,
        14716.98113207547,
        15094.33962264151,
        15471.698113207549,
        15849.056603773586,
        16226.415094339623,
        16603.773584905663,
        16981.132075471698,
        17358.490566037737,
        17735.849056603773,
        18113.20754716981,
        18490.56603773585,
        18867.924528301886,
        19245.283018867925,
        19622.64150943396,
        20000.0
      ],
      "value": [
        6.5e6,
        6.499824425149251e6,
        6.499648522996421e6,
        6.499471980953831e6,
        6.499294487091407e6,
        6.499115730560607e6,
        6.498935401880022e6,
        6.498753193386161e6,
        6.498568799487753e6,
        6.498381917119383e6,
        6.498192245983994e6,
        6.497999488982316e6,
        6.497803352463722e6,
        6.497603546606569e6,
        6.497399785693908e6,
        6.497191788425728e6,
        6.496979278228831e6,
        6.49676198349128e6,
        6.496539637906347e6,
        6.496311980629458e6,
        6.496078756647217e6,
        6.495839716865947e6,
        6.495594618490049e6,
        6.495343225057269e6,
        6.495085306806759e6,
        6.494820640679229e6,
        6.4945490106549375e6,
        6.494270207736015e6,
        6.493984030237416e6,
        6.4936902837657975e6,
        6.493388781451308e6,
        6.493079343932495e6,
        6.492761799522705e6,
        6.4924359842054425e6,
        6.492101741734881e6,
        6.4917589236416025e6,
        6.491407389271115e6,
        6.49104700579665e6,
        6.490677648203182e6,
        6.49029919930177e6,
        6.489911549668367e6,
        6.48951459765357e6,
        6.489108249286076e6,
        6.488692418272169e6,
        6.488267025873337e6,
        6.487832000890736e6,
        6.487387279525623e6,
        6.486932805345176e6,
        6.486468529133551e6,
        6.485994408836653e6,
        6.485510409410454e6,
        6.485016502743486e6,
        6.4845126675078655e6,
        6.483998889059451e6
      ]
    }
  },
  "initial_pipe_flow": {
    "1": {
      "distance": [
        0.0,
        188.67924528301887,
        566.0377358490566,
        943.3962264150944,
        1320.754716981132,
        1698.11320754717,
        2075.471698113208,
        2452.830188679245,
        2830.188679245283,
        3207.547169811321,
        3584.905660377359,
        3962.2641509433965,
        4339.622641509433,
        4716.981132075472,
        5094.33962264151,
        5471.698113207547,
        5849.056603773583,
        6226.4150943396235,
        6603.77358490566,
        6981.132075471699,
        7358.490566037735,
        7735.849056603773,
        8113.207547169812,
        8490.566037735849,
        8867.924528301886,
        9245.283018867925,
        9622.641509433963,
        10000.0,
        10377.358490566037,
        10754.716981132075,
        11132.075471698116,
        11509.43396226415,
        11886.792452830188,
        12264.150943396227,
        12641.509433962261,
        13018.867924528302,
        13396.226415094341,
        13773.584905660378,
        14150.943396226414,
        14528.301886792451,
        14905.660377358492,
        15283.018867924528,
        15660.377358490565,
        16037.735849056604,
        16415.094339622643,
        16792.45283018868,
        17169.811320754718,
        17547.169811320757,
        17924.528301886792,
        18301.88679245283,
        18679.245283018867,
        19056.60377358491,
        19433.96226415094,
        19811.32075471698,
        20000.0
      ],
      "value": [
        79.83852577735719,
        79.21709548691057,
        79.21690257536015,
        79.21651496567118,
        79.21592961684689,
        79.21514220334114,
        79.21414722173297,
        79.21293794778961,
        79.2115065896298,
        79.20984425815377,
        79.20794113359202,
        79.20578648078953,
        79.20336879377689,
        79.2006758839844,
        79.19769497310011,
        79.1944128732465,
        79.19081600901491,
        79.18689069403786,
        79.18262307897649,
        79.17799951241014,
        79.17300642618433,
        79.1676307545881,
        79.1618597806351,
        79.15568157766785,
        79.14908484649023,
        79.14205934023761,
        79.1345957226062,
        79.12668593997019,
        79.11832312536232,
        79.1095018893505,
        79.10021828588478,
        79.09047000457885,
        79.0802564026681,
        79.06957859345766,
        79.05843953847267,
        79.04684403702147,
        79.03479886437475,
        79.02231267491815,
        79.00939616693165,
        78.99606191677097,
        78.9823245490032,
        78.96820051988045,
        78.9537082726636,
        78.93886798774626,
        78.92370170621257,
        78.90823306101343,
        78.89248735595852,
        78.8764912889881,
        78.86027297765044,
        78.84386168310311,
        78.82728777653374,
        78.81058246981401,
        78.79377772035586,
        78.7769059723958,
        78.75999999999952
      ]
    }
  },
  "initial_compressor_flow": {}
}
