{
  "time": 2760.0000000001146,
  "initial_nodal_pressure": {
    "1": 6.5e6,
    "2": 6.4722469321149755e6
  },
  "initial_pipe_pressure": {
    "1": {
      "distance": [
        0.0,
        1000.0,
        2000.0,
        3000.0,
        4000.0,
        5000.0,
        6000.0,
        7000.0,
        8000.0,
        9000.0,
        10000.0,
        11000.0,
        12000.0,
        13000.0,
        14000.0,
        15000.0,
        16000.0,
        17000.0,
        18000.0,
        19000.0,
        20000.0
      ],
      "value": [
        6.5e6,
        6.498615004519401e6,
        6.497229720968658e6,
        6.49584414963259e6,
        6.494458282725297e6,
        6.493072134955984e6,
        6.491685704544948e6,
        6.4902989878019355e6,
        6.488911996884068e6,
        6.487524727879103e6,
        6.486137180826992e6,
        6.484749365326654e6,
        6.483361275268131e6,
        6.481972914130804e6,
        6.480584288980486e6,
        6.47919539144568e6,
        6.477806228250758e6,
        6.476416803968507e6,
        6.475027107894896e6,
        6.473637149905145e6,
        6.4722469321149755e6
      ]
    }
  },
  "initial_pipe_flow": {
    "1": {
      "distance": [
        0.0,
        1000.0,
        2000.0,
        3000.0,
        4000.0,
        5000.0,
        6000.0,
        7000.0,
        8000.0,
        9000.0,
        10000.0,
        11000.0,
        12000.0,
        13000.0,
        14000.0,
        15000.0,
        16000.0,
        17000.0,
        18000.0,
        19000.0,
        20000.0
      ],
      "value": [
        78.86174806438959,
        78.85940872053003,
        78.85850509234004,
        78.85700359170724,
        78.85492557686342,
        78.85226287858417,
        78.84904404886866,
        78.84529563310078,
        78.84101803978494,
        78.83625568023247,
        78.83103938914348,
        78.82537926776634,
        78.8193308858276,
        78.8129263965896,
        78.80619336442393,
        78.7991856963871,
        78.79194047782441,
        78.78449794348063,
        78.77690902617756,
        78.76921565886076,
        78.76000000000148
      ]
    }
  },
  "initial_compressor_flow": {}
}
