{
  "time": 119.99999999999972,
  "initial_nodal_pressure": {
    "1": 6.5e6,
    "2": 6.5e6
  },
  "initial_pipe_pressure": {
    "1": {
      "distance": [
        0.0,
        377.35849056603774,
        754.7169811320755,
        1132.0754716981132,
        1509.433962264151,
        1886.7924528301887,
        2264.1509433962265,
        2641.509433962264,
        3018.867924528302,
        3396.2264150943392,
        3773.5849056603774,
        4150.943396226416,
        4528.301886792453,
        4905.66037735849,
        5283.018867924528,
        5660.377358490566,
        6037.735849056604,
        6415.094339622641,
        6792.4528301886785,
        7169.811320754717,
        7547.169811320755,
        7924.528301886793,
        8301.886792452831,
        8679.245283018869,
        9056.603773584906,
        9433.962264150943,
        9811.32075471698,
        10188.67924528302,
        10566.037735849057,
        10943.396226415094,
        11320.754716981131,
        11698.113207547169,
        12075.471698113208,
        12452.830188679245,
        12830.188679245282,
        13207.54716981132,
        13584.905660377357,
        13962.264150943396,
        14339.622641509433,
        14716.98113207547,
        15094.33962264151,
        15471.698113207549,
        15849.056603773586,
        16226.415094339623,
        16603.773584905663,
        16981.132075471698,
        17358.490566037737,
        17735.849056603773,
        18113.20754716981,
        18490.56603773585,
        18867.924528301886,
        19245.283018867925,
        19622.64150943396,
        20000.0
      ],
      "value": [
        6.5e6,
        6.5e6,
        6.499999999999999e6,
        6.499999999999999e6,
        6.5e6,
        6.499999999999999e6,
        6.5e6,
        6.5e6,
        6.5e6,
        6.5e6,
        6.5e6,
        6.5e6,
        6.5e6,
        6.5e6,
        6.499999999999999e6,
        6.5e6,
        6.5e6,
        6.5e6,
        6.5e6,
        6.499999999999999e6,
        6.5e6,
        6.5e6,
        6.5e6,
        6.499999999999999e6,
        6.5e6,
        6.5e6,
        6.5e6,
        6.5e6,
        6.5e6,
        6.5e6,
        6.5e6,
        6.5e6,
        6.5e6,
        6.5e6,
        6.5e6,
        6.5e6,
        6.5e6,
        6.5e6,
        6.5e6,
        6.5e6,
        6.5e6,
        6.5e6,
        6.5e6,
        6.5e6,
        6.5e6,
        6.5e6,
        6.5e6,
        6.5e6,
        6.5e6,
        6.5e6,
        6.5e6,
        6.5e6,
        6.5e6,
        6.5e6
      ]
    }
  },
  "initial_pipe_flow": {
    "1": {
      "distance": [
        0.0,
        188.67924528301887,
        566.0377358490566,
        943.3962264150944,
        1320.754716981132,
        1698.11320754717,
        2075.471698113208,
        2452.830188679245,
        2830.188679245283,
        3207.547169811321,
        3584.905660377359,
        3962.2641509433965,
        4339.622641509433,
        4716.981132075472,
        5094.33962264151,
        5471.698113207547,
        5849.056603773583,
        6226.4150943396235,
        6603.77358490566,
        6981.132075471699,
        7358.490566037735,
        7735.849056603773,
        8113.207547169812,
        8490.566037735849,
        8867.924528301886,
        9245.283018867925,
        9622.641509433963,
        10000.0,
        10377.358490566037,
        10754.716981132075,
        11132.075471698116,
        11509.43396226415,
        11886.792452830188,
        12264.150943396227,
        12641.509433962261,
        13018.867924528302,
        13396.226415094341,
        13773.584905660378,
        14150.943396226414,
        14528.301886792451,
        14905.660377358492,
        15283.018867924528,
        15660.377358490565,
        16037.735849056604,
        16415.094339622643,
        16792.45283018868,
        17169.811320754718,
        17547.169811320757,
        17924.528301886792,
        18301.88679245283,
        18679.245283018867,
        19056.60377358491,
        19433.96226415094,
        19811.32075471698,
        20000.0
      ],
      "value": [
        0.0,
        0.0,
        0.0,
        0.0,
        0.0,
        0.0,
        -1.5150402106535613e-12,
        0.0,
        0.0,
        0.0,
        0.0,
        0.0,
        0.0,
        0.0,
        0.0,
        -1.5150402106535613e-12,
        0.0,
        0.0,
        0.0,
        1.5150402106535613e-12,
        0.0,
        0.0,
        0.0,
        1.5150402106535613e-12,
        0.0,
        0.0,
        0.0,
        0.0,
        0.0,
        0.0,
        0.0,
        0.0,
        0.0,
        0.0,
        0.0,
        0.0,
        0.0,
        0.0,
        0.0,
        0.0,
        0.0,
        0.0,
        0.0,
        0.0,
        0.0,
        0.0,
        0.0,
        0.0,
        0.0,
        0.0,
        0.0,
        0.0,
        0.0,
        0.0,
        0.0
      ]
    }
  },
  "initial_compressor_flow": {}
}
