{
  "time": 2160.000000000008,
  "initial_nodal_pressure": {
    "1": 6.5e6,
    "2": 6.379756629058894e6
  },
  "initial_pipe_pressure": {
    "1": {
      "distance": [
        0.0,
        1000.0,
        2000.0,
        3000.0,
        4000.0,
        5000.0,
        6000.0,
        7000.0,
        8000.0,
        9000.0,
        10000.0,
        11000.0,
        12000.0,
        13000.0,
        14000.0,
        15000.0,
        16000.0,
        17000.0,
        18000.0,
        19000.0,
        20000.0
      ],
      "value": [
        6.5e6,
        6.490137068479065e6,
        6.480349705788507e6,
        6.470727269596589e6,
        6.461368216361773e6,
        6.452342783248808e6,
        6.443727109800369e6,
        6.435595332427069e6,
        6.427980738732272e6,
        6.420932650857931e6,
        6.414481417392223e6,
        6.408622382436009e6,
        6.403372768951559e6,
        6.398716285998639e6,
        6.394618699425166e6,
        6.391068028247786e6,
        6.388012447772687e6,
        6.3854005724498825e6,
        6.383198568574785e6,
        6.381336450649363e6,
        6.379756629058894e6
      ]
    }
  },
  "initial_pipe_flow": {
    "1": {
      "distance": [
        0.0,
        1000.0,
        2000.0,
        3000.0,
        4000.0,
        5000.0,
        6000.0,
        7000.0,
        8000.0,
        9000.0,
        10000.0,
        11000.0,
        12000.0,
        13000.0,
        14000.0,
        15000.0,
        16000.0,
        17000.0,
        18000.0,
        19000.0,
        20000.0
      ],
      "value": [
        238.93261739080805,
        236.588325207924,
        234.99810666314482,
        232.36123852742446,
        228.72538527224066,
        224.09236157391297,
        218.53145797656748,
        212.11007118566948,
        204.85687400573812,
        196.87112931527312,
        188.22835080435522,
        178.97527568800044,
        169.21820201830147,
        159.0261221382056,
        148.46003613564932,
        137.60441724799597,
        126.5178715587364,
        115.25643169841221,
        103.8773705407879,
        92.42252510802193,
        78.76000000000076
      ]
    }
  },
  "initial_compressor_flow": {}
}
