{
  "time": 300.0000000000004,
  "initial_nodal_pressure": {
    "1": 6.500000000000002e6,
    "2": 6.500000000000002e6
  },
  "initial_pipe_pressure": {
    "1": {
      "distance": [
        0.0,
        1000.0,
        2000.0,
        3000.0,
        4000.0,
        5000.0,
        6000.0,
        7000.0,
        8000.0,
        9000.0,
        10000.0,
        11000.0,
        12000.0,
        13000.0,
        14000.0,
        15000.0,
        16000.0,
        17000.0,
        18000.0,
        19000.0,
        20000.0
      ],
      "value": [
        6.500000000000002e6,
        6.499999999999999e6,
        6.5e6,
        6.5e6,
        6.5e6,
        6.499999999999998e6,
        6.500000000000002e6,
        6.500000000000002e6,
        6.5e6,
        6.500000000000002e6,
        6.500000000000002e6,
        6.500000000000002e6,
        6.500000000000002e6,
        6.500000000000002e6,
        6.5e6,
        6.500000000000002e6,
        6.500000000000002e6,
        6.500000000000003e6,
        6.500000000000002e6,
        6.500000000000003e6,
        6.500000000000002e6
      ]
    }
  },
  "initial_pipe_flow": {
    "1": {
      "distance": [
        0.0,
        1000.0,
        2000.0,
        3000.0,
        4000.0,
        5000.0,
        6000.0,
        7000.0,
        8000.0,
        9000.0,
        10000.0,
        11000.0,
        12000.0,
        13000.0,
        14000.0,
        15000.0,
        16000.0,
        17000.0,
        18000.0,
        19000.0,
        20000.0
      ],
      "value": [
        1.5789019476078958e-12,
        2.5755683581110548e-12,
        3.0300804213071233e-13,
        -1.5150402106535615e-12,
        1.5150402106535617e-12,
        0.0,
        -2.7270723791764076e-12,
        1.3635361895882137e-12,
        -6.060160842614272e-13,
        -1.5150402106535617e-12,
        -1.5150402106535617e-12,
        -5.302640737287479e-13,
        -4.545120631960659e-13,
        -7.575201053267317e-14,
        0.0,
        0.0,
        1.5150402106535528e-13,
        1.5150402106535621e-12,
        -6.060160842614389e-13,
        0.0,
        1.5150402106535621e-12
      ]
    }
  },
  "initial_compressor_flow": {}
}
