{
  "time": 1319.9999999999768,
  "initial_nodal_pressure": {
    "1": 6.5e6,
    "2": 3.2081683343424043e6
  },
  "initial_pipe_pressure": {
    "1": {
      "distance": [
        0.0,
        377.35849056603774,
        754.7169811320755,
        1132.0754716981132,
        1509.433962264151,
        1886.7924528301887,
        2264.1509433962265,
        2641.509433962264,
        3018.867924528302,
        3396.2264150943392,
        3773.5849056603774,
        4150.943396226416,
        4528.301886792453,
        4905.66037735849,
        5283.018867924528,
        5660.377358490566,
        6037.735849056604,
        6415.094339622641,
        6792.4528301886785,
        7169.811320754717,
        7547.169811320755,
        7924.528301886793,
        8301.886792452831,
        8679.245283018869,
        9056.603773584906,
        9433.962264150943,
        9811.32075471698,
        10188.67924528302,
        10566.037735849057,
        10943.396226415094,
        11320.754716981131,
        11698.113207547169,
        12075.471698113208,
        12452.830188679245,
        12830.188679245282,
        13207.54716981132,
        13584.905660377357,
        13962.264150943396,
        14339.622641509433,
        14716.98113207547,
        15094.33962264151,
        15471.698113207549,
        15849.056603773586,
        16226.415094339623,
        16603.773584905663,
        16981.132075471698,
        17358.490566037737,
        17735.849056603773,
        18113.20754716981,
        18490.56603773585,
        18867.924528301886,
        19245.283018867925,
        19622.64150943396,
        20000.0
      ],
      "value": [
        6.5e6,
        6.456009106179026e6,
        6.411712337301179e6,
        6.367098580672377e6,
        6.322156298770308e6,
        6.276873508067806e6,
        6.23123775632899e6,
        6.185236098241126e6,
        6.138855069230225e6,
        6.092080657291867e6,
        6.044898272649736e6,
        5.997292715033183e6,
        5.949248138340873e6,
        5.900748012430115e6,
        5.851775081740203e6,
        5.802311320422345e6,
        5.752337883607853e6,
        5.701835054399463e6,
        5.650782186116563e6,
        5.599157639263046e6,
        5.546938712614513e6,
        5.494101567738124e6,
        5.440621146161451e6,
        5.386471078293438e6,
        5.331623583068097e6,
        5.276049357125961e6,
        5.219717452164947e6,
        5.162595138875227e6,
        5.104647755615113e6,
        5.04583853967772e6,
        4.986128438630203e6,
        4.92547589876496e6,
        4.863836627167362e6,
        4.801163323255286e6,
        4.737405374852967e6,
        4.672508512888793e6,
        4.606414417605554e6,
        4.539060267679755e6,
        4.470378221781545e6,
        4.400294819758943e6,
        4.328730287652865e6,
        4.255597726944464e6,
        4.180802163532667e6,
        4.104239425563409e6,
        4.0257948108607614e6,
        3.9453414936053557e6,
        3.862738605009468e6,
        3.7778289025134398e6,
        3.690435914205394e6,
        3.600360406338702e6,
        3.507375966779417e6,
        3.411223417828643e6,
        3.311603655157687e6,
        3.2081683343424043e6
      ]
    }
  },
  "initial_pipe_flow": {
    "1": {
      "distance": [
        0.0,
        188.67924528301887,
        566.0377358490566,
        943.3962264150944,
        1320.754716981132,
        1698.11320754717,
        2075.471698113208,
        2452.830188679245,
        2830.188679245283,
        3207.547169811321,
        3584.905660377359,
        3962.2641509433965,
        4339.622641509433,
        4716.981132075472,
        5094.33962264151,
        5471.698113207547,
        5849.056603773583,
        6226.4150943396235,
        6603.77358490566,
        6981.132075471699,
        7358.490566037735,
        7735.849056603773,
        8113.207547169812,
        8490.566037735849,
        8867.924528301886,
        9245.283018867925,
        9622.641509433963,
        10000.0,
        10377.358490566037,
        10754.716981132075,
        11132.075471698116,
        11509.43396226415,
        11886.792452830188,
        12264.150943396227,
        12641.509433962261,
        13018.867924528302,
        13396.226415094341,
        13773.584905660378,
        14150.943396226414,
        14528.301886792451,
        14905.660377358492,
        15283.018867924528,
        15660.377358490565,
        16037.735849056604,
        16415.094339622643,
        16792.45283018868,
        17169.811320754718,
        17547.169811320757,
        17924.528301886792,
        18301.88679245283,
        18679.245283018867,
        19056.60377358491,
        19433.96226415094,
        19811.32075471698,
        20000.0
      ],
      "value": [
        720.748919071159,
        720.8945658608158,
        720.9326107843616,
        721.0092073649731,
        721.1248564903276,
        721.280053219582,
        721.4752868201383,
        721.711040825439,
        721.9877931159805,
        722.3060160255903,
        722.6661764757558,
        723.0687361405976,
        723.514151645922,
        724.0028748058438,
        724.5353529011606,
        725.1120290041036,
        725.7333423547861,
        726.3997287952587,
        727.1116212681437,
        727.8694503874834,
        728.6736450908368,
        729.5246333827386,
        730.4228431812633,
        731.3687032811633,
        732.3626444491058,
        733.405100669016,
        734.4965105583192,
        735.6373189794103,
        736.8279788746217,
        738.0689533578405,
        739.3607181017913,
        740.7037640668842,
        742.0986006260869,
        743.5457591505648,
        745.0457971333054,
        746.5993029436069,
        748.2069013241161,
        749.8692597661397,
        751.587095928344,
        753.3611863015216,
        755.1923763693799,
        757.0815925758358,
        759.0298564872708,
        761.0383016394906,
        763.1081936918423,
        765.2409546868175,
        767.4381924488056,
        769.7017364743205,
        772.0336821029175,
        774.4364453654727,
        776.9128317632989,
        779.4661234606497,
        782.1001911678809,
        784.8196396664023,
        787.6299999999995
      ]
    }
  },
  "initial_compressor_flow": {}
}
