{
  "time": 3360.000000000221,
  "initial_nodal_pressure": {
    "1": 6.5e6,
    "2": 6.472252601234533e6
  },
  "initial_pipe_pressure": {
    "1": {
      "distance": [
        0.0,
        377.35849056603774,
        754.7169811320755,
        1132.0754716981132,
        1509.433962264151,
        1886.7924528301887,
        2264.1509433962265,
        2641.509433962264,
        3018.867924528302,
        3396.2264150943392,
        3773.5849056603774,
        4150.943396226416,
        4528.301886792453,
        4905.66037735849,
        5283.018867924528,
        5660.377358490566,
        6037.735849056604,
        6415.094339622641,
        6792.4528301886785,
        7169.811320754717,
        7547.169811320755,
        7924.528301886793,
        8301.886792452831,
        8679.245283018869,
        9056.603773584906,
        9433.962264150943,
        9811.32075471698,
        10188.67924528302,
        10566.037735849057,
        10943.396226415094,
        11320.754716981131,
        11698.113207547169,
        12075.471698113208,
        12452.830188679245,
        12830.188679245282,
        13207.54716981132,
        13584.905660377357,
        13962.264150943396,
        14339.622641509433,
        14716.98113207547,
        15094.33962264151,
        15471.698113207549,
        15849.056603773586,
        16226.415094339623,
        16603.773584905663,
        16981.132075471698,
        17358.490566037737,
        17735.849056603773,
        18113.20754716981,
        18490.56603773585,
        18867.924528301886,
        19245.283018867925,
        19622.64150943396,
        20000.0
      ],
      "value": [
        6.5e6,
        6.499477561185478e6,
        6.498955080371645e6,
        6.498432557546995e6,
        6.497909992700056e6,
        6.497387385819318e6,
        6.496864736893308e6,
        6.496342045910517e6,
        6.495819312859485e6,
        6.495296537728702e6,
        6.494773720506712e6,
        6.494250861182028e6,
        6.493727959743196e6,
        6.493205016178758e6,
        6.492682030477269e6,
        6.4921590026272945e6,
        6.491635932617408e6,
        6.491112820436203e6,
        6.490589666072276e6,
        6.49006646951426e6,
        6.489543230750782e6,
        6.489019949770493e6,
        6.488496626562058e6,
        6.487973261114179e6,
        6.487449853415557e6,
        6.486926403454924e6,
        6.486402911221029e6,
        6.485879376702648e6,
        6.48535579988858e6,
        6.484832180767639e6,
        6.484308519328688e6,
        6.483784815560579e6,
        6.483261069452234e6,
        6.482737280992559e6,
        6.482213450170522e6,
        6.4816895769751e6,
        6.481165661395299e6,
        6.480641703420179e6,
        6.480117703038799e6,
        6.47959366024026e6,
        6.479069575013702e6,
        6.478545447348293e6,
        6.478021277233229e6,
        6.477497064657738e6,
        6.476972809611093e6,
        6.476448512082584e6,
        6.475924172061546e6,
        6.475399789537345e6,
        6.474875364499379e6,
        6.474350896937086e6,
        6.473826386839931e6,
        6.4733018341974225e6,
        6.472777238999103e6,
        6.472252601234533e6
      ]
    }
  },
  "initial_pipe_flow": {
    "1": {
      "distance": [
        0.0,
        188.67924528301887,
        566.0377358490566,
        943.3962264150944,
        1320.754716981132,
        1698.11320754717,
        2075.471698113208,
        2452.830188679245,
        2830.188679245283,
        3207.547169811321,
        3584.905660377359,
        3962.2641509433965,
        4339.622641509433,
        4716.981132075472,
        5094.33962264151,
        5471.698113207547,
        5849.056603773583,
        6226.4150943396235,
        6603.77358490566,
        6981.132075471699,
        7358.490566037735,
        7735.849056603773,
        8113.207547169812,
        8490.566037735849,
        8867.924528301886,
        9245.283018867925,
        9622.641509433963,
        10000.0,
        10377.358490566037,
        10754.716981132075,
        11132.075471698116,
        11509.43396226415,
        11886.792452830188,
        12264.150943396227,
        12641.509433962261,
        13018.867924528302,
        13396.226415094341,
        13773.584905660378,
        14150.943396226414,
        14528.301886792451,
        14905.660377358492,
        15283.018867924528,
        15660.377358490565,
        16037.735849056604,
        16415.094339622643,
        16792.45283018868,
        17169.811320754718,
        17547.169811320757,
        17924.528301886792,
        18301.88679245283,
        18679.245283018867,
        19056.60377358491,
        19433.96226415094,
        19811.32075471698,
        20000.0
      ],
      "value": [
        78.75996142439638,
        78.75995959574578,
        78.75995963065068,
        78.75995970045784,
        78.75995980506475,
        78.75995994440787,
        78.75996011833708,
        78.7599603267353,
        78.75996056937781,
        78.75996084608653,
        78.75996115657715,
        78.75996150061835,
        78.7599618778801,
        78.75996228803243,
        78.75996273072698,
        78.7599632055579,
        78.75996371212523,
        78.75996424997311,
        78.75996481864411,
        78.75996541761882,
        78.75996604639757,
        78.75996670441255,
        78.75996739111277,
        78.75996810585806,
        78.75996884807351,
        78.75996961707682,
        78.7599704122298,
        78.75997123282485,
        78.7599720781455,
        78.7599729474724,
        78.75997384003979,
        78.75997475509698,
        78.75997569183173,
        78.75997664945176,
        78.75997762711805,
        78.7599786239966,
        78.75997963924003,
        78.75998067194543,
        78.7599817212465,
        78.75998278625453,
        78.75998386603442,
        78.75998495966056,
        78.7599860662182,
        78.75998718474618,
        78.75998831428984,
        78.7599894538843,
        78.75999060255151,
        78.75999175932144,
        78.7599929232063,
        78.75999409320214,
        78.75999526832815,
        78.75999644757977,
        78.75999762993628,
        78.75999881442416,
        78.76000000000023
      ]
    }
  },
  "initial_compressor_flow": {}
}
