{
  "time": 839.999999999992,
  "initial_nodal_pressure": {
    "1": 6.499999999999999e6,
    "2": 4.307905333742766e6
  },
  "initial_pipe_pressure": {
    "1": {
      "distance": [
        0.0,
        1000.0,
        2000.0,
        3000.0,
        4000.0,
        5000.0,
        6000.0,
        7000.0,
        8000.0,
        9000.0,
        10000.0,
        11000.0,
        12000.0,
        13000.0,
        14000.0,
        15000.0,
        16000.0,
        17000.0,
        18000.0,
        19000.0,
        20000.0
      ],
      "value": [
        6.499999999999998e6,
        6.428663798379659e6,
        6.356291511625478e6,
        6.28258111636609e6,
        6.207138581431142e6,
        6.129680668738848e6,
        6.049799167607431e6,
        5.9669995787641015e6,
        5.880923208267642e6,
        5.7909874618542185e6,
        5.696570520407689e6,
        5.597170033695157e6,
        5.491913551020186e6,
        5.379997396035248e6,
        5.260651143589638e6,
        5.132496297959175e6,
        4.994422085294515e6,
        4.84512592226558e6,
        4.682248205722567e6,
        4.504019295210939e6,
        4.307905333742766e6
      ]
    }
  },
  "initial_pipe_flow": {
    "1": {
      "distance": [
        0.0,
        1000.0,
        2000.0,
        3000.0,
        4000.0,
        5000.0,
        6000.0,
        7000.0,
        8000.0,
        9000.0,
        10000.0,
        11000.0,
        12000.0,
        13000.0,
        14000.0,
        15000.0,
        16000.0,
        17000.0,
        18000.0,
        19000.0,
        20000.0
      ],
      "value": [
        558.7313406192604,
        559.9860892838659,
        561.5617493132073,
        564.215217364336,
        567.9410601211347,
        572.7947966447041,
        578.767592444057,
        585.8557006753264,
        594.1188610145638,
        603.525170590569,
        614.0727327313476,
        625.8239665827575,
        638.7225219655329,
        652.7758581448204,
        668.0217440729161,
        684.4042357952247,
        701.9313589114629,
        720.616842016602,
        740.409541112399,
        761.3246964277089,
        787.6300000000008
      ]
    }
  },
  "initial_compressor_flow": {}
}
