{
  "time": 1199.9999999999807,
  "initial_nodal_pressure": {
    "1": 6.5e6,
    "2": 3.3843557962823226e6
  },
  "initial_pipe_pressure": {
    "1": {
      "distance": [
        0.0,
        377.35849056603774,
        754.7169811320755,
        1132.0754716981132,
        1509.433962264151,
        1886.7924528301887,
        2264.1509433962265,
        2641.509433962264,
        3018.867924528302,
        3396.2264150943392,
        3773.5849056603774,
        4150.943396226416,
        4528.301886792453,
        4905.66037735849,
        5283.018867924528,
        5660.377358490566,
        6037.735849056604,
        6415.094339622641,
        6792.4528301886785,
        7169.811320754717,
        7547.169811320755,
        7924.528301886793,
        8301.886792452831,
        8679.245283018869,
        9056.603773584906,
        9433.962264150943,
        9811.32075471698,
        10188.67924528302,
        10566.037735849057,
        10943.396226415094,
        11320.754716981131,
        11698.113207547169,
        12075.471698113208,
        12452.830188679245,
        12830.188679245282,
        13207.54716981132,
        13584.905660377357,
        13962.264150943396,
        14339.622641509433,
        14716.98113207547,
        15094.33962264151,
        15471.698113207549,
        15849.056603773586,
        16226.415094339623,
        16603.773584905663,
        16981.132075471698,
        17358.490566037737,
        17735.849056603773,
        18113.20754716981,
        18490.56603773585,
        18867.924528301886,
        19245.283018867925,
        19622.64150943396,
        20000.0
      ],
      "value": [
        6.5e6,
        6.45846023701712e6,
        6.416646275016023e6,
        6.374546563733553e6,
        6.332149128247462e6,
        6.289441548909877e6,
        6.246410939851898e6,
        6.203043925934751e6,
        6.159326618009923e6,
        6.115244586335893e6,
        6.070782831982508e6,
        6.025925756035261e6,
        5.9806571263904795e6,
        5.9349600419084085e6,
        5.888816893663821e6,
        5.842209323002557e6,
        5.795118176077005e6,
        5.747523454492793e6,
        5.699404261652346e6,
        5.65073874432748e6,
        5.601504028931361e6,
        5.551676151888867e6,
        5.501229983421666e6,
        5.450139143968238e6,
        5.398375912346965e6,
        5.345911124639389e6,
        5.292714062616878e6,
        5.238752330352812e6,
        5.183991717448348e6,
        5.128396047045715e6,
        5.071927006500522e6,
        5.014543958222494e6,
        4.956203727759386e6,
        4.896860365673704e6,
        4.8364648791255e6,
        4.774964928298309e6,
        4.712304481854024e6,
        4.648423424430059e6,
        4.5832571077378e6,
        4.516735835006518e6,
        4.448784266236086e6,
        4.379320728835265e6,
        4.308256414540362e6,
        4.235494438774256e6,
        4.1609287324630003e6,
        4.0844427282824786e6,
        4.0059077926644264e6,
        3.9251813406553078e6,
        3.8421045514535e6,
        3.756499576033449e6,
        3.668166091536573e6,
        3.5768770052529876e6,
        3.4823730365617853e6,
        3.3843557962823226e6
      ]
    }
  },
  "initial_pipe_flow": {
    "1": {
      "distance": [
        0.0,
        188.67924528301887,
        566.0377358490566,
        943.3962264150944,
        1320.754716981132,
        1698.11320754717,
        2075.471698113208,
        2452.830188679245,
        2830.188679245283,
        3207.547169811321,
        3584.905660377359,
        3962.2641509433965,
        4339.622641509433,
        4716.981132075472,
        5094.33962264151,
        5471.698113207547,
        5849.056603773583,
        6226.4150943396235,
        6603.77358490566,
        6981.132075471699,
        7358.490566037735,
        7735.849056603773,
        8113.207547169812,
        8490.566037735849,
        8867.924528301886,
        9245.283018867925,
        9622.641509433963,
        10000.0,
        10377.358490566037,
        10754.716981132075,
        11132.075471698116,
        11509.43396226415,
        11886.792452830188,
        12264.150943396227,
        12641.509433962261,
        13018.867924528302,
        13396.226415094341,
        13773.584905660378,
        14150.943396226414,
        14528.301886792451,
        14905.660377358492,
        15283.018867924528,
        15660.377358490565,
        16037.735849056604,
        16415.094339622643,
        16792.45283018868,
        17169.811320754718,
        17547.169811320757,
        17924.528301886792,
        18301.88679245283,
        18679.245283018867,
        19056.60377358491,
        19433.96226415094,
        19811.32075471698,
        20000.0
      ],
      "value": [
        700.104973976723,
        700.3068669922344,
        700.3579881172575,
        700.4608711517706,
        700.6161465894385,
        700.8244346224586,
        701.0863451511939,
        701.4024778160128,
        701.7734220532021,
        702.1997571771294,
        702.6820524912752,
        703.2208674309584,
        703.816751740982,
        704.4702456919908,
        705.1818803396557,
        705.9521778316204,
        706.7816517675377,
        707.670807618528,
        708.6201432131729,
        709.6301492980996,
        710.701310182556,
        711.8341044775434,
        713.0290059418561,
        714.2864844489343,
        715.6070070909544,
        716.991039438671,
        718.4390469788921,
        719.9514967546145,
        721.5288592371769,
        723.1716104646736,
        724.8802344866024,
        726.6552261619562,
        728.4970943661056,
        730.4063656724121,
        732.3835885865238,
        734.4293384267189,
        736.5442229621194,
        738.728888943504,
        740.9840296899949,
        743.3103939303269,
        745.7087961421959,
        748.1801286896916,
        750.7253761310883,
        753.3456321619678,
        756.0421197791693,
        758.8162154084154,
        761.6694779467056,
        764.6036839484617,
        767.6208705598573,
        770.7233883190002,
        773.913966650987,
        777.1957958870447,
        780.5726310659117,
        784.0489248537473,
        787.6300000000003
      ]
    }
  },
  "initial_compressor_flow": {}
}
