{
  "time": 959.9999999999883,
  "initial_nodal_pressure": {
    "1": 6.500000000000002e6,
    "2": 3.906680467257354e6
  },
  "initial_pipe_pressure": {
    "1": {
      "distance": [
        0.0,
        1000.0,
        2000.0,
        3000.0,
        4000.0,
        5000.0,
        6000.0,
        7000.0,
        8000.0,
        9000.0,
        10000.0,
        11000.0,
        12000.0,
        13000.0,
        14000.0,
        15000.0,
        16000.0,
        17000.0,
        18000.0,
        19000.0,
        20000.0
      ],
      "value": [
        6.500000000000002e6,
        6.410649746156678e6,
        6.3198664042097395e6,
        6.227378178478257e6,
        6.132813374191999e6,
        6.035936563328239e6,
        5.936368123211919e6,
        5.833643294529171e6,
        5.727445826454631e6,
        5.617223727332324e6,
        5.502390890123922e6,
        5.382483403040611e6,
        5.256660949041047e6,
        5.124152947410527e6,
        4.9842149237121465e6,
        4.835484823019452e6,
        4.67684990248204e6,
        4.506977839786226e6,
        4.323426350777186e6,
        4.124266041310177e6,
        3.906680467257354e6
      ]
    }
  },
  "initial_pipe_flow": {
    "1": {
      "distance": [
        0.0,
        1000.0,
        2000.0,
        3000.0,
        4000.0,
        5000.0,
        6000.0,
        7000.0,
        8000.0,
        9000.0,
        10000.0,
        11000.0,
        12000.0,
        13000.0,
        14000.0,
        15000.0,
        16000.0,
        17000.0,
        18000.0,
        19000.0,
        20000.0
      ],
      "value": [
        627.7699421383791,
        628.5580177381374,
        629.625878860703,
        631.4286073617471,
        633.9656874017924,
        637.2782710571928,
        641.3632172671671,
        646.2205808466555,
        651.8945493999158,
        658.3657923445863,
        665.6359122383772,
        673.7523411280588,
        682.6797866155707,
        692.4287232911759,
        703.0333093572867,
        714.4624450682951,
        726.7335813789596,
        739.8732160711309,
        753.8636390603996,
        768.7441756903582,
        787.6300000000003
      ]
    }
  },
  "initial_compressor_flow": {}
}
