{
  "time": 2220.0000000000186,
  "initial_nodal_pressure": {
    "1": 6.5e6,
    "2": 6.462484789144757e6
  },
  "initial_pipe_pressure": {
    "1": {
      "distance": [
        0.0,
        1000.0,
        2000.0,
        3000.0,
        4000.0,
        5000.0,
        6000.0,
        7000.0,
        8000.0,
        9000.0,
        10000.0,
        11000.0,
        12000.0,
        13000.0,
        14000.0,
        15000.0,
        16000.0,
        17000.0,
        18000.0,
        19000.0,
        20000.0
      ],
      "value": [
        6.5e6,
        6.497677673601933e6,
        6.495365121780176e6,
        6.493072994348528e6,
        6.490812960675775e6,
        6.48859319496031e6,
        6.486422542836685e6,
        6.484309521563848e6,
        6.482257726239926e6,
        6.480272583691078e6,
        6.47835716580624e6,
        6.4765103665285325e6,
        6.474733477648109e6,
        6.4730237424301775e6,
        6.471376246193639e6,
        6.469788301099589e6,
        6.468252592424289e6,
        6.466761755338942e6,
        6.465309799154454e6,
        6.463886996506724e6,
        6.462484789144757e6
      ]
    }
  },
  "initial_pipe_flow": {
    "1": {
      "distance": [
        0.0,
        1000.0,
        2000.0,
        3000.0,
        4000.0,
        5000.0,
        6000.0,
        7000.0,
        8000.0,
        9000.0,
        10000.0,
        11000.0,
        12000.0,
        13000.0,
        14000.0,
        15000.0,
        16000.0,
        17000.0,
        18000.0,
        19000.0,
        20000.0
      ],
      "value": [
        141.3293185193305,
        139.7585091557222,
        139.15650136056567,
        138.1585391206861,
        136.78226770035295,
        135.02741226601745,
        132.91877890656158,
        130.4801788842781,
        127.7201271599648,
        124.67418949152498,
        121.36891683315692,
        117.81932450109814,
        114.06457918937235,
        110.12948253206888,
        106.03583037245902,
        101.81627341244132,
        97.49342840456472,
        93.0896743452862,
        88.62940966059328,
        84.13119117961497,
        78.75999999999904
      ]
    }
  },
  "initial_compressor_flow": {}
}
