{
  "time": 1919.9999999999657,
  "initial_nodal_pressure": {
    "1": 6.5e6,
    "2": 5.145166034691029e6
  },
  "initial_pipe_pressure": {
    "1": {
      "distance": [
        0.0,
        1000.0,
        2000.0,
        3000.0,
        4000.0,
        5000.0,
        6000.0,
        7000.0,
        8000.0,
        9000.0,
        10000.0,
        11000.0,
        12000.0,
        13000.0,
        14000.0,
        15000.0,
        16000.0,
        17000.0,
        18000.0,
        19000.0,
        20000.0
      ],
      "value": [
        6.5e6,
        6.388623620800607e6,
        6.276270723016462e6,
        6.163882590358613e6,
        6.0525816110956445e6,
        5.943464960208329e6,
        5.837740441862121e6,
        5.736763815582378e6,
        5.64156527113245e6,
        5.553399798951145e6,
        5.4733537927362425e6,
        5.401977386462909e6,
        5.34006029873984e6,
        5.287769738384681e6,
        5.244802106013809e6,
        5.211063490850006e6,
        5.185625169996996e6,
        5.167438082139413e6,
        5.155619003102406e6,
        5.14864127863532e6,
        5.145166034691029e6
      ]
    }
  },
  "initial_pipe_flow": {
    "1": {
      "distance": [
        0.0,
        1000.0,
        2000.0,
        3000.0,
        4000.0,
        5000.0,
        6000.0,
        7000.0,
        8000.0,
        9000.0,
        10000.0,
        11000.0,
        12000.0,
        13000.0,
        14000.0,
        15000.0,
        16000.0,
        17000.0,
        18000.0,
        19000.0,
        20000.0
      ],
      "value": [
        711.9063678163501,
        708.9073352993547,
        704.3657398251568,
        696.6343021688855,
        685.6451017908363,
        671.1346246671612,
        653.0440109848647,
        631.3282229146154,
        605.7771692582683,
        576.543304043202,
        543.7501153971839,
        507.4207299699951,
        468.01037967263653,
        425.8447270092883,
        381.26407653249873,
        334.8159270774006,
        286.912659731707,
        237.9578417480359,
        188.35075798558287,
        138.36864419707766,
        78.75999999999958
      ]
    }
  },
  "initial_compressor_flow": {}
}
