{
  "time": 2520.000000000072,
  "initial_nodal_pressure": {
    "1": 6.499999999999999e6,
    "2": 6.47268550254438e6
  },
  "initial_pipe_pressure": {
    "1": {
      "distance": [
        0.0,
        377.35849056603774,
        754.7169811320755,
        1132.0754716981132,
        1509.433962264151,
        1886.7924528301887,
        2264.1509433962265,
        2641.509433962264,
        3018.867924528302,
        3396.2264150943392,
        3773.5849056603774,
        4150.943396226416,
        4528.301886792453,
        4905.66037735849,
        5283.018867924528,
        5660.377358490566,
        6037.735849056604,
        6415.094339622641,
        6792.4528301886785,
        7169.811320754717,
        7547.169811320755,
        7924.528301886793,
        8301.886792452831,
        8679.245283018869,
        9056.603773584906,
        9433.962264150943,
        9811.32075471698,
        10188.67924528302,
        10566.037735849057,
        10943.396226415094,
        11320.754716981131,
        11698.113207547169,
        12075.471698113208,
        12452.830188679245,
        12830.188679245282,
        13207.54716981132,
        13584.905660377357,
        13962.264150943396,
        14339.622641509433,
        14716.98113207547,
        15094.33962264151,
        15471.698113207549,
        15849.056603773586,
        16226.415094339623,
        16603.773584905663,
        16981.132075471698,
        17358.490566037737,
        17735.849056603773,
        18113.20754716981,
        18490.56603773585,
        18867.924528301886,
        19245.283018867925,
        19622.64150943396,
        20000.0
      ],
      "value": [
        6.499999999999999e6,
        6.499490242289675e6,
        6.498980431703559e6,
        6.4984705573668135e6,
        6.497960608424266e6,
        6.497450574049867e6,
        6.496940443455271e6,
        6.496430205899321e6,
        6.495919850696667e6,
        6.495409367226879e6,
        6.494898744943487e6,
        6.494387973382258e6,
        6.493877042171023e6,
        6.493365941036764e6,
        6.492854659816488e6,
        6.492343188462872e6,
        6.491831517056307e6,
        6.491319635808994e6,
        6.490807535078068e6,
        6.490295205368393e6,
        6.489782637346288e6,
        6.489269821841552e6,
        6.488756749861076e6,
        6.488243412590887e6,
        6.48772980140874e6,
        6.487215907887048e6,
        6.486701723803534e6,
        6.486187241145767e6,
        6.485672452119376e6,
        6.485157349154422e6,
        6.484641924910931e6,
        6.484126172287271e6,
        6.4836100844228985e6,
        6.483093654708617e6,
        6.482576876786776e6,
        6.482059744562924e6,
        6.481542252204124e6,
        6.481024394151154e6,
        6.480506165115729e6,
        6.479987560092464e6,
        6.479468574355748e6,
        6.478949203470676e6,
        6.47842944329027e6,
        6.477909289964762e6,
        6.477388739939662e6,
        6.476867789962986e6,
        6.476346437084305e6,
        6.475824678660028e6,
        6.475302512353179e6,
        6.474779936136972e6,
        6.474256948295101e6,
        6.473733547423825e6,
        6.473209732432462e6,
        6.47268550254438e6
      ]
    }
  },
  "initial_pipe_flow": {
    "1": {
      "distance": [
        0.0,
        188.67924528301887,
        566.0377358490566,
        943.3962264150944,
        1320.754716981132,
        1698.11320754717,
        2075.471698113208,
        2452.830188679245,
        2830.188679245283,
        3207.547169811321,
        3584.905660377359,
        3962.2641509433965,
        4339.622641509433,
        4716.981132075472,
        5094.33962264151,
        5471.698113207547,
        5849.056603773583,
        6226.4150943396235,
        6603.77358490566,
        6981.132075471699,
        7358.490566037735,
        7735.849056603773,
        8113.207547169812,
        8490.566037735849,
        8867.924528301886,
        9245.283018867925,
        9622.641509433963,
        10000.0,
        10377.358490566037,
        10754.716981132075,
        11132.075471698116,
        11509.43396226415,
        11886.792452830188,
        12264.150943396227,
        12641.509433962261,
        13018.867924528302,
        13396.226415094341,
        13773.584905660378,
        14150.943396226414,
        14528.301886792451,
        14905.660377358492,
        15283.018867924528,
        15660.377358490565,
        16037.735849056604,
        16415.094339622643,
        16792.45283018868,
        17169.811320754718,
        17547.169811320757,
        17924.528301886792,
        18301.88679245283,
        18679.245283018867,
        19056.60377358491,
        19433.96226415094,
        19811.32075471698,
        20000.0
      ],
      "value": [
        79.75819182409056,
        79.71345333358371,
        79.71263062462921,
        79.71098577068271,
        79.70852007053392,
        79.70523555280022,
        79.7011349796899,
        79.69622183695287,
        79.69050033898253,
        79.68397541483675,
        79.67665271349895,
        79.6685385874111,
        79.65964009639877,
        79.6499649902255,
        79.6395217099337,
        79.62831937067062,
        79.6163677594577,
        79.6036773192181,
        79.5902591423943,
        79.57612495673564,
        79.56128711453482,
        79.54575858026067,
        79.52955291607428,
        79.5126842703169,
        79.49516736058655,
        79.47701746208,
        79.45825038945142,
        79.43888248401011,
        79.41893059535691,
        79.39841206677931,
        79.37734471755542,
        79.35574682581829,
        79.3336371123794,
        79.31103472056965,
        79.28795920209642,
        79.26443049369838,
        79.24046890515669,
        79.21609509307319,
        79.19133005079685,
        79.16619507974062,
        79.14071178089775,
        79.11490202434054,
        79.08878794170029,
        79.06239189472667,
        79.03573646792452,
        79.00884443710216,
        78.981738761481,
        78.95444255288716,
        78.92697906690455,
        78.89937167329528,
        78.87164384552557,
        78.84381913334006,
        78.81592114988479,
        78.78797354707382,
        78.76000000000022
      ]
    }
  },
  "initial_compressor_flow": {}
}
