{
  "time": 1139.9999999999825,
  "initial_nodal_pressure": {
    "1": 6.5e6,
    "2": 3.4901727107518953e6
  },
  "initial_pipe_pressure": {
    "1": {
      "distance": [
        0.0,
        377.35849056603774,
        754.7169811320755,
        1132.0754716981132,
        1509.433962264151,
        1886.7924528301887,
        2264.1509433962265,
        2641.509433962264,
        3018.867924528302,
        3396.2264150943392,
        3773.5849056603774,
        4150.943396226416,
        4528.301886792453,
        4905.66037735849,
        5283.018867924528,
        5660.377358490566,
        6037.735849056604,
        6415.094339622641,
        6792.4528301886785,
        7169.811320754717,
        7547.169811320755,
        7924.528301886793,
        8301.886792452831,
        8679.245283018869,
        9056.603773584906,
        9433.962264150943,
        9811.32075471698,
        10188.67924528302,
        10566.037735849057,
        10943.396226415094,
        11320.754716981131,
        11698.113207547169,
        12075.471698113208,
        12452.830188679245,
        12830.188679245282,
        13207.54716981132,
        13584.905660377357,
        13962.264150943396,
        14339.622641509433,
        14716.98113207547,
        15094.33962264151,
        15471.698113207549,
        15849.056603773586,
        16226.415094339623,
        16603.773584905663,
        16981.132075471698,
        17358.490566037737,
        17735.849056603773,
        18113.20754716981,
        18490.56603773585,
        18867.924528301886,
        19245.283018867925,
        19622.64150943396,
        20000.0
      ],
      "value": [
        6.5e6,
        6.4599938956313655e6,
        6.419732436059121e6,
        6.37920374252047e6,
        6.3383955111505855e6,
        6.297294993475566e6,
        6.255888975521734e6,
        6.214163755423579e6,
        6.172105119400162e6,
        6.129698315956323e6,
        6.086928028149379e6,
        6.043778343744659e6,
        6.000232723063523e6,
        5.956273964305118e6,
        5.911884166097918e6,
        5.86704468700818e6,
        5.821736101699774e6,
        5.775938153402271e6,
        5.729629702301346e6,
        5.682788669416356e6,
        5.635391975473272e6,
        5.587415474215913e6,
        5.538833879522873e6,
        5.48962068560994e6,
        5.439748079495862e6,
        5.38918684479046e6,
        5.337906255724799e6,
        5.285873960179625e6,
        5.233055850275468e6,
        5.179415918859762e6,
        5.124916099955398e6,
        5.069516090912062e6,
        5.01317315361491e6,
        4.955841891639615e6,
        4.897473999680541e6,
        4.838017980895591e6,
        4.77741882697745e6,
        4.71561765473729e6,
        4.652551291723147e6,
        4.588151801825345e6,
        4.522345939858377e6,
        4.455054521637569e6,
        4.386191692934854e6,
        4.315664076692228e6,
        4.243369772708455e6,
        4.1691971773000197e6,
        4.093023581620838e6,
        4.0147134956282107e6,
        3.9341166289895065e6,
        3.851065438913641e6,
        3.7653721255699233e6,
        3.676824914829071e6,
        3.585183410029445e6,
        3.4901727107518953e6
      ]
    }
  },
  "initial_pipe_flow": {
    "1": {
      "distance": [
        0.0,
        188.67924528301887,
        566.0377358490566,
        943.3962264150944,
        1320.754716981132,
        1698.11320754717,
        2075.471698113208,
        2452.830188679245,
        2830.188679245283,
        3207.547169811321,
        3584.905660377359,
        3962.2641509433965,
        4339.622641509433,
        4716.981132075472,
        5094.33962264151,
        5471.698113207547,
        5849.056603773583,
        6226.4150943396235,
        6603.77358490566,
        6981.132075471699,
        7358.490566037735,
        7735.849056603773,
        8113.207547169812,
        8490.566037735849,
        8867.924528301886,
        9245.283018867925,
        9622.641509433963,
        10000.0,
        10377.358490566037,
        10754.716981132075,
        11132.075471698116,
        11509.43396226415,
        11886.792452830188,
        12264.150943396227,
        12641.509433962261,
        13018.867924528302,
        13396.226415094341,
        13773.584905660378,
        14150.943396226414,
        14528.301886792451,
        14905.660377358492,
        15283.018867924528,
        15660.377358490565,
        16037.735849056604,
        16415.094339622643,
        16792.45283018868,
        17169.811320754718,
        17547.169811320757,
        17924.528301886792,
        18301.88679245283,
        18679.245283018867,
        19056.60377358491,
        19433.96226415094,
        19811.32075471698,
        20000.0
      ],
      "value": [
        686.8490214221484,
        687.0898616649148,
        687.1496072586523,
        687.2698182429172,
        687.451200910679,
        687.6944480312735,
        688.0002388504696,
        688.3692391117619,
        688.8021011008232,
        689.2994637150649,
        689.8619525607755,
        690.4901800804942,
        691.184745713799,
        691.9462360951444,
        692.7752252927505,
        693.6722750934491,
        694.6379353387338,
        695.6727443182996,
        696.7772292281257,
        697.951906701223,
        699.1972834203855,
        700.5138568235805,
        701.9021159142972,
        703.3625421909242,
        704.8956107115267,
        706.5017913126774,
        708.1815500042433,
        709.9353505651982,
        711.7636563699093,
        713.6669324789798,
        715.6456480346554,
        717.7002790076737,
        719.8313113506348,
        722.0392446231409,
        724.3245961657728,
        726.687905914966,
        729.1297419685204,
        731.650707033816,
        734.2514459179024,
        736.9326542527307,
        739.6950886912016,
        742.5395788632367,
        745.4670414490369,
        748.4784968135245,
        751.5750887578588,
        754.7581080895542,
        758.0290209035907,
        761.3895027200693,
        764.8414799630983,
        768.3871807250761,
        772.0291973911282,
        775.7705645762278,
        779.6148570663,
        783.5663142339815,
        787.6300000000005
      ]
    }
  },
  "initial_compressor_flow": {}
}
