{
  "time": 2340.00000000004,
  "initial_nodal_pressure": {
    "1": 6.5e6,
    "2": 6.476110226561759e6
  },
  "initial_pipe_pressure": {
    "1": {
      "distance": [
        0.0,
        1000.0,
        2000.0,
        3000.0,
        4000.0,
        5000.0,
        6000.0,
        7000.0,
        8000.0,
        9000.0,
        10000.0,
        11000.0,
        12000.0,
        13000.0,
        14000.0,
        15000.0,
        16000.0,
        17000.0,
        18000.0,
        19000.0,
        20000.0
      ],
      "value": [
        6.5e6,
        6.498902727417384e6,
        6.497803888756519e6,
        6.49670211954475e6,
        6.495595827603386e6,
        6.494483777608183e6,
        6.493364474644363e6,
        6.492236239353762e6,
        6.491097927532872e6,
        6.4899478454420585e6,
        6.488784362166794e6,
        6.487606395132921e6,
        6.486412033367488e6,
        6.485199892965908e6,
        6.483968974687231e6,
        6.482717201623191e6,
        6.481443691377748e6,
        6.480147598351535e6,
        6.478826809110601e6,
        6.47748121420985e6,
        6.476110226561759e6
      ]
    }
  },
  "initial_pipe_flow": {
    "1": {
      "distance": [
        0.0,
        1000.0,
        2000.0,
        3000.0,
        4000.0,
        5000.0,
        6000.0,
        7000.0,
        8000.0,
        9000.0,
        10000.0,
        11000.0,
        12000.0,
        13000.0,
        14000.0,
        15000.0,
        16000.0,
        17000.0,
        18000.0,
        19000.0,
        20000.0
      ],
      "value": [
        65.59684316891821,
        65.72413712908345,
        65.84141752552048,
        66.03635118286735,
        66.3062529235919,
        66.65231640280888,
        67.07098683262186,
        67.55897935935882,
        68.11645632852895,
        68.73781013442414,
        69.41919489040473,
        70.15951294126792,
        70.95160418505839,
        71.79137740807761,
        72.67533496881236,
        73.59638666383015,
        74.54965428337859,
        75.52979053747657,
        76.52993445421173,
        77.54440161501357,
        78.75999999999932
      ]
    }
  },
  "initial_compressor_flow": {}
}
