{
  "time": 1559.999999999969,
  "initial_nodal_pressure": {
    "1": 6.5e6,
    "2": 2.958679483769377e6
  },
  "initial_pipe_pressure": {
    "1": {
      "distance": [
        0.0,
        1000.0,
        2000.0,
        3000.0,
        4000.0,
        5000.0,
        6000.0,
        7000.0,
        8000.0,
        9000.0,
        10000.0,
        11000.0,
        12000.0,
        13000.0,
        14000.0,
        15000.0,
        16000.0,
        17000.0,
        18000.0,
        19000.0,
        20000.0
      ],
      "value": [
        6.5e6,
        6.374016988273363e6,
        6.24548462515151e6,
        6.114173071779467e6,
        5.979725427995192e6,
        5.841999101069912e6,
        5.700645152921391e6,
        5.555221547130614e6,
        5.405477559147977e6,
        5.250866750558547e6,
        5.090807358577872e6,
        4.924848929907085e6,
        4.752087873077044e6,
        4.571676242298664e6,
        4.382751749066617e6,
        4.1836747413503747e6,
        3.9729798649948393e6,
        3.74879162330261e6,
        3.507591176169352e6,
        3.245989626633277e6,
        2.958679483769377e6
      ]
    }
  },
  "initial_pipe_flow": {
    "1": {
      "distance": [
        0.0,
        1000.0,
        2000.0,
        3000.0,
        4000.0,
        5000.0,
        6000.0,
        7000.0,
        8000.0,
        9000.0,
        10000.0,
        11000.0,
        12000.0,
        13000.0,
        14000.0,
        15000.0,
        16000.0,
        17000.0,
        18000.0,
        19000.0,
        20000.0
      ],
      "value": [
        747.123769047193,
        747.2820233461033,
        747.5206184421851,
        747.9258657344781,
        748.4997843259972,
        749.2543010833823,
        750.1914125970596,
        751.3139811661813,
        752.6360491489487,
        754.1566728077476,
        755.8803061038616,
        757.8241717059939,
        759.9848517112673,
        762.3716957883485,
        765.002724748309,
        767.8791290265933,
        771.0184623962118,
        774.4459679663855,
        778.1770644402349,
        782.2551149486402,
        787.63
      ]
    }
  },
  "initial_compressor_flow": {}
}
