{
  "time": 719.9999999999959,
  "initial_nodal_pressure": {
    "1": 6.5e6,
    "2": 4.8946196221171655e6
  },
  "initial_pipe_pressure": {
    "1": {
      "distance": [
        0.0,
        377.35849056603774,
        754.7169811320755,
        1132.0754716981132,
        1509.433962264151,
        1886.7924528301887,
        2264.1509433962265,
        2641.509433962264,
        3018.867924528302,
        3396.2264150943392,
        3773.5849056603774,
        4150.943396226416,
        4528.301886792453,
        4905.66037735849,
        5283.018867924528,
        5660.377358490566,
        6037.735849056604,
        6415.094339622641,
        6792.4528301886785,
        7169.811320754717,
        7547.169811320755,
        7924.528301886793,
        8301.886792452831,
        8679.245283018869,
        9056.603773584906,
        9433.962264150943,
        9811.32075471698,
        10188.67924528302,
        10566.037735849057,
        10943.396226415094,
        11320.754716981131,
        11698.113207547169,
        12075.471698113208,
        12452.830188679245,
        12830.188679245282,
        13207.54716981132,
        13584.905660377357,
        13962.264150943396,
        14339.622641509433,
        14716.98113207547,
        15094.33962264151,
        15471.698113207549,
        15849.056603773586,
        16226.415094339623,
        16603.773584905663,
        16981.132075471698,
        17358.490566037737,
        17735.849056603773,
        18113.20754716981,
        18490.56603773585,
        18867.924528301886,
        19245.283018867925,
        19622.64150943396,
        20000.0
      ],
      "value": [
        6.5e6,
        6.483333402506643e6,
        6.46661246440532e6,
        6.449814327107883e6,
        6.432932387482675e6,
        6.415937575267022e6,
        6.398824433582697e6,
        6.381566243106475e6,
        6.364147951647951e6,
        6.346555208780868e6,
        6.328756882410752e6,
        6.310749706640981e6,
        6.292496845316076e6,
        6.273987118590297e6,
        6.255199511857119e6,
        6.236098561168277e6,
        6.21668071329639e6,
        6.196902816600154e6,
        6.176746778395456e6,
        6.156195187150817e6,
        6.135197299146398e6,
        6.1137492978069e6,
        6.091808667509424e6,
        6.069333158826024e6,
        6.046319204460798e6,
        6.022700681232923e6,
        5.998451978391531e6,
        5.973554386761869e6,
        5.94792897010977e6,
        5.921561004845403e6,
        5.894413561223606e6,
        5.8663986484292215e6,
        5.837505359695266e6,
        5.8076820341346655e6,
        5.776828358742273e6,
        5.744930255689684e6,
        5.711930021567384e6,
        5.677707531279697e6,
        5.642233402741463e6,
        5.605458677859966e6,
        5.567240432220679e6,
        5.527506979580021e6,
        5.486228529602094e6,
        5.44326561963455e6,
        5.3984657305622585e6,
        5.351778021452594e6,
        5.303128063160623e6,
        5.25232026100031e6,
        5.199163569394479e6,
        5.143585778247203e6,
        5.085537019044546e6,
        5.024849125256905e6,
        4.961274733061938e6,
        4.8946196221171655e6
      ]
    }
  },
  "initial_pipe_flow": {
    "1": {
      "distance": [
        0.0,
        188.67924528301887,
        566.0377358490566,
        943.3962264150944,
        1320.754716981132,
        1698.11320754717,
        2075.471698113208,
        2452.830188679245,
        2830.188679245283,
        3207.547169811321,
        3584.905660377359,
        3962.2641509433965,
        4339.622641509433,
        4716.981132075472,
        5094.33962264151,
        5471.698113207547,
        5849.056603773583,
        6226.4150943396235,
        6603.77358490566,
        6981.132075471699,
        7358.490566037735,
        7735.849056603773,
        8113.207547169812,
        8490.566037735849,
        8867.924528301886,
        9245.283018867925,
        9622.641509433963,
        10000.0,
        10377.358490566037,
        10754.716981132075,
        11132.075471698116,
        11509.43396226415,
        11886.792452830188,
        12264.150943396227,
        12641.509433962261,
        13018.867924528302,
        13396.226415094341,
        13773.584905660378,
        14150.943396226414,
        14528.301886792451,
        14905.660377358492,
        15283.018867924528,
        15660.377358490565,
        16037.735849056604,
        16415.094339622643,
        16792.45283018868,
        17169.811320754718,
        17547.169811320757,
        17924.528301886792,
        18301.88679245283,
        18679.245283018867,
        19056.60377358491,
        19433.96226415094,
        19811.32075471698,
        20000.0
      ],
      "value": [
        432.8527169900643,
        434.2712905767219,
        434.4876390352458,
        434.9249426326139,
        435.57698520242,
        436.456841374052,
        437.55009586759047,
        438.8755460431971,
        440.41956487460595,
        442.19117098083933,
        444.19646930361483,
        446.41882596993105,
        448.88885016456265,
        451.57693530087454,
        454.507398454863,
        457.6789395465607,
        461.073303522908,
        464.7304442606899,
        468.612442372338,
        472.7440628494982,
        477.1363869483169,
        481.75264625962564,
        486.6453729320529,
        491.7853091054995,
        497.1651409527027,
        502.8379387419791,
        508.7444579052764,
        514.917372777088,
        521.3872531390024,
        528.0860766749647,
        535.0764394458822,
        542.3645469508392,
        549.8820924272785,
        557.7101982261133,
        565.8420135794926,
        574.2028888077626,
        582.8846297713689,
        591.8872145155545,
        601.1170146868744,
        610.6597225979283,
        620.5555376063837,
        630.6881843262541,
        641.0924177390285,
        651.8775249523736,
        662.9591949648474,
        674.2523338459463,
        685.8710018881362,
        697.892197245829,
        710.1837510074422,
        722.6312554232474,
        735.3267508210145,
        748.3653980594797,
        761.5810578078106,
        774.6796974167704,
        787.6299999999993
      ]
    }
  },
  "initial_compressor_flow": {}
}
