{
  "time": 1019.9999999999864,
  "initial_nodal_pressure": {
    "1": 6.5e6,
    "2": 3.7481749992781323e6
  },
  "initial_pipe_pressure": {
    "1": {
      "distance": [
        0.0,
        1000.0,
        2000.0,
        3000.0,
        4000.0,
        5000.0,
        6000.0,
        7000.0,
        8000.0,
        9000.0,
        10000.0,
        11000.0,
        12000.0,
        13000.0,
        14000.0,
        15000.0,
        16000.0,
        17000.0,
        18000.0,
        19000.0,
        20000.0
      ],
      "value": [
        6.5e6,
        6.403885777279254e6,
        6.306164877129976e6,
        6.206576777685359e6,
        6.1047575088971285e6,
        6.0004908179850085e6,
        5.89340743642113e6,
        5.783052805079916e6,
        5.669126478445722e6,
        5.55108554749562e6,
        5.428354009124155e6,
        5.30047888829061e6,
        5.166624537656011e6,
        5.026024048217898e6,
        4.877932147055294e6,
        4.720974180349938e6,
        4.554015839283581e6,
        4.375685915073322e6,
        4.1834611716605457e6,
        3.9752949769177437e6,
        3.7481749992781323e6
      ]
    }
  },
  "initial_pipe_flow": {
    "1": {
      "distance": [
        0.0,
        1000.0,
        2000.0,
        3000.0,
        4000.0,
        5000.0,
        6000.0,
        7000.0,
        8000.0,
        9000.0,
        10000.0,
        11000.0,
        12000.0,
        13000.0,
        14000.0,
        15000.0,
        16000.0,
        17000.0,
        18000.0,
        19000.0,
        20000.0
      ],
      "value": [
        651.6230428607511,
        652.2672905792034,
        653.1610216096959,
        654.6713359298734,
        656.7990363660139,
        659.5800542442522,
        663.0131183922009,
        667.0996280470426,
        671.8785141719732,
        677.3350233977548,
        683.4722221466675,
        690.3326555129776,
        697.8885121016431,
        706.1514253754583,
        715.1542706341992,
        724.8741910989694,
        735.3312666659577,
        746.555287741391,
        758.5385969493979,
        771.3266842976791,
        787.6299999999998
      ]
    }
  },
  "initial_compressor_flow": {}
}
