{
  "time": 1919.9999999999657,
  "initial_nodal_pressure": {
    "1": 6.5e6,
    "2": 5.14516603469103e6
  },
  "initial_pipe_pressure": {
    "1": {
      "distance": [
        0.0,
        377.35849056603774,
        754.7169811320755,
        1132.0754716981132,
        1509.433962264151,
        1886.7924528301887,
        2264.1509433962265,
        2641.509433962264,
        3018.867924528302,
        3396.2264150943392,
        3773.5849056603774,
        4150.943396226416,
        4528.301886792453,
        4905.66037735849,
        5283.018867924528,
        5660.377358490566,
        6037.735849056604,
        6415.094339622641,
        6792.4528301886785,
        7169.811320754717,
        7547.169811320755,
        7924.528301886793,
        8301.886792452831,
        8679.245283018869,
        9056.603773584906,
        9433.962264150943,
        9811.32075471698,
        10188.67924528302,
        10566.037735849057,
        10943.396226415094,
        11320.754716981131,
        11698.113207547169,
        12075.471698113208,
        12452.830188679245,
        12830.188679245282,
        13207.54716981132,
        13584.905660377357,
        13962.264150943396,
        14339.622641509433,
        14716.98113207547,
        15094.33962264151,
        15471.698113207549,
        15849.056603773586,
        16226.415094339623,
        16603.773584905663,
        16981.132075471698,
        17358.490566037737,
        17735.849056603773,
        18113.20754716981,
        18490.56603773585,
        18867.924528301886,
        19245.283018867925,
        19622.64150943396,
        20000.0
      ],
      "value": [
        6.5e6,
        6.458155637564486e6,
        6.416084964291025e6,
        6.373836743536537e6,
        6.331461559758934e6,
        6.289011778243791e6,
        6.246541594152692e6,
        6.204106940722343e6,
        6.161765519286836e6,
        6.119576661295447e6,
        6.077601301162162e6,
        6.035901817717967e6,
        5.994541881553151e6,
        5.95358633629512e6,
        5.913100831947961e6,
        5.873151799085455e6,
        5.8338058466150835e6,
        5.795129760613956e6,
        5.757189833032214e6,
        5.720051619487061e6,
        5.683779546773702e6,
        5.648436095631822e6,
        5.614081973134964e6,
        5.580774637459894e6,
        5.548568945096661e6,
        5.517515408136291e6,
        5.487660778058316e6,
        5.459046807414173e6,
        5.431709982459871e6,
        5.405681692013044e6,
        5.380986321678817e6,
        5.357643558044976e6,
        5.3356644839135595e6,
        5.31505594971062e6,
        5.295815441676292e6,
        5.277936101028271e6,
        5.261402348527823e6,
        5.2461932963759e6,
        5.232281392755007e6,
        5.219632076922253e6,
        5.208207295492593e6,
        5.197959961542035e6,
        5.188842904851414e6,
        5.180798567715375e6,
        5.173771907137865e6,
        5.1676972949881395e6,
        5.162513038013665e6,
        5.158148055169894e6,
        5.154535123644913e6,
        5.151599838436111e6,
        5.149270832811402e6,
        5.147472106594025e6,
        5.14612939571826e6,
        5.14516603469103e6
      ]
    }
  },
  "initial_pipe_flow": {
    "1": {
      "distance": [
        0.0,
        188.67924528301887,
        566.0377358490566,
        943.3962264150944,
        1320.754716981132,
        1698.11320754717,
        2075.471698113208,
        2452.830188679245,
        2830.188679245283,
        3207.547169811321,
        3584.905660377359,
        3962.2641509433965,
        4339.622641509433,
        4716.981132075472,
        5094.33962264151,
        5471.698113207547,
        5849.056603773583,
        6226.4150943396235,
        6603.77358490566,
        6981.132075471699,
        7358.490566037735,
        7735.849056603773,
        8113.207547169812,
        8490.566037735849,
        8867.924528301886,
        9245.283018867925,
        9622.641509433963,
        10000.0,
        10377.358490566037,
        10754.716981132075,
        11132.075471698116,
        11509.43396226415,
        11886.792452830188,
        12264.150943396227,
        12641.509433962261,
        13018.867924528302,
        13396.226415094341,
        13773.584905660378,
        14150.943396226414,
        14528.301886792451,
        14905.660377358492,
        15283.018867924528,
        15660.377358490565,
        16037.735849056604,
        16415.094339622643,
        16792.45283018868,
        17169.811320754718,
        17547.169811320757,
        17924.528301886792,
        18301.88679245283,
        18679.245283018867,
        19056.60377358491,
        19433.96226415094,
        19811.32075471698,
        20000.0
      ],
      "value": [
        711.9063678163515,
        710.3681431907256,
        709.9471391206085,
        709.0994268044005,
        707.8188167707531,
        706.0988199663909,
        703.9324697898464,
        701.3125880576123,
        698.231649777343,
        694.6819884252122,
        690.6558307377545,
        686.1453455619551,
        681.1429078507296,
        675.6409633179566,
        669.6325117835651,
        663.110825520245,
        656.0700523352733,
        648.5049489592546,
        640.4113250137659,
        631.7861601352386,
        622.6274157227763,
        612.9349885868342,
        602.7095324031699,
        591.954305772517,
        580.6733208800507,
        568.8732727747606,
        556.5622260953762,
        543.7501153971826,
        530.4495095860334,
        516.6733090353055,
        502.438572011753,
        487.7609388492463,
        472.6613399542978,
        457.1581390154157,
        441.27476881146765,
        425.03261954601487,
        408.4557114360073,
        391.56866158005846,
        374.39435316745823,
        356.9602061041503,
        339.28679594704516,
        321.40332046846333,
        303.3276067344173,
        285.088776731407,
        266.7024189723229,
        248.19542857685255,
        229.5816343426405,
        210.88403697045823,
        192.11519026208921,
        173.29302887953656,
        154.4285054651498,
        135.5345510321224,
        116.62004810004422,
        97.69328012020026,
        78.7599999999999
      ]
    }
  },
  "initial_compressor_flow": {}
}
