{
  "time": 1259.9999999999786,
  "initial_nodal_pressure": {
    "1": 6.5e6,
    "2": 3.290931101104191e6
  },
  "initial_pipe_pressure": {
    "1": {
      "distance": [
        0.0,
        1000.0,
        2000.0,
        3000.0,
        4000.0,
        5000.0,
        6000.0,
        7000.0,
        8000.0,
        9000.0,
        10000.0,
        11000.0,
        12000.0,
        13000.0,
        14000.0,
        15000.0,
        16000.0,
        17000.0,
        18000.0,
        19000.0,
        20000.0
      ],
      "value": [
        6.5e6,
        6.385755802832413e6,
        6.2693682754527535e6,
        6.150600795468143e6,
        6.029100928524448e6,
        5.904701040996409e6,
        5.777051348087616e6,
        5.645713868597122e6,
        5.510424408327092e6,
        5.370649575505001e6,
        5.2258232183349375e6,
        5.075506032802649e6,
        4.918843817677619e6,
        4.755045424763015e6,
        4.583323755853396e6,
        4.402197212138926e6,
        4.210392582837257e6,
        4.006321762684257e6,
        3.787031285985738e6,
        3.549895398642709e6,
        3.290931101104191e6
      ]
    }
  },
  "initial_pipe_flow": {
    "1": {
      "distance": [
        0.0,
        1000.0,
        2000.0,
        3000.0,
        4000.0,
        5000.0,
        6000.0,
        7000.0,
        8000.0,
        9000.0,
        10000.0,
        11000.0,
        12000.0,
        13000.0,
        14000.0,
        15000.0,
        16000.0,
        17000.0,
        18000.0,
        19000.0,
        20000.0
      ],
      "value": [
        711.2680498950929,
        711.5914639190828,
        712.0649086155832,
        712.8673618003538,
        714.0012874977093,
        715.4883041225056,
        717.3302558133389,
        719.5305139791122,
        722.1135314922985,
        725.0745300282102,
        728.4188033769667,
        732.1748257393557,
        736.3317480469547,
        740.9018748612411,
        745.9116957593217,
        751.3560114688337,
        757.2571166238406,
        763.6470977745769,
        770.5377326074221,
        777.9811968145455,
        787.6299999999995
      ]
    }
  },
  "initial_compressor_flow": {}
}
