{
  "time": 1379.999999999975,
  "initial_nodal_pressure": {
    "1": 6.5e6,
    "2": 3.1346504201598386e6
  },
  "initial_pipe_pressure": {
    "1": {
      "distance": [
        0.0,
        1000.0,
        2000.0,
        3000.0,
        4000.0,
        5000.0,
        6000.0,
        7000.0,
        8000.0,
        9000.0,
        10000.0,
        11000.0,
        12000.0,
        13000.0,
        14000.0,
        15000.0,
        16000.0,
        17000.0,
        18000.0,
        19000.0,
        20000.0
      ],
      "value": [
        6.5e6,
        6.380075859628414e6,
        6.257817875163215e6,
        6.132993806451527e6,
        6.005250552985594e6,
        5.874433529292565e6,
        5.7401948990104e6,
        5.602096647293701e6,
        5.459882494371718e6,
        5.313015233441297e6,
        5.16092403324474e6,
        5.003166853810553e6,
        4.838870423767811e6,
        4.667221491679251e6,
        4.48740293670037e6,
        4.297868395530091e6,
        4.0972655402749935e6,
        3.8838875077120997e6,
        3.6545475214939187e6,
        3.406307729280954e6,
        3.1346504201598386e6
      ]
    }
  },
  "initial_pipe_flow": {
    "1": {
      "distance": [
        0.0,
        1000.0,
        2000.0,
        3000.0,
        4000.0,
        5000.0,
        6000.0,
        7000.0,
        8000.0,
        9000.0,
        10000.0,
        11000.0,
        12000.0,
        13000.0,
        14000.0,
        15000.0,
        16000.0,
        17000.0,
        18000.0,
        19000.0,
        20000.0
      ],
      "value": [
        728.8588274412807,
        729.0984872674422,
        729.454517097526,
        730.0585614976048,
        730.913017370189,
        732.0348573542301,
        733.42619950624,
        735.0903693028414,
        737.0469188255958,
        739.2932312462165,
        741.8344746884765,
        744.6939709985861,
        747.864896561206,
        751.3585640501292,
        755.1979408985412,
        759.3815557871766,
        763.9302282247126,
        768.8738590539598,
        774.2272094014871,
        780.0400851106231,
        787.6300000000003
      ]
    }
  },
  "initial_compressor_flow": {}
}
