{
  "time": 1859.9999999999595,
  "initial_nodal_pressure": {
    "1": 6.5e6,
    "2": 4.513853831393884e6
  },
  "initial_pipe_pressure": {
    "1": {
      "distance": [
        0.0,
        1000.0,
        2000.0,
        3000.0,
        4000.0,
        5000.0,
        6000.0,
        7000.0,
        8000.0,
        9000.0,
        10000.0,
        11000.0,
        12000.0,
        13000.0,
        14000.0,
        15000.0,
        16000.0,
        17000.0,
        18000.0,
        19000.0,
        20000.0
      ],
      "value": [
        6.5e6,
        6.368239832055099e6,
        6.233978186207408e6,
        6.097351964097453e6,
        5.958503729088651e6,
        5.817932286635893e6,
        5.67626921330863e6,
        5.534542968211794e6,
        5.394148706101845e6,
        5.256945369485929e6,
        5.12532058700398e6,
        5.001667169188369e6,
        4.88898177607123e6,
        4.78981189691814e6,
        4.705824677055795e6,
        4.63869199116431e6,
        4.588063593135771e6,
        4.552555398376778e6,
        4.530631644589206e6,
        4.518810184767071e6,
        4.513853831393884e6
      ]
    }
  },
  "initial_pipe_flow": {
    "1": {
      "distance": [
        0.0,
        1000.0,
        2000.0,
        3000.0,
        4000.0,
        5000.0,
        6000.0,
        7000.0,
        8000.0,
        9000.0,
        10000.0,
        11000.0,
        12000.0,
        13000.0,
        14000.0,
        15000.0,
        16000.0,
        17000.0,
        18000.0,
        19000.0,
        20000.0
      ],
      "value": [
        764.9024528864212,
        764.5444267433671,
        763.7971407545891,
        762.3607598940326,
        759.8622564276276,
        755.7192244176983,
        749.2771457085734,
        739.7827965338913,
        726.1200926504953,
        707.4090313356256,
        682.7378147694631,
        650.8808692759251,
        611.6278366491398,
        564.747437042295,
        510.3652123594942,
        449.5770949875402,
        383.52394042298744,
        313.46056404472404,
        240.9643367090796,
        167.14627215928687,
        78.75999999999927
      ]
    }
  },
  "initial_compressor_flow": {}
}
