{
  "time": 1199.9999999999807,
  "initial_nodal_pressure": {
    "1": 6.5e6,
    "2": 3.3843557962823217e6
  },
  "initial_pipe_pressure": {
    "1": {
      "distance": [
        0.0,
        1000.0,
        2000.0,
        3000.0,
        4000.0,
        5000.0,
        6000.0,
        7000.0,
        8000.0,
        9000.0,
        10000.0,
        11000.0,
        12000.0,
        13000.0,
        14000.0,
        15000.0,
        16000.0,
        17000.0,
        18000.0,
        19000.0,
        20000.0
      ],
      "value": [
        6.5e6,
        6.389281462682417e6,
        6.276532366192483e6,
        6.161512483406166e6,
        6.04386858641416e6,
        5.923424254847261e6,
        5.799827290769561e6,
        5.672638227123669e6,
        5.541586918195426e6,
        5.406140397090156e6,
        5.265733196484845e6,
        5.119925690963937e6,
        4.967871773852008e6,
        4.808789901253264e6,
        4.641906792760831e6,
        4.465772158428695e6,
        4.279151624233919e6,
        4.0805159815015756e6,
        3.8670275882140426e6,
        3.6362149113373193e6,
        3.3843557962823217e6
      ]
    }
  },
  "initial_pipe_flow": {
    "1": {
      "distance": [
        0.0,
        1000.0,
        2000.0,
        3000.0,
        4000.0,
        5000.0,
        6000.0,
        7000.0,
        8000.0,
        9000.0,
        10000.0,
        11000.0,
        12000.0,
        13000.0,
        14000.0,
        15000.0,
        16000.0,
        17000.0,
        18000.0,
        19000.0,
        20000.0
      ],
      "value": [
        700.1049739767244,
        700.4841624674189,
        701.0339630454473,
        701.9652728589714,
        703.2804558619588,
        705.0039716777385,
        707.1373141079323,
        709.6837073423259,
        712.6705355025609,
        716.0914184126552,
        719.9514967546155,
        724.2822160789287,
        729.0698757579976,
        734.3270509347102,
        740.0819733913978,
        746.3266292790684,
        753.08360655888,
        760.3855098044738,
        768.2413741116854,
        776.7035215016336,
        787.6300000000006
      ]
    }
  },
  "initial_compressor_flow": {}
}
