{
  "time": 2940.0000000001464,
  "initial_nodal_pressure": {
    "1": 6.5e6,
    "2": 6.472246692927273e6
  },
  "initial_pipe_pressure": {
    "1": {
      "distance": [
        0.0,
        1000.0,
        2000.0,
        3000.0,
        4000.0,
        5000.0,
        6000.0,
        7000.0,
        8000.0,
        9000.0,
        10000.0,
        11000.0,
        12000.0,
        13000.0,
        14000.0,
        15000.0,
        16000.0,
        17000.0,
        18000.0,
        19000.0,
        20000.0
      ],
      "value": [
        6.5e6,
        6.498614982780483e6,
        6.497229678300824e6,
        6.495844086899166e6,
        6.49445820086176e6,
        6.493072034891312e6,
        6.4916855872504e6,
        6.490298854299761e6,
        6.488911848190861e6,
        6.487524565066096e6,
        6.486137005009517e6,
        6.484749177624884e6,
        6.483361076872092e6,
        6.481972706258043e6,
        6.480584072851782e6,
        6.479195168348562e6,
        6.477805999456931e6,
        6.476416570728459e6,
        6.475026871492944e6,
        6.473636911542077e6,
        6.472246692927273e6
      ]
    }
  },
  "initial_pipe_flow": {
    "1": {
      "distance": [
        0.0,
        1000.0,
        2000.0,
        3000.0,
        4000.0,
        5000.0,
        6000.0,
        7000.0,
        8000.0,
        9000.0,
        10000.0,
        11000.0,
        12000.0,
        13000.0,
        14000.0,
        15000.0,
        16000.0,
        17000.0,
        18000.0,
        19000.0,
        20000.0
      ],
      "value": [
        78.75840124376647,
        78.75873614474193,
        78.75874742832107,
        78.75876620032216,
        78.75879221500088,
        78.75882560089113,
        78.75886602640284,
        78.75891318375726,
        78.75896709909867,
        78.75902723581729,
        78.75909322636141,
        78.75916496990713,
        78.75924177200586,
        78.75932323594661,
        78.75940902182917,
        78.75949843701255,
        78.75959100428533,
        78.75968619996353,
        78.75978335208148,
        78.75988190399772,
        78.76000000000013
      ]
    }
  },
  "initial_compressor_flow": {}
}
