{
  "time": 420.00000000000284,
  "initial_nodal_pressure": {
    "1": 6.499999999999999e6,
    "2": 6.500000000000002e6
  },
  "initial_pipe_pressure": {
    "1": {
      "distance": [
        0.0,
        1000.0,
        2000.0,
        3000.0,
        4000.0,
        5000.0,
        6000.0,
        7000.0,
        8000.0,
        9000.0,
        10000.0,
        11000.0,
        12000.0,
        13000.0,
        14000.0,
        15000.0,
        16000.0,
        17000.0,
        18000.0,
        19000.0,
        20000.0
      ],
      "value": [
        6.499999999999998e6,
        6.499999999999999e6,
        6.500000000000002e6,
        6.500000000000002e6,
        6.500000000000002e6,
        6.500000000000003e6,
        6.500000000000002e6,
        6.500000000000002e6,
        6.500000000000002e6,
        6.500000000000002e6,
        6.5e6,
        6.500000000000002e6,
        6.500000000000002e6,
        6.500000000000002e6,
        6.500000000000002e6,
        6.500000000000002e6,
        6.500000000000002e6,
        6.500000000000003e6,
        6.500000000000002e6,
        6.500000000000003e6,
        6.500000000000002e6
      ]
    }
  },
  "initial_pipe_flow": {
    "1": {
      "distance": [
        0.0,
        1000.0,
        2000.0,
        3000.0,
        4000.0,
        5000.0,
        6000.0,
        7000.0,
        8000.0,
        9000.0,
        10000.0,
        11000.0,
        12000.0,
        13000.0,
        14000.0,
        15000.0,
        16000.0,
        17000.0,
        18000.0,
        19000.0,
        20000.0
      ],
      "value": [
        -6.124022579568579e-12,
        -4.5451206319606837e-13,
        -2.727072379176411e-12,
        0.0,
        -3.030080421307129e-13,
        0.0,
        -9.09024126392136e-13,
        1.5150402106535617e-12,
        -1.5150402106535617e-12,
        4.545120631960689e-13,
        0.0,
        -9.84776136924814e-13,
        -1.0605281474574959e-12,
        -7.575201053267317e-14,
        -1.515040210653562e-12,
        -1.5150402106535617e-12,
        1.2120321685228514e-12,
        -2.1968083054476657e-12,
        0.0,
        0.0,
        -6.38617369543345e-14
      ]
    }
  },
  "initial_compressor_flow": {}
}
