{
  "time": 2700.0000000001037,
  "initial_nodal_pressure": {
    "1": 6.5e6,
    "2": 6.472141731866865e6
  },
  "initial_pipe_pressure": {
    "1": {
      "distance": [
        0.0,
        1000.0,
        2000.0,
        3000.0,
        4000.0,
        5000.0,
        6000.0,
        7000.0,
        8000.0,
        9000.0,
        10000.0,
        11000.0,
        12000.0,
        13000.0,
        14000.0,
        15000.0,
        16000.0,
        17000.0,
        18000.0,
        19000.0,
        20000.0
      ],
      "value": [
        6.5e6,
        6.498606857306753e6,
        6.497213473775151e6,
        6.495819896686594e6,
        6.494426171972937e6,
        6.493032355095856e6,
        6.491638491968987e6,
        6.490244630556009e6,
        6.488850815395454e6,
        6.487457090326227e6,
        6.486063498387733e6,
        6.484670073389008e6,
        6.483276856054473e6,
        6.4818838784962855e6,
        6.480491164173608e6,
        6.479098749284272e6,
        6.477706650506269e6,
        6.4763148814130025e6,
        6.474923471909944e6,
        6.473532420676376e6,
        6.472141731866865e6
      ]
    }
  },
  "initial_pipe_flow": {
    "1": {
      "distance": [
        0.0,
        1000.0,
        2000.0,
        3000.0,
        4000.0,
        5000.0,
        6000.0,
        7000.0,
        8000.0,
        9000.0,
        10000.0,
        11000.0,
        12000.0,
        13000.0,
        14000.0,
        15000.0,
        16000.0,
        17000.0,
        18000.0,
        19000.0,
        20000.0
      ],
      "value": [
        78.86295885586368,
        78.86586565461424,
        78.86490196109337,
        78.86330092386407,
        78.86108551098697,
        78.85824721449053,
        78.85481663561787,
        78.85082220480196,
        78.84626451379046,
        78.84119097219742,
        78.83563450830668,
        78.82960598194502,
        78.82316459192309,
        78.8163446071011,
        78.80917540499617,
        78.80171434220114,
        78.79400087615477,
        78.78607779590499,
        78.77799923592819,
        78.76980975296445,
        78.76000000000053
      ]
    }
  },
  "initial_compressor_flow": {}
}
