{
  "time": 3000.000000000157,
  "initial_nodal_pressure": {
    "1": 6.499999999999999e6,
    "2": 6.472250276685605e6
  },
  "initial_pipe_pressure": {
    "1": {
      "distance": [
        0.0,
        377.35849056603774,
        754.7169811320755,
        1132.0754716981132,
        1509.433962264151,
        1886.7924528301887,
        2264.1509433962265,
        2641.509433962264,
        3018.867924528302,
        3396.2264150943392,
        3773.5849056603774,
        4150.943396226416,
        4528.301886792453,
        4905.66037735849,
        5283.018867924528,
        5660.377358490566,
        6037.735849056604,
        6415.094339622641,
        6792.4528301886785,
        7169.811320754717,
        7547.169811320755,
        7924.528301886793,
        8301.886792452831,
        8679.245283018869,
        9056.603773584906,
        9433.962264150943,
        9811.32075471698,
        10188.67924528302,
        10566.037735849057,
        10943.396226415094,
        11320.754716981131,
        11698.113207547169,
        12075.471698113208,
        12452.830188679245,
        12830.188679245282,
        13207.54716981132,
        13584.905660377357,
        13962.264150943396,
        14339.622641509433,
        14716.98113207547,
        15094.33962264151,
        15471.698113207549,
        15849.056603773586,
        16226.415094339623,
        16603.773584905663,
        16981.132075471698,
        17358.490566037737,
        17735.849056603773,
        18113.20754716981,
        18490.56603773585,
        18867.924528301886,
        19245.283018867925,
        19622.64150943396,
        20000.0
      ],
      "value": [
        6.499999999999999e6,
        6.4994774932342265e6,
        6.498954944515371e6,
        6.498432353890556e6,
        6.497909721406842e6,
        6.497387047111177e6,
        6.496864331050305e6,
        6.496341573270764e6,
        6.495818773818805e6,
        6.495295932740374e6,
        6.494773050080995e6,
        6.494250125885814e6,
        6.493727160199477e6,
        6.493204153066104e6,
        6.492681104529253e6,
        6.492158014631846e6,
        6.491634883416167e6,
        6.491111710923756e6,
        6.490588497195418e6,
        6.490065242271136e6,
        6.489541946190069e6,
        6.489018608990475e6,
        6.488495230709676e6,
        6.487971811384039e6,
        6.4874483510489e6,
        6.486924849738566e6,
        6.486401307486232e6,
        6.485877724323987e6,
        6.485354100282754e6,
        6.484830435392247e6,
        6.484306729680969e6,
        6.483782983176157e6,
        6.483259195903752e6,
        6.482735367888356e6,
        6.482211499153257e6,
        6.4816875897203265e6,
        6.481163639610043e6,
        6.480639648841463e6,
        6.480115617432178e6,
        6.479591545398296e6,
        6.479067432754445e6,
        6.4785432795137e6,
        6.478019085687629e6,
        6.477494851286229e6,
        6.476970576317918e6,
        6.476446260789535e6,
        6.475921904706308e6,
        6.47539750807186e6,
        6.474873070888172e6,
        6.474348593155589e6,
        6.47382407487283e6,
        6.473299516036933e6,
        6.472774916643283e6,
        6.472250276685605e6
      ]
    }
  },
  "initial_pipe_flow": {
    "1": {
      "distance": [
        0.0,
        188.67924528301887,
        566.0377358490566,
        943.3962264150944,
        1320.754716981132,
        1698.11320754717,
        2075.471698113208,
        2452.830188679245,
        2830.188679245283,
        3207.547169811321,
        3584.905660377359,
        3962.2641509433965,
        4339.622641509433,
        4716.981132075472,
        5094.33962264151,
        5471.698113207547,
        5849.056603773583,
        6226.4150943396235,
        6603.77358490566,
        6981.132075471699,
        7358.490566037735,
        7735.849056603773,
        8113.207547169812,
        8490.566037735849,
        8867.924528301886,
        9245.283018867925,
        9622.641509433963,
        10000.0,
        10377.358490566037,
        10754.716981132075,
        11132.075471698116,
        11509.43396226415,
        11886.792452830188,
        12264.150943396227,
        12641.509433962261,
        13018.867924528302,
        13396.226415094341,
        13773.584905660378,
        14150.943396226414,
        14528.301886792451,
        14905.660377358492,
        15283.018867924528,
        15660.377358490565,
        16037.735849056604,
        16415.094339622643,
        16792.45283018868,
        17169.811320754718,
        17547.169811320757,
        17924.528301886792,
        18301.88679245283,
        18679.245283018867,
        19056.60377358491,
        19433.96226415094,
        19811.32075471698,
        20000.0
      ],
      "value": [
        78.76649086909092,
        78.7664569058333,
        78.7664513448113,
        78.76644022709857,
        78.76642356180267,
        78.76640136285165,
        78.76637364903061,
        78.76634044388821,
        78.7663017757163,
        78.76625767756838,
        78.76620818723883,
        78.76615334715451,
        78.76609320440126,
        78.766027810671,
        78.76595722217947,
        78.76588149966965,
        78.76580070828395,
        78.7657149176131,
        78.76562420149415,
        78.76552863807179,
        78.76542830963258,
        78.7653233025969,
        78.76521370741351,
        78.76509961843986,
        78.76498113397001,
        78.76485835598606,
        78.7647313902334,
        78.76460034598573,
        78.76446533603882,
        78.76432647659053,
        78.76418388710756,
        78.76403769024375,
        78.76388801175659,
        78.76373498034985,
        78.76357872756793,
        78.76341938775506,
        78.76325709781932,
        78.7630919972045,
        78.76292422773591,
        78.76275393352093,
        78.76258126079082,
        78.76240635780275,
        78.7622293747,
        78.7620504633975,
        78.76186977745569,
        78.76168747191493,
        78.76150370321632,
        78.76131862901364,
        78.76113240810494,
        78.760945200261,
        78.76075716606981,
        78.76056846685131,
        78.76037926450749,
        78.76018972134285,
        78.76000000000025
      ]
    }
  },
  "initial_compressor_flow": {}
}
