{
  "time": 3600.0000000002633,
  "initial_nodal_pressure": {
    "1": 6.5e6,
    "2": 6.472252550048329e6
  },
  "initial_pipe_pressure": {
    "1": {
      "distance": [
        0.0,
        1000.0,
        2000.0,
        3000.0,
        4000.0,
        5000.0,
        6000.0,
        7000.0,
        8000.0,
        9000.0,
        10000.0,
        11000.0,
        12000.0,
        13000.0,
        14000.0,
        15000.0,
        16000.0,
        17000.0,
        18000.0,
        19000.0,
        20000.0
      ],
      "value": [
        6.5e6,
        6.498615436568694e6,
        6.497230583230537e6,
        6.49584543770294e6,
        6.4944599892769335e6,
        6.493074250384764e6,
        6.491688216631665e6,
        6.49030188150129e6,
        6.488915255343919e6,
        6.487528331644434e6,
        6.486141108095552e6,
        6.484753592957492e6,
        6.4833657775866175e6,
        6.481977663901148e6,
        6.480589258063125e6,
        6.479200549292136e6,
        6.477811543748441e6,
        6.476422245487714e6,
        6.475032641584525e6,
        6.4736427424576925e6,
        6.472252550048329e6
      ]
    }
  },
  "initial_pipe_flow": {
    "1": {
      "distance": [
        0.0,
        1000.0,
        2000.0,
        3000.0,
        4000.0,
        5000.0,
        6000.0,
        7000.0,
        8000.0,
        9000.0,
        10000.0,
        11000.0,
        12000.0,
        13000.0,
        14000.0,
        15000.0,
        16000.0,
        17000.0,
        18000.0,
        19000.0,
        20000.0
      ],
      "value": [
        78.76000155198291,
        78.76000138084585,
        78.7600013684082,
        78.7600013477227,
        78.76000131907763,
        78.76000128234014,
        78.76000123789838,
        78.76000118609846,
        78.76000112693804,
        78.76000106100855,
        78.76000098873537,
        78.76000091023666,
        78.76000082627,
        78.76000073728986,
        78.7600006436603,
        78.76000054614526,
        78.76000044526184,
        78.7600003415698,
        78.76000023578148,
        78.7600001285213,
        78.7600000000012
      ]
    }
  },
  "initial_compressor_flow": {}
}
