{
  "time": 899.9999999999902,
  "initial_nodal_pressure": {
    "1": 6.500000000000002e6,
    "2": 4.0909239772813735e6
  },
  "initial_pipe_pressure": {
    "1": {
      "distance": [
        0.0,
        377.35849056603774,
        754.7169811320755,
        1132.0754716981132,
        1509.433962264151,
        1886.7924528301887,
        2264.1509433962265,
        2641.509433962264,
        3018.867924528302,
        3396.2264150943392,
        3773.5849056603774,
        4150.943396226416,
        4528.301886792453,
        4905.66037735849,
        5283.018867924528,
        5660.377358490566,
        6037.735849056604,
        6415.094339622641,
        6792.4528301886785,
        7169.811320754717,
        7547.169811320755,
        7924.528301886793,
        8301.886792452831,
        8679.245283018869,
        9056.603773584906,
        9433.962264150943,
        9811.32075471698,
        10188.67924528302,
        10566.037735849057,
        10943.396226415094,
        11320.754716981131,
        11698.113207547169,
        12075.471698113208,
        12452.830188679245,
        12830.188679245282,
        13207.54716981132,
        13584.905660377357,
        13962.264150943396,
        14339.622641509433,
        14716.98113207547,
        15094.33962264151,
        15471.698113207549,
        15849.056603773586,
        16226.415094339623,
        16603.773584905663,
        16981.132075471698,
        17358.490566037737,
        17735.849056603773,
        18113.20754716981,
        18490.56603773585,
        18867.924528301886,
        19245.283018867925,
        19622.64150943396,
        20000.0
      ],
      "value": [
        6.500000000000002e6,
        6.469488958400606e6,
        6.43882283019688e6,
        6.407987166972664e6,
        6.376967101741341e6,
        6.345747330048048e6,
        6.314312089724593e6,
        6.282645139210916e6,
        6.250729734348515e6,
        6.218548603542386e6,
        6.186083921176196e6,
        6.153317279155273e6,
        6.120229656436522e6,
        6.086801386389062e6,
        6.05301212181298e6,
        6.018840797422398e6,
        5.984265589579725e6,
        5.949263873039377e6,
        5.913812174432756e6,
        5.877886122191916e6,
        5.841460392574583e6,
        5.8045086514073005e6,
        5.767003491118443e6,
        5.728916362571362e6,
        5.690217501149669e6,
        5.650875846466281e6,
        5.610858954984703e6,
        5.570132904739004e6,
        5.528662191222255e6,
        5.486409613376811e6,
        5.443336148458942e6,
        5.399400814361698e6,
        5.354560517757957e6,
        5.30876988616285e6,
        5.26198108169787e6,
        5.214143593970889e6,
        5.165204009031526e6,
        5.11510575082618e6,
        5.063788790920873e6,
        5.011189321466663e6,
        4.957239385411501e6,
        4.901866456768923e6,
        4.84499296227859e6,
        4.786535733960031e6,
        4.726405379763939e6,
        4.664505556627934e6,
        4.600732126570655e6,
        4.53497217174575e6,
        4.467102838302919e6,
        4.396989970986525e6,
        4.324486489985849e6,
        4.249430447708282e6,
        4.1716426845347006e6,
        4.0909239772813735e6
      ]
    }
  },
  "initial_pipe_flow": {
    "1": {
      "distance": [
        0.0,
        188.67924528301887,
        566.0377358490566,
        943.3962264150944,
        1320.754716981132,
        1698.11320754717,
        2075.471698113208,
        2452.830188679245,
        2830.188679245283,
        3207.547169811321,
        3584.905660377359,
        3962.2641509433965,
        4339.622641509433,
        4716.981132075472,
        5094.33962264151,
        5471.698113207547,
        5849.056603773583,
        6226.4150943396235,
        6603.77358490566,
        6981.132075471699,
        7358.490566037735,
        7735.849056603773,
        8113.207547169812,
        8490.566037735849,
        8867.924528301886,
        9245.283018867925,
        9622.641509433963,
        10000.0,
        10377.358490566037,
        10754.716981132075,
        11132.075471698116,
        11509.43396226415,
        11886.792452830188,
        12264.150943396227,
        12641.509433962261,
        13018.867924528302,
        13396.226415094341,
        13773.584905660378,
        14150.943396226414,
        14528.301886792451,
        14905.660377358492,
        15283.018867924528,
        15660.377358490565,
        16037.735849056604,
        16415.094339622643,
        16792.45283018868,
        17169.811320754718,
        17547.169811320757,
        17924.528301886792,
        18301.88679245283,
        18679.245283018867,
        19056.60377358491,
        19433.96226415094,
        19811.32075471698,
        20000.0
      ],
      "value": [
        597.7063079837536,
        598.2709034470323,
        598.3914357142086,
        598.6335980774351,
        598.9984537358022,
        599.4870315688322,
        600.1003264128174,
        600.8392993020548,
        601.7048776740907,
        602.6979555372467,
        603.8193936015226,
        605.0700193692012,
        606.4506271882777,
        607.9619782681169,
        609.604800660327,
        611.3797892070705,
        613.287605457645,
        615.3288775593427,
        617.5042001265318,
        619.814134095048,
        622.2592065676364,
        624.8399106599546,
        627.556705355625,
        630.4100153863528,
        633.4002311451386,
        636.5277086546449,
        639.7927696047919,
        643.1957014856151,
        646.7367578386521,
        650.4161586571918,
        654.2340909701817,
        658.1907096513039,
        662.2861384983216,
        666.5204716390765,
        670.8937753299238,
        675.4060902189309,
        680.0574341682742,
        684.8478057361177,
        689.777188447985,
        694.8455560042679,
        700.0528786029129,
        705.3991305925547,
        710.884299715583,
        716.5083982539302,
        722.2714764640504,
        728.1736387730826,
        734.2150633169197,
        740.396025551605,
        746.7169268462677,
        753.1783292111598,
        759.7809976320365,
        766.5259519019272,
        773.4145304088961,
        780.4484691122142,
        787.6299999999997
      ]
    }
  },
  "initial_compressor_flow": {}
}
