{
  "time": 2880.000000000136,
  "initial_nodal_pressure": {
    "1": 6.5e6,
    "2": 6.472258050284904e6
  },
  "initial_pipe_pressure": {
    "1": {
      "distance": [
        0.0,
        377.35849056603774,
        754.7169811320755,
        1132.0754716981132,
        1509.433962264151,
        1886.7924528301887,
        2264.1509433962265,
        2641.509433962264,
        3018.867924528302,
        3396.2264150943392,
        3773.5849056603774,
        4150.943396226416,
        4528.301886792453,
        4905.66037735849,
        5283.018867924528,
        5660.377358490566,
        6037.735849056604,
        6415.094339622641,
        6792.4528301886785,
        7169.811320754717,
        7547.169811320755,
        7924.528301886793,
        8301.886792452831,
        8679.245283018869,
        9056.603773584906,
        9433.962264150943,
        9811.32075471698,
        10188.67924528302,
        10566.037735849057,
        10943.396226415094,
        11320.754716981131,
        11698.113207547169,
        12075.471698113208,
        12452.830188679245,
        12830.188679245282,
        13207.54716981132,
        13584.905660377357,
        13962.264150943396,
        14339.622641509433,
        14716.98113207547,
        15094.33962264151,
        15471.698113207549,
        15849.056603773586,
        16226.415094339623,
        16603.773584905663,
        16981.132075471698,
        17358.490566037737,
        17735.849056603773,
        18113.20754716981,
        18490.56603773585,
        18867.924528301886,
        19245.283018867925,
        19622.64150943396,
        20000.0
      ],
      "value": [
        6.5e6,
        6.499477720265828e6,
        6.498955398436229e6,
        6.498433034362324e6,
        6.497910627895364e6,
        6.497388178886835e6,
        6.496865687188627e6,
        6.496343152653125e6,
        6.495820575133332e6,
        6.495297954483019e6,
        6.494775290556825e6,
        6.494252583210389e6,
        6.493729832300484e6,
        6.49320703768507e6,
        6.49268419922355e6,
        6.4921613167767115e6,
        6.491638390206989e6,
        6.491115419378483e6,
        6.490592404157135e6,
        6.49006934441077e6,
        6.489546240009274e6,
        6.489023090824645e6,
        6.488499896731121e6,
        6.48797665760526e6,
        6.487453373326069e6,
        6.486930043775056e6,
        6.48640666883636e6,
        6.485883248396817e6,
        6.485359782346065e6,
        6.484836270576596e6,
        6.4843127129838765e6,
        6.483789109466392e6,
        6.483265459925743e6,
        6.482741764266703e6,
        6.482218022397309e6,
        6.481694234228889e6,
        6.481170399676176e6,
        6.480646518657317e6,
        6.480122591093979e6,
        6.4795986169113545e6,
        6.479074596038268e6,
        6.478550528407158e6,
        6.478026413954202e6,
        6.47750225261928e6,
        6.476978044346077e6,
        6.476453789082086e6,
        6.475929486778642e6,
        6.475405137390982e6,
        6.474880740878241e6,
        6.474356297203487e6,
        6.473831806333768e6,
        6.473307268240085e6,
        6.472782682897453e6,
        6.472258050284904e6
      ]
    }
  },
  "initial_pipe_flow": {
    "1": {
      "distance": [
        0.0,
        188.67924528301887,
        566.0377358490566,
        943.3962264150944,
        1320.754716981132,
        1698.11320754717,
        2075.471698113208,
        2452.830188679245,
        2830.188679245283,
        3207.547169811321,
        3584.905660377359,
        3962.2641509433965,
        4339.622641509433,
        4716.981132075472,
        5094.33962264151,
        5471.698113207547,
        5849.056603773583,
        6226.4150943396235,
        6603.77358490566,
        6981.132075471699,
        7358.490566037735,
        7735.849056603773,
        8113.207547169812,
        8490.566037735849,
        8867.924528301886,
        9245.283018867925,
        9622.641509433963,
        10000.0,
        10377.358490566037,
        10754.716981132075,
        11132.075471698116,
        11509.43396226415,
        11886.792452830188,
        12264.150943396227,
        12641.509433962261,
        13018.867924528302,
        13396.226415094341,
        13773.584905660378,
        14150.943396226414,
        14528.301886792451,
        14905.660377358492,
        15283.018867924528,
        15660.377358490565,
        16037.735849056604,
        16415.094339622643,
        16792.45283018868,
        17169.811320754718,
        17547.169811320757,
        17924.528301886792,
        18301.88679245283,
        18679.245283018867,
        19056.60377358491,
        19433.96226415094,
        19811.32075471698,
        20000.0
      ],
      "value": [
        78.7330396956637,
        78.73337854730586,
        78.73340146745879,
        78.73344729049417,
        78.73351597926401,
        78.73360747676178,
        78.7337217061503,
        78.73385857087872,
        78.73401795475237,
        78.73419972199683,
        78.73440371742927,
        78.73462976659799,
        78.73487767587804,
        78.73514723278126,
        78.73543820594162,
        78.73575034556896,
        78.73608338346679,
        78.73643703340758,
        78.73681099131686,
        78.73720493561144,
        78.73761852741822,
        78.73805141094111,
        78.73850321375785,
        78.7389735471245,
        78.73946200639767,
        78.73996817128867,
        78.74049160636238,
        78.74103186129096,
        78.74158847137821,
        78.74216095787466,
        78.74274882845148,
        78.74335157760298,
        78.7439686870974,
        78.74459962646189,
        78.74524385335422,
        78.74590081417143,
        78.74656994435725,
        78.74725066908127,
        78.74794240351731,
        78.74864455357634,
        78.74935651614959,
        78.75007767996613,
        78.75080742570114,
        78.75154512689791,
        78.75229015016907,
        78.75304185598362,
        78.75379959904265,
        78.75456272890897,
        78.75533059051051,
        78.75610252473587,
        78.75687786888315,
        78.75765595738304,
        78.75843612218955,
        78.75921769344544,
        78.75999999999999
      ]
    }
  },
  "initial_compressor_flow": {}
}
