{
  "time": 179.99999999999937,
  "initial_nodal_pressure": {
    "1": 6.5e6,
    "2": 6.500000000000002e6
  },
  "initial_pipe_pressure": {
    "1": {
      "distance": [
        0.0,
        1000.0,
        2000.0,
        3000.0,
        4000.0,
        5000.0,
        6000.0,
        7000.0,
        8000.0,
        9000.0,
        10000.0,
        11000.0,
        12000.0,
        13000.0,
        14000.0,
        15000.0,
        16000.0,
        17000.0,
        18000.0,
        19000.0,
        20000.0
      ],
      "value": [
        6.5e6,
        6.5e6,
        6.5e6,
        6.5e6,
        6.5e6,
        6.5e6,
        6.5e6,
        6.5e6,
        6.5e6,
        6.5e6,
        6.5e6,
        6.5e6,
        6.5e6,
        6.500000000000002e6,
        6.500000000000002e6,
        6.500000000000002e6,
        6.500000000000002e6,
        6.500000000000002e6,
        6.500000000000002e6,
        6.500000000000002e6,
        6.500000000000002e6
      ]
    }
  },
  "initial_pipe_flow": {
    "1": {
      "distance": [
        0.0,
        1000.0,
        2000.0,
        3000.0,
        4000.0,
        5000.0,
        6000.0,
        7000.0,
        8000.0,
        9000.0,
        10000.0,
        11000.0,
        12000.0,
        13000.0,
        14000.0,
        15000.0,
        16000.0,
        17000.0,
        18000.0,
        19000.0,
        20000.0
      ],
      "value": [
        -1.5150402106535615e-12,
        0.0,
        0.0,
        0.0,
        0.0,
        0.0,
        0.0,
        0.0,
        2.424064337045696e-12,
        9.84776136924815e-13,
        1.5150402106535615e-12,
        1.5150402106535617e-12,
        -6.060160842614297e-13,
        -1.5150402106535617e-12,
        0.0,
        -1.5150402106535617e-12,
        -1.5150402106535617e-12,
        -1.5150402106535617e-12,
        -1.5150402106535617e-12,
        -1.515040210653562e-12,
        -1.5150402106535617e-12
      ]
    }
  },
  "initial_compressor_flow": {}
}
