{
  "time": 3300.00000000021,
  "initial_nodal_pressure": {
    "1": 6.5e6,
    "2": 6.472252556704249e6
  },
  "initial_pipe_pressure": {
    "1": {
      "distance": [
        0.0,
        1000.0,
        2000.0,
        3000.0,
        4000.0,
        5000.0,
        6000.0,
        7000.0,
        8000.0,
        9000.0,
        10000.0,
        11000.0,
        12000.0,
        13000.0,
        14000.0,
        15000.0,
        16000.0,
        17000.0,
        18000.0,
        19000.0,
        20000.0
      ],
      "value": [
        6.5e6,
        6.498615437091325e6,
        6.497230584271541e6,
        6.495845439255099e6,
        6.494459991329685e6,
        6.4930742529250905e6,
        6.491688219643597e6,
        6.490301884965692e6,
        6.488915259239744e6,
        6.487528335947703e6,
        6.4861411127796555e6,
        6.484753597994423e6,
        6.483365782945499e6,
        6.4819776695494e6,
        6.480589263967246e6,
        6.479200555415948e6,
        6.477811550055248e6,
        6.476422251940397e6,
        6.475032648143581e6,
        6.473642749084475e6,
        6.472252556704249e6
      ]
    }
  },
  "initial_pipe_flow": {
    "1": {
      "distance": [
        0.0,
        1000.0,
        2000.0,
        3000.0,
        4000.0,
        5000.0,
        6000.0,
        7000.0,
        8000.0,
        9000.0,
        10000.0,
        11000.0,
        12000.0,
        13000.0,
        14000.0,
        15000.0,
        16000.0,
        17000.0,
        18000.0,
        19000.0,
        20000.0
      ],
      "value": [
        78.76018139943992,
        78.76017626421255,
        78.76017466611628,
        78.7601720103696,
        78.76016833441837,
        78.76016362329196,
        78.76015792694463,
        78.76015129179959,
        78.76014371785165,
        78.76013528316882,
        78.7601260418189,
        78.76011601104126,
        78.76010528904523,
        78.76009393252878,
        78.76008199009544,
        78.76006955748613,
        78.76005670060145,
        78.76004349107633,
        78.76003001978357,
        78.76001636165957,
        78.75999999999978
      ]
    }
  },
  "initial_compressor_flow": {}
}
