{
  "time": 3060.000000000168,
  "initial_nodal_pressure": {
    "1": 6.5e6,
    "2": 6.472253662319881e6
  },
  "initial_pipe_pressure": {
    "1": {
      "distance": [
        0.0,
        377.35849056603774,
        754.7169811320755,
        1132.0754716981132,
        1509.433962264151,
        1886.7924528301887,
        2264.1509433962265,
        2641.509433962264,
        3018.867924528302,
        3396.2264150943392,
        3773.5849056603774,
        4150.943396226416,
        4528.301886792453,
        4905.66037735849,
        5283.018867924528,
        5660.377358490566,
        6037.735849056604,
        6415.094339622641,
        6792.4528301886785,
        7169.811320754717,
        7547.169811320755,
        7924.528301886793,
        8301.886792452831,
        8679.245283018869,
        9056.603773584906,
        9433.962264150943,
        9811.32075471698,
        10188.67924528302,
        10566.037735849057,
        10943.396226415094,
        11320.754716981131,
        11698.113207547169,
        12075.471698113208,
        12452.830188679245,
        12830.188679245282,
        13207.54716981132,
        13584.905660377357,
        13962.264150943396,
        14339.622641509433,
        14716.98113207547,
        15094.33962264151,
        15471.698113207549,
        15849.056603773586,
        16226.415094339623,
        16603.773584905663,
        16981.132075471698,
        17358.490566037737,
        17735.849056603773,
        18113.20754716981,
        18490.56603773585,
        18867.924528301886,
        19245.283018867925,
        19622.64150943396,
        20000.0
      ],
      "value": [
        6.5e6,
        6.499477592254894e6,
        6.498955142484852e6,
        6.498432650651768e6,
        6.497910116717579e6,
        6.497387540644293e6,
        6.496864922394021e6,
        6.496342261928947e6,
        6.495819559211429e6,
        6.495296814203971e6,
        6.494774026869244e6,
        6.494251197170141e6,
        6.493728325069784e6,
        6.493205410531511e6,
        6.492682453518968e6,
        6.492159453996089e6,
        6.491636411927097e6,
        6.491113327276581e6,
        6.490590200009471e6,
        6.490067030091081e6,
        6.489543817487136e6,
        6.489020562163758e6,
        6.488497264087537e6,
        6.487973923225517e6,
        6.487450539545203e6,
        6.486927113014634e6,
        6.486403643602349e6,
        6.485880131277423e6,
        6.485356576009514e6,
        6.484832977768813e6,
        6.484309336526147e6,
        6.483785652252918e6,
        6.483261924921177e6,
        6.482738154503604e6,
        6.4822143409735495e6,
        6.481690484305008e6,
        6.481166584472699e6,
        6.480642641452016e6,
        6.480118655219059e6,
        6.479594625750686e6,
        6.479070553024463e6,
        6.478546437018723e6,
        6.478022277712537e6,
        6.4774980750857685e6,
        6.476973829119049e6,
        6.476449539793804e6,
        6.4759252070922265e6,
        6.475400830997353e6,
        6.474876411492991e6,
        6.47435194856378e6,
        6.473827442195182e6,
        6.473302892373457e6,
        6.472778299085716e6,
        6.472253662319881e6
      ]
    }
  },
  "initial_pipe_flow": {
    "1": {
      "distance": [
        0.0,
        188.67924528301887,
        566.0377358490566,
        943.3962264150944,
        1320.754716981132,
        1698.11320754717,
        2075.471698113208,
        2452.830188679245,
        2830.188679245283,
        3207.547169811321,
        3584.905660377359,
        3962.2641509433965,
        4339.622641509433,
        4716.981132075472,
        5094.33962264151,
        5471.698113207547,
        5849.056603773583,
        6226.4150943396235,
        6603.77358490566,
        6981.132075471699,
        7358.490566037735,
        7735.849056603773,
        8113.207547169812,
        8490.566037735849,
        8867.924528301886,
        9245.283018867925,
        9622.641509433963,
        10000.0,
        10377.358490566037,
        10754.716981132075,
        11132.075471698116,
        11509.43396226415,
        11886.792452830188,
        12264.150943396227,
        12641.509433962261,
        13018.867924528302,
        13396.226415094341,
        13773.584905660378,
        14150.943396226414,
        14528.301886792451,
        14905.660377358492,
        15283.018867924528,
        15660.377358490565,
        16037.735849056604,
        16415.094339622643,
        16792.45283018868,
        17169.811320754718,
        17547.169811320757,
        17924.528301886792,
        18301.88679245283,
        18679.245283018867,
        19056.60377358491,
        19433.96226415094,
        19811.32075471698,
        20000.0
      ],
      "value": [
        78.7613927579814,
        78.76130481188815,
        78.76130369447127,
        78.76130146030084,
        78.7612981109609,
        78.76129364899985,
        78.76128807784143,
        78.76128140196418,
        78.76127362665352,
        78.76126475821506,
        78.76125480385471,
        78.76124377169684,
        78.76123167077381,
        78.76121851108749,
        78.76120430346262,
        78.76118905967257,
        78.76117279239027,
        78.76115551512342,
        78.76113724230059,
        78.76111798918032,
        78.76109777186767,
        78.76107660735042,
        78.76105451339006,
        78.76103150858096,
        78.76100761233157,
        78.76098284479379,
        78.76095722693533,
        78.76093078046392,
        78.7609035277638,
        78.76087549204988,
        78.76084669712118,
        78.76081716753771,
        78.76078692846164,
        78.76075600575557,
        78.76072442582213,
        78.76069221575204,
        78.76065940312623,
        78.76062601613202,
        78.76059208345421,
        78.76055763427678,
        78.76052269829023,
        78.76048730560393,
        78.76045148677626,
        78.76041527273911,
        78.76037869481155,
        78.7603417846619,
        78.76030457426982,
        78.76026709587369,
        78.7602293820204,
        78.76019146543067,
        78.76015337905535,
        78.76011515602214,
        78.7600768295799,
        78.76003843308975,
        78.76000000000069
      ]
    }
  },
  "initial_compressor_flow": {}
}
