{
  "time": 659.9999999999978,
  "initial_nodal_pressure": {
    "1": 6.5e6,
    "2": 5.35001155366836e6
  },
  "initial_pipe_pressure": {
    "1": {
      "distance": [
        0.0,
        377.35849056603774,
        754.7169811320755,
        1132.0754716981132,
        1509.433962264151,
        1886.7924528301887,
        2264.1509433962265,
        2641.509433962264,
        3018.867924528302,
        3396.2264150943392,
        3773.5849056603774,
        4150.943396226416,
        4528.301886792453,
        4905.66037735849,
        5283.018867924528,
        5660.377358490566,
        6037.735849056604,
        6415.094339622641,
        6792.4528301886785,
        7169.811320754717,
        7547.169811320755,
        7924.528301886793,
        8301.886792452831,
        8679.245283018869,
        9056.603773584906,
        9433.962264150943,
        9811.32075471698,
        10188.67924528302,
        10566.037735849057,
        10943.396226415094,
        11320.754716981131,
        11698.113207547169,
        12075.471698113208,
        12452.830188679245,
        12830.188679245282,
        13207.54716981132,
        13584.905660377357,
        13962.264150943396,
        14339.622641509433,
        14716.98113207547,
        15094.33962264151,
        15471.698113207549,
        15849.056603773586,
        16226.415094339623,
        16603.773584905663,
        16981.132075471698,
        17358.490566037737,
        17735.849056603773,
        18113.20754716981,
        18490.56603773585,
        18867.924528301886,
        19245.283018867925,
        19622.64150943396,
        20000.0
      ],
      "value": [
        6.5e6,
        6.44355913994786e6,
        6.411865162770603e6,
        6.4010358021821035e6,
        6.393330772672414e6,
        6.383678193130265e6,
        6.37777972068585e6,
        6.374411941373003e6,
        6.367979281454816e6,
        6.360832549773774e6,
        6.355602309338867e6,
        6.348938327851139e6,
        6.341364460173468e6,
        6.334819660418071e6,
        6.327111802960302e6,
        6.318931427270307e6,
        6.311101863373214e6,
        6.302140223738214e6,
        6.293102686366925e6,
        6.283730340654169e6,
        6.273493980446181e6,
        6.263190538062517e6,
        6.252060570766739e6,
        6.240461377245043e6,
        6.228353479854587e6,
        6.215423727648976e6,
        6.202040244901324e6,
        6.1877688930656845e6,
        6.172857489293169e6,
        6.157108430191951e6,
        6.140494604294161e6,
        6.123041113491149e6,
        6.104559067592456e6,
        6.085144572880672e6,
        6.064588035711138e6,
        6.042947170734857e6,
        6.020058530740595e6,
        5.995909081031867e6,
        5.970384376120906e6,
        5.943412470078767e6,
        5.9149052440130245e6,
        5.884753753791844e6,
        5.852873284993079e6,
        5.819133805709912e6,
        5.783439015774371e6,
        5.74564497284054e6,
        5.7056358663403485e6,
        5.663254700606908e6,
        5.618362065546238e6,
        5.570785256373199e6,
        5.5203582859002175e6,
        5.46688824865561e6,
        5.410178976037069e6,
        5.35001155366836e6
      ]
    }
  },
  "initial_pipe_flow": {
    "1": {
      "distance": [
        0.0,
        188.67924528301887,
        566.0377358490566,
        943.3962264150944,
        1320.754716981132,
        1698.11320754717,
        2075.471698113208,
        2452.830188679245,
        2830.188679245283,
        3207.547169811321,
        3584.905660377359,
        3962.2641509433965,
        4339.622641509433,
        4716.981132075472,
        5094.33962264151,
        5471.698113207547,
        5849.056603773583,
        6226.4150943396235,
        6603.77358490566,
        6981.132075471699,
        7358.490566037735,
        7735.849056603773,
        8113.207547169812,
        8490.566037735849,
        8867.924528301886,
        9245.283018867925,
        9622.641509433963,
        10000.0,
        10377.358490566037,
        10754.716981132075,
        11132.075471698116,
        11509.43396226415,
        11886.792452830188,
        12264.150943396227,
        12641.509433962261,
        13018.867924528302,
        13396.226415094341,
        13773.584905660378,
        14150.943396226414,
        14528.301886792451,
        14905.660377358492,
        15283.018867924528,
        15660.377358490565,
        16037.735849056604,
        16415.094339622643,
        16792.45283018868,
        17169.811320754718,
        17547.169811320757,
        17924.528301886792,
        18301.88679245283,
        18679.245283018867,
        19056.60377358491,
        19433.96226415094,
        19811.32075471698,
        20000.0
      ],
      "value": [
        245.72563711276015,
        331.41800652071737,
        278.16136072483636,
        222.44346809134137,
        201.83080322382494,
        207.81074821939566,
        214.06899081714673,
        216.00483232922943,
        223.42725340510012,
        232.5047196427641,
        237.3983689996905,
        244.2808553952472,
        252.915145543646,
        259.0623098457575,
        266.7234885881286,
        275.1199361697754,
        282.1520851462129,
        290.72848019560865,
        299.0552817352871,
        307.1715648602985,
        316.37673883173335,
        324.98788171841625,
        334.30229833735586,
        343.82086904335154,
        353.3048315197842,
        363.48395128811984,
        373.50436540417815,
        384.10628843490366,
        394.837298620591,
        405.86220481089657,
        417.2813905009405,
        428.84432697005093,
        440.88822212217417,
        453.08770535804257,
        465.7333446945962,
        478.6158624183189,
        491.8803505171064,
        505.4580444433881,
        519.3726570873904,
        533.6455422750261,
        548.2368224767122,
        563.2030337279525,
        578.4855668706541,
        594.1419590240664,
        610.1175158719783,
        626.456405516801,
        643.114662063062,
        660.1202128414467,
        677.4389962885182,
        695.0844107450893,
        713.029208524478,
        731.2748076985357,
        749.7979434994752,
        768.5900073547194,
        787.6299999999995
      ]
    }
  },
  "initial_compressor_flow": {}
}
