{
  "time": 1679.9999999999654,
  "initial_nodal_pressure": {
    "1": 6.5e6,
    "2": 2.870291533254401e6
  },
  "initial_pipe_pressure": {
    "1": {
      "distance": [
        0.0,
        1000.0,
        2000.0,
        3000.0,
        4000.0,
        5000.0,
        6000.0,
        7000.0,
        8000.0,
        9000.0,
        10000.0,
        11000.0,
        12000.0,
        13000.0,
        14000.0,
        15000.0,
        16000.0,
        17000.0,
        18000.0,
        19000.0,
        20000.0
      ],
      "value": [
        6.5e6,
        6.371111822456374e6,
        6.239566365357733e6,
        6.105133984467272e6,
        5.967454659252185e6,
        5.826390680675579e6,
        5.681591206228672e6,
        5.532610540139902e6,
        5.379199314256736e6,
        5.2208044011514215e6,
        5.05683616898562e6,
        4.886837654794143e6,
        4.7098863057810515e6,
        4.5251125380871985e6,
        4.331626423676008e6,
        4.127732576751323e6,
        3.911898112051543e6,
        3.6821468184344834e6,
        3.434760706632328e6,
        3.1660755126079707e6,
        2.870291533254401e6
      ]
    }
  },
  "initial_pipe_flow": {
    "1": {
      "distance": [
        0.0,
        1000.0,
        2000.0,
        3000.0,
        4000.0,
        5000.0,
        6000.0,
        7000.0,
        8000.0,
        9000.0,
        10000.0,
        11000.0,
        12000.0,
        13000.0,
        14000.0,
        15000.0,
        16000.0,
        17000.0,
        18000.0,
        19000.0,
        20000.0
      ],
      "value": [
        755.7099876395253,
        755.8320243939529,
        756.0172681554152,
        756.3320694216942,
        756.7781568070632,
        757.365008594911,
        758.0944067302864,
        758.968831069737,
        759.9995679422251,
        761.1862223381729,
        762.5326674108753,
        764.052943319901,
        765.7448945385278,
        767.6165395835704,
        769.6830043750788,
        771.9461784451386,
        774.4212846557225,
        777.1302562515057,
        780.0876204515498,
        783.3317072982394,
        787.63
      ]
    }
  },
  "initial_compressor_flow": {}
}
