{
  "time": 3180.0000000001887,
  "initial_nodal_pressure": {
    "1": 6.5e6,
    "2": 6.472252381866132e6
  },
  "initial_pipe_pressure": {
    "1": {
      "distance": [
        0.0,
        1000.0,
        2000.0,
        3000.0,
        4000.0,
        5000.0,
        6000.0,
        7000.0,
        8000.0,
        9000.0,
        10000.0,
        11000.0,
        12000.0,
        13000.0,
        14000.0,
        15000.0,
        16000.0,
        17000.0,
        18000.0,
        19000.0,
        20000.0
      ],
      "value": [
        6.5e6,
        6.498615423515774e6,
        6.497230557204472e6,
        6.495845398858736e6,
        6.494459937855603e6,
        6.493074186692166e6,
        6.491688141049794e6,
        6.49030179449454e6,
        6.488915157427996e6,
        6.487528223411114e6,
        6.486140990204926e6,
        6.484753466107832e6,
        6.483365642550618e6,
        6.481977521496715e6,
        6.48058910913378e6,
        6.479200394752069e6,
        6.477811384527097e6,
        6.476422082528305e6,
        6.475032475894444e6,
        6.4736425750258025e6,
        6.472252381866132e6
      ]
    }
  },
  "initial_pipe_flow": {
    "1": {
      "distance": [
        0.0,
        1000.0,
        2000.0,
        3000.0,
        4000.0,
        5000.0,
        6000.0,
        7000.0,
        8000.0,
        9000.0,
        10000.0,
        11000.0,
        12000.0,
        13000.0,
        14000.0,
        15000.0,
        16000.0,
        17000.0,
        18000.0,
        19000.0,
        20000.0
      ],
      "value": [
        78.75943655164257,
        78.75945936643282,
        78.7594642645166,
        78.75947240468743,
        78.75948367263946,
        78.75949811464757,
        78.75951557802738,
        78.75953592094574,
        78.75955914387754,
        78.75958500783928,
        78.75961334739169,
        78.7596441100857,
        78.75967699490377,
        78.75971182810267,
        78.75974846077536,
        78.75978659915191,
        78.75982604100443,
        78.75986656646984,
        78.75990789634093,
        78.7599498005,
        78.7600000000005
      ]
    }
  },
  "initial_compressor_flow": {}
}
