{
  "time": 3420.0000000002315,
  "initial_nodal_pressure": {
    "1": 6.5e6,
    "2": 6.472252553357487e6
  },
  "initial_pipe_pressure": {
    "1": {
      "distance": [
        0.0,
        1000.0,
        2000.0,
        3000.0,
        4000.0,
        5000.0,
        6000.0,
        7000.0,
        8000.0,
        9000.0,
        10000.0,
        11000.0,
        12000.0,
        13000.0,
        14000.0,
        15000.0,
        16000.0,
        17000.0,
        18000.0,
        19000.0,
        20000.0
      ],
      "value": [
        6.5e6,
        6.498615436822781e6,
        6.497230583737609e6,
        6.495845438460399e6,
        6.494459990280503e6,
        6.493074251628829e6,
        6.491688218109084e6,
        6.490301883203306e6,
        6.488915257260684e6,
        6.487528333764591e6,
        6.486141110406354e6,
        6.484753595445388e6,
        6.483365780236566e6,
        6.481977666697148e6,
        6.480589260988641e6,
        6.4792005523291845e6,
        6.477811546878683e6,
        6.476422248692484e6,
        6.47503264484383e6,
        6.473642745751831e6,
        6.472252553357487e6
      ]
    }
  },
  "initial_pipe_flow": {
    "1": {
      "distance": [
        0.0,
        1000.0,
        2000.0,
        3000.0,
        4000.0,
        5000.0,
        6000.0,
        7000.0,
        8000.0,
        9000.0,
        10000.0,
        11000.0,
        12000.0,
        13000.0,
        14000.0,
        15000.0,
        16000.0,
        17000.0,
        18000.0,
        19000.0,
        20000.0
      ],
      "value": [
        78.75994878027664,
        78.75994980181645,
        78.75995025711677,
        78.75995101372011,
        78.75995206094623,
        78.75995340302117,
        78.7599550256956,
        78.75995691572002,
        78.75995907308362,
        78.75996147551663,
        78.75996410759723,
        78.759966964429,
        78.75997001801407,
        78.75997325219151,
        78.75997665311647,
        78.75998019352134,
        78.75998385465,
        78.75998761610954,
        78.75999145204366,
        78.75999534113545,
        78.76000000000141
      ]
    }
  },
  "initial_compressor_flow": {}
}
