{
  "time": 2039.9999999999868,
  "initial_nodal_pressure": {
    "1": 6.499999999999999e6,
    "2": 5.960121142968567e6
  },
  "initial_pipe_pressure": {
    "1": {
      "distance": [
        0.0,
        377.35849056603774,
        754.7169811320755,
        1132.0754716981132,
        1509.433962264151,
        1886.7924528301887,
        2264.1509433962265,
        2641.509433962264,
        3018.867924528302,
        3396.2264150943392,
        3773.5849056603774,
        4150.943396226416,
        4528.301886792453,
        4905.66037735849,
        5283.018867924528,
        5660.377358490566,
        6037.735849056604,
        6415.094339622641,
        6792.4528301886785,
        7169.811320754717,
        7547.169811320755,
        7924.528301886793,
        8301.886792452831,
        8679.245283018869,
        9056.603773584906,
        9433.962264150943,
        9811.32075471698,
        10188.67924528302,
        10566.037735849057,
        10943.396226415094,
        11320.754716981131,
        11698.113207547169,
        12075.471698113208,
        12452.830188679245,
        12830.188679245282,
        13207.54716981132,
        13584.905660377357,
        13962.264150943396,
        14339.622641509433,
        14716.98113207547,
        15094.33962264151,
        15471.698113207549,
        15849.056603773586,
        16226.415094339623,
        16603.773584905663,
        16981.132075471698,
        17358.490566037737,
        17735.849056603773,
        18113.20754716981,
        18490.56603773585,
        18867.924528301886,
        19245.283018867925,
        19622.64150943396,
        20000.0
      ],
      "value": [
        6.499999999999999e6,
        6.481884918599981e6,
        6.463744324455826e6,
        6.4456067402956905e6,
        6.427500952222186e6,
        6.409455897941332e6,
        6.39150054951162e6,
        6.373663794695107e6,
        6.355974313503376e6,
        6.338460455563317e6,
        6.321150113840951e6,
        6.304070601080729e6,
        6.287248525063835e6,
        6.27070966706131e6,
        6.25447886354502e6,
        6.238579889828716e6,
        6.223035352981785e6,
        6.207866584177129e6,
        6.193093546950893e6,
        6.178734742162332e6,
        6.164807134367468e6,
        6.151326074052202e6,
        6.138305242831614e6,
        6.125756598190634e6,
        6.113690336261571e6,
        6.102114864186589e6,
        6.091036777820499e6,
        6.080460865518085e6,
        6.070390098167179e6,
        6.060825665124591e6,
        6.051766975500014e6,
        6.043211723042993e6,
        6.035155899714182e6,
        6.027593882198378e6,
        6.020518461093377e6,
        6.013920938521273e6,
        6.007791177257749e6,
        6.002117697820803e6,
        5.996887751217328e6,
        5.992087405122222e6,
        5.987701641117749e6,
        5.983714423286309e6,
        5.9801088168111965e6,
        5.976867036923997e6,
        5.973970581570639e6,
        5.9714002631908115e6,
        5.969136345350171e6,
        5.967158562673784e6,
        5.965446250377424e6,
        5.963978358687787e6,
        5.962733565393358e6,
        5.961690290329772e6,
        5.960826783405952e6,
        5.960121142968567e6
      ]
    }
  },
  "initial_pipe_flow": {
    "1": {
      "distance": [
        0.0,
        188.67924528301887,
        566.0377358490566,
        943.3962264150944,
        1320.754716981132,
        1698.11320754717,
        2075.471698113208,
        2452.830188679245,
        2830.188679245283,
        3207.547169811321,
        3584.905660377359,
        3962.2641509433965,
        4339.622641509433,
        4716.981132075472,
        5094.33962264151,
        5471.698113207547,
        5849.056603773583,
        6226.4150943396235,
        6603.77358490566,
        6981.132075471699,
        7358.490566037735,
        7735.849056603773,
        8113.207547169812,
        8490.566037735849,
        8867.924528301886,
        9245.283018867925,
        9622.641509433963,
        10000.0,
        10377.358490566037,
        10754.716981132075,
        11132.075471698116,
        11509.43396226415,
        11886.792452830188,
        12264.150943396227,
        12641.509433962261,
        13018.867924528302,
        13396.226415094341,
        13773.584905660378,
        14150.943396226414,
        14528.301886792451,
        14905.660377358492,
        15283.018867924528,
        15660.377358490565,
        16037.735849056604,
        16415.094339622643,
        16792.45283018868,
        17169.811320754718,
        17547.169811320757,
        17924.528301886792,
        18301.88679245283,
        18679.245283018867,
        19056.60377358491,
        19433.96226415094,
        19811.32075471698,
        20000.0
      ],
      "value": [
        479.5524195938271,
        477.4715193754536,
        477.10779877925245,
        476.3788250946166,
        475.283626334545,
        473.8218049974011,
        471.9935531439908,
        469.7996616599364,
        467.2415315261335,
        464.32117811181024,
        461.04123720909547,
        457.40496454697796,
        453.4162346272129,
        449.079536446326,
        444.39996299261145,
        439.3832040765755,
        434.0355254565306,
        428.3637586562789,
        422.37527030860923,
        416.0779477232808,
        409.48016094716434,
        402.5907411369617,
        395.4189404222178,
        387.97439835117643,
        380.267106268931,
        372.3073570979748,
        364.10572038840735,
        355.67297279312953,
        347.02008703702955,
        338.158145025971,
        329.098338593111,
        319.8518731054692,
        310.42997233054507,
        300.8437852782077,
        291.1043832981114,
        281.22268579016645,
        271.20943637774303,
        261.0751617309618,
        250.83011672462135,
        240.4842854496836,
        230.0472915366169,
        219.52844213551137,
        208.93660799192716,
        198.28030269928738,
        187.5675440407024,
        176.80595444349566,
        166.00261923838778,
        155.16419199544998,
        144.2967650104008,
        133.40596465273313,
        122.49684597168671,
        111.57396761625824,
        100.64131734615154,
        89.70236079970718,
        78.76000000000012
      ]
    }
  },
  "initial_compressor_flow": {}
}
