{
  "time": 1439.999999999973,
  "initial_nodal_pressure": {
    "1": 6.5e6,
    "2": 3.06919930972265e6
  },
  "initial_pipe_pressure": {
    "1": {
      "distance": [
        0.0,
        377.35849056603774,
        754.7169811320755,
        1132.0754716981132,
        1509.433962264151,
        1886.7924528301887,
        2264.1509433962265,
        2641.509433962264,
        3018.867924528302,
        3396.2264150943392,
        3773.5849056603774,
        4150.943396226416,
        4528.301886792453,
        4905.66037735849,
        5283.018867924528,
        5660.377358490566,
        6037.735849056604,
        6415.094339622641,
        6792.4528301886785,
        7169.811320754717,
        7547.169811320755,
        7924.528301886793,
        8301.886792452831,
        8679.245283018869,
        9056.603773584906,
        9433.962264150943,
        9811.32075471698,
        10188.67924528302,
        10566.037735849057,
        10943.396226415094,
        11320.754716981131,
        11698.113207547169,
        12075.471698113208,
        12452.830188679245,
        12830.188679245282,
        13207.54716981132,
        13584.905660377357,
        13962.264150943396,
        14339.622641509433,
        14716.98113207547,
        15094.33962264151,
        15471.698113207549,
        15849.056603773586,
        16226.415094339623,
        16603.773584905663,
        16981.132075471698,
        17358.490566037737,
        17735.849056603773,
        18113.20754716981,
        18490.56603773585,
        18867.924528301886,
        19245.283018867925,
        19622.64150943396,
        20000.0
      ],
      "value": [
        6.5e6,
        6.454169140770439e6,
        6.408007357834759e6,
        6.361503783366585e6,
        6.314647123075713e6,
        6.267425634016772e6,
        6.219827100774254e6,
        6.171838809875271e6,
        6.123447522265029e6,
        6.074639443661546e6,
        6.02540019258531e6,
        5.975714765835782e6,
        5.925567501159861e6,
        5.874942036826676e6,
        5.823821267788105e6,
        5.772187298064415e6,
        5.7200213889484e6,
        5.667303902568667e6,
        5.614014240291764e6,
        5.56013077537233e6,
        5.505630779178983e6,
        5.450490340228414e6,
        5.394684275149539e6,
        5.338186030569692e6,
        5.280967574762578e6,
        5.2229992777180765e6,
        5.164249778081591e6,
        5.10468583515835e6,
        5.04427216387728e6,
        4.982971250248889e6,
        4.920743144418347e6,
        4.857545227891462e6,
        4.793331950875511e6,
        4.728054534900782e6,
        4.661660634936222e6,
        4.5940939540366735e6,
        4.525293802098576e6,
        4.455194588475135e6,
        4.3837252359033115e6,
        4.310808500280371e6,
        4.2363601771024745e6,
        4.1602881705771713e6,
        4.0824913951789825e6,
        4.0028584712215965e6,
        3.921266165148355e6,
        3.837577510659058e6,
        3.7516395269905315e6,
        3.663280423429048e6,
        3.5723061411189986e6,
        3.478496029343589e6,
        3.381597375729237e6,
        3.2813183955627573e6,
        3.177319113828245e6,
        3.06919930972265e6
      ]
    }
  },
  "initial_pipe_flow": {
    "1": {
      "distance": [
        0.0,
        188.67924528301887,
        566.0377358490566,
        943.3962264150944,
        1320.754716981132,
        1698.11320754717,
        2075.471698113208,
        2452.830188679245,
        2830.188679245283,
        3207.547169811321,
        3584.905660377359,
        3962.2641509433965,
        4339.622641509433,
        4716.981132075472,
        5094.33962264151,
        5471.698113207547,
        5849.056603773583,
        6226.4150943396235,
        6603.77358490566,
        6981.132075471699,
        7358.490566037735,
        7735.849056603773,
        8113.207547169812,
        8490.566037735849,
        8867.924528301886,
        9245.283018867925,
        9622.641509433963,
        10000.0,
        10377.358490566037,
        10754.716981132075,
        11132.075471698116,
        11509.43396226415,
        11886.792452830188,
        12264.150943396227,
        12641.509433962261,
        13018.867924528302,
        13396.226415094341,
        13773.584905660378,
        14150.943396226414,
        14528.301886792451,
        14905.660377358492,
        15283.018867924528,
        15660.377358490565,
        16037.735849056604,
        16415.094339622643,
        16792.45283018868,
        17169.811320754718,
        17547.169811320757,
        17924.528301886792,
        18301.88679245283,
        18679.245283018867,
        19056.60377358491,
        19433.96226415094,
        19811.32075471698,
        20000.0
      ],
      "value": [
        735.8383248039654,
        735.946208896882,
        735.9750215242357,
        736.0330476696319,
        736.120685020601,
        736.2383281017592,
        736.3863683322717,
        736.5651941021905,
        736.7751908695376,
        737.0167412802435,
        737.2902253133012,
        737.5960204537233,
        737.93450189637,
        738.3060427838869,
        738.7110144826227,
        739.1497869007536,
        739.6227288535285,
        740.1302084810255,
        740.6725937248327,
        741.2502528707536,
        741.8635551656299,
        742.5128715178441,
        743.1985752921067,
        743.9210432110513,
        744.6806563779465,
        745.477801437185,
        746.3128718918317,
        747.1862696008412,
        748.0984064822848,
        749.0497064535776,
        750.0406076452609,
        751.0715649315329,
        752.143052828929,
        753.2555688244743,
        754.409637206882,
        755.6058134894247,
        756.8446895319503,
        758.1268994928457,
        759.4531267714366,
        760.8241121385595,
        762.2406633009949,
        763.7036662068625,
        765.2140984791008,
        766.773045468837,
        768.3817195590881,
        770.0414835349142,
        771.7538790870758,
        773.5206618606443,
        775.3438449382487,
        777.2257533222675,
        779.1690929475253,
        781.1770391679191,
        783.2533517632916,
        785.4025267151281,
        787.6300000000003
      ]
    }
  },
  "initial_compressor_flow": {}
}
