{
  "time": 3120.0000000001783,
  "initial_nodal_pressure": {
    "1": 6.5e6,
    "2": 6.472253285314562e6
  },
  "initial_pipe_pressure": {
    "1": {
      "distance": [
        0.0,
        377.35849056603774,
        754.7169811320755,
        1132.0754716981132,
        1509.433962264151,
        1886.7924528301887,
        2264.1509433962265,
        2641.509433962264,
        3018.867924528302,
        3396.2264150943392,
        3773.5849056603774,
        4150.943396226416,
        4528.301886792453,
        4905.66037735849,
        5283.018867924528,
        5660.377358490566,
        6037.735849056604,
        6415.094339622641,
        6792.4528301886785,
        7169.811320754717,
        7547.169811320755,
        7924.528301886793,
        8301.886792452831,
        8679.245283018869,
        9056.603773584906,
        9433.962264150943,
        9811.32075471698,
        10188.67924528302,
        10566.037735849057,
        10943.396226415094,
        11320.754716981131,
        11698.113207547169,
        12075.471698113208,
        12452.830188679245,
        12830.188679245282,
        13207.54716981132,
        13584.905660377357,
        13962.264150943396,
        14339.622641509433,
        14716.98113207547,
        15094.33962264151,
        15471.698113207549,
        15849.056603773586,
        16226.415094339623,
        16603.773584905663,
        16981.132075471698,
        17358.490566037737,
        17735.849056603773,
        18113.20754716981,
        18490.56603773585,
        18867.924528301886,
        19245.283018867925,
        19622.64150943396,
        20000.0
      ],
      "value": [
        6.5e6,
        6.499477581191663e6,
        6.498955120369829e6,
        6.49843261750574e6,
        6.497910072570696e6,
        6.497387485536008e6,
        6.496864856373054e6,
        6.496342185053277e6,
        6.4958194715482015e6,
        6.495296715829478e6,
        6.494773917868835e6,
        6.494251077638182e6,
        6.493728195109541e6,
        6.493205270255118e6,
        6.492682303047294e6,
        6.492159293458666e6,
        6.491636241461999e6,
        6.491113147030348e6,
        6.490590010136941e6,
        6.490066830755328e6,
        6.489543608859264e6,
        6.489020344422852e6,
        6.488497037420439e6,
        6.487973687826717e6,
        6.487450295616677e6,
        6.48692686076567e6,
        6.486403383249386e6,
        6.485879863043854e6,
        6.485356300125518e6,
        6.484832694471175e6,
        6.484309046058016e6,
        6.483785354863655e6,
        6.4832616208660975e6,
        6.482737844043806e6,
        6.482214024375642e6,
        6.48169016184094e6,
        6.48116625641946e6,
        6.480642308091451e6,
        6.480118316837595e6,
        6.479594282639094e6,
        6.479070205477583e6,
        6.478546085335223e6,
        6.478021922194665e6,
        6.477497716039044e6,
        6.476973466852016e6,
        6.476449174617746e6,
        6.475924839320912e6,
        6.475400460946717e6,
        6.47487603948088e6,
        6.474351574909661e6,
        6.473827067219836e6,
        6.47330251639872e6,
        6.472777922434168e6,
        6.472253285314562e6
      ]
    }
  },
  "initial_pipe_flow": {
    "1": {
      "distance": [
        0.0,
        188.67924528301887,
        566.0377358490566,
        943.3962264150944,
        1320.754716981132,
        1698.11320754717,
        2075.471698113208,
        2452.830188679245,
        2830.188679245283,
        3207.547169811321,
        3584.905660377359,
        3962.2641509433965,
        4339.622641509433,
        4716.981132075472,
        5094.33962264151,
        5471.698113207547,
        5849.056603773583,
        6226.4150943396235,
        6603.77358490566,
        6981.132075471699,
        7358.490566037735,
        7735.849056603773,
        8113.207547169812,
        8490.566037735849,
        8867.924528301886,
        9245.283018867925,
        9622.641509433963,
        10000.0,
        10377.358490566037,
        10754.716981132075,
        11132.075471698116,
        11509.43396226415,
        11886.792452830188,
        12264.150943396227,
        12641.509433962261,
        13018.867924528302,
        13396.226415094341,
        13773.584905660378,
        14150.943396226414,
        14528.301886792451,
        14905.660377358492,
        15283.018867924528,
        15660.377358490565,
        16037.735849056604,
        16415.094339622643,
        16792.45283018868,
        17169.811320754718,
        17547.169811320757,
        17924.528301886792,
        18301.88679245283,
        18679.245283018867,
        19056.60377358491,
        19433.96226415094,
        19811.32075471698,
        20000.0
      ],
      "value": [
        78.75859172003267,
        78.75858673591833,
        78.75858795362912,
        78.75859038813144,
        78.75859403734411,
        78.75859889820673,
        78.75860496656783,
        78.75861223724634,
        78.75862070400017,
        78.75863035956047,
        78.75864119563191,
        78.7586532028541,
        78.75866637091579,
        78.75868068844777,
        78.75869614309936,
        78.75871272154049,
        78.75873040948335,
        78.75874919163009,
        78.75876905181566,
        78.75878997285241,
        78.75881193674557,
        78.75883492448197,
        78.7588589162817,
        78.75888389142459,
        78.75890982838997,
        78.75893670480119,
        78.7589644974912,
        78.75899318253751,
        78.75902273518747,
        78.75905313001273,
        78.759084340837,
        78.7591163408016,
        78.75914910236745,
        78.75918259733498,
        78.75921679692621,
        78.75925167171557,
        78.759287191733,
        78.75932332646424,
        78.75936004488145,
        78.7593973154103,
        78.75943510609484,
        78.75947338447236,
        78.75951211769622,
        78.75955127254034,
        78.7595908154177,
        78.75963071240622,
        78.75967092930479,
        78.75971143161384,
        78.75975218463809,
        78.75979315341283,
        78.75983430284441,
        78.75987559764683,
        78.75991700244609,
        78.75995848174563,
        78.7599999999995
      ]
    }
  },
  "initial_compressor_flow": {}
}
