{
  "time": 1559.999999999969,
  "initial_nodal_pressure": {
    "1": 6.5e6,
    "2": 2.9586794837693786e6
  },
  "initial_pipe_pressure": {
    "1": {
      "distance": [
        0.0,
        377.35849056603774,
        754.7169811320755,
        1132.0754716981132,
        1509.433962264151,
        1886.7924528301887,
        2264.1509433962265,
        2641.509433962264,
        3018.867924528302,
        3396.2264150943392,
        3773.5849056603774,
        4150.943396226416,
        4528.301886792453,
        4905.66037735849,
        5283.018867924528,
        5660.377358490566,
        6037.735849056604,
        6415.094339622641,
        6792.4528301886785,
        7169.811320754717,
        7547.169811320755,
        7924.528301886793,
        8301.886792452831,
        8679.245283018869,
        9056.603773584906,
        9433.962264150943,
        9811.32075471698,
        10188.67924528302,
        10566.037735849057,
        10943.396226415094,
        11320.754716981131,
        11698.113207547169,
        12075.471698113208,
        12452.830188679245,
        12830.188679245282,
        13207.54716981132,
        13584.905660377357,
        13962.264150943396,
        14339.622641509433,
        14716.98113207547,
        15094.33962264151,
        15471.698113207549,
        15849.056603773586,
        16226.415094339623,
        16603.773584905663,
        16981.132075471698,
        17358.490566037737,
        17735.849056603773,
        18113.20754716981,
        18490.56603773585,
        18867.924528301886,
        19245.283018867925,
        19622.64150943396,
        20000.0
      ],
      "value": [
        6.5e6,
        6.452766307106396e6,
        6.405181854803458e6,
        6.357235906295618e6,
        6.308917295694025e6,
        6.260214404935387e6,
        6.211115138989133e6,
        6.161606899193983e6,
        6.111676554547124e6,
        6.061310410749291e6,
        6.010494176786233e6,
        5.959212928801166e6,
        5.907451070983564e6,
        5.855192293165921e6,
        5.802419524781892e6,
        5.749114884795131e6,
        5.695259627157642e6,
        5.640834081298193e6,
        5.585817587073961e6,
        5.530188423540603e6,
        5.473923730805184e6,
        5.416999424120691e6,
        5.359390099257126e6,
        5.301068928038972e6,
        5.242007542767883e6,
        5.182175908047281e6,
        5.121542178285706e6,
        5.060072538870039e6,
        4.9977310286578275e6,
        4.934479341027169e6,
        4.870276600226614e6,
        4.805079109165921e6,
        4.738840064054825e6,
        4.671509230397499e6,
        4.6030325737412395e6,
        4.533351837202185e6,
        4.4624040560729215e6,
        4.3901209976577e6,
        4.316428511746892e6,
        4.241245773653849e6,
        4.164484397249218e6,
        4.0860473896026104e6,
        4.0058279112089486e6,
        3.923707795673678e6,
        3.8395557692099456e6,
        3.7532252919889544e6,
        3.6645519182620454e6,
        3.57335003721801e6,
        3.479408807148499e6,
        3.382487024514661e6,
        3.282306565577332e6,
        3.178543882880035e6,
        3.0708188011438213e6,
        2.9586794837693786e6
      ]
    }
  },
  "initial_pipe_flow": {
    "1": {
      "distance": [
        0.0,
        188.67924528301887,
        566.0377358490566,
        943.3962264150944,
        1320.754716981132,
        1698.11320754717,
        2075.471698113208,
        2452.830188679245,
        2830.188679245283,
        3207.547169811321,
        3584.905660377359,
        3962.2641509433965,
        4339.622641509433,
        4716.981132075472,
        5094.33962264151,
        5471.698113207547,
        5849.056603773583,
        6226.4150943396235,
        6603.77358490566,
        6981.132075471699,
        7358.490566037735,
        7735.849056603773,
        8113.207547169812,
        8490.566037735849,
        8867.924528301886,
        9245.283018867925,
        9622.641509433963,
        10000.0,
        10377.358490566037,
        10754.716981132075,
        11132.075471698116,
        11509.43396226415,
        11886.792452830188,
        12264.150943396227,
        12641.509433962261,
        13018.867924528302,
        13396.226415094341,
        13773.584905660378,
        14150.943396226414,
        14528.301886792451,
        14905.660377358492,
        15283.018867924528,
        15660.377358490565,
        16037.735849056604,
        16415.094339622643,
        16792.45283018868,
        17169.811320754718,
        17547.169811320757,
        17924.528301886792,
        18301.88679245283,
        18679.245283018867,
        19056.60377358491,
        19433.96226415094,
        19811.32075471698,
        20000.0
      ],
      "value": [
        747.1237690471959,
        747.2052521052932,
        747.2273711209235,
        747.271927003794,
        747.3392359525269,
        747.4296125659592,
        747.5433699112431,
        747.6808196083125,
        747.8422719324805,
        748.0280359369177,
        748.2384195971533,
        748.47372998004,
        748.7342734396116,
        749.0203558430917,
        749.3322828301464,
        749.6703601093974,
        750.0348937964065,
        750.4261907980406,
        750.844559248894,
        751.2903090060137,
        751.7637522093693,
        752.2652039163651,
        752.794982820057,
        753.35341206228,
        753.9408201544339,
        754.5575420210505,
        755.203920183437,
        755.8803061038593,
        756.5870617141021,
        757.3245611565512,
        758.0931927710757,
        758.8933613671506,
        759.7254908282532,
        760.5900271049643,
        761.487441664552,
        762.4182354790756,
        763.3829436519688,
        764.3821408051343,
        765.4164473770921,
        766.486537018552,
        767.5931453182385,
        768.7370801516469,
        769.919234023965,
        771.1405988820164,
        772.4022840083475,
        773.7055377973289,
        775.051774468341,
        776.442607124584,
        777.8798890628728,
        779.3657659496815,
        780.9027425103254,
        782.4937689083446,
        784.1423543102487,
        785.8527187308194,
        787.6300000000003
      ]
    }
  },
  "initial_compressor_flow": {}
}
