{
  "time": 2880.000000000136,
  "initial_nodal_pressure": {
    "1": 6.5e6,
    "2": 6.472258050284904e6
  },
  "initial_pipe_pressure": {
    "1": {
      "distance": [
        0.0,
        1000.0,
        2000.0,
        3000.0,
        4000.0,
        5000.0,
        6000.0,
        7000.0,
        8000.0,
        9000.0,
        10000.0,
        11000.0,
        12000.0,
        13000.0,
        14000.0,
        15000.0,
        16000.0,
        17000.0,
        18000.0,
        19000.0,
        20000.0
      ],
      "value": [
        6.5e6,
        6.498615861788188e6,
        6.497231431377371e6,
        6.495846704009321e6,
        6.494461666148959e6,
        6.4930763280696925e6,
        6.491690682863958e6,
        6.490304721296635e6,
        6.488918452005937e6,
        6.487531865967941e6,
        6.486144958616586e6,
        6.484757736937689e6,
        6.483370189833875e6,
        6.481982317721519e6,
        6.480594125900988e6,
        6.479205601256543e6,
        6.477816749420232e6,
        6.476427573966913e6,
        6.475038059832064e6,
        6.47364821800098e6,
        6.472258050284904e6
      ]
    }
  },
  "initial_pipe_flow": {
    "1": {
      "distance": [
        0.0,
        1000.0,
        2000.0,
        3000.0,
        4000.0,
        5000.0,
        6000.0,
        7000.0,
        8000.0,
        9000.0,
        10000.0,
        11000.0,
        12000.0,
        13000.0,
        14000.0,
        15000.0,
        16000.0,
        17000.0,
        18000.0,
        19000.0,
        20000.0
      ],
      "value": [
        78.73303969565768,
        78.73345759382161,
        78.73369886026354,
        78.73409975000281,
        78.73465455752323,
        78.73536546265609,
        78.73622484344611,
        78.73722561519278,
        78.73836767290558,
        78.73963916411631,
        78.74103186127886,
        78.74254307374876,
        78.74415796890327,
        78.74586796612508,
        78.74766570974805,
        78.74953680710526,
        78.75147135677416,
        78.75345861466842,
        78.75548497735497,
        78.75753924411532,
        78.76000000000089
      ]
    }
  },
  "initial_compressor_flow": {}
}
