{
  "time": 2460.0000000000614,
  "initial_nodal_pressure": {
    "1": 6.5e6,
    "2": 6.47084458919e6
  },
  "initial_pipe_pressure": {
    "1": {
      "distance": [
        0.0,
        1000.0,
        2000.0,
        3000.0,
        4000.0,
        5000.0,
        6000.0,
        7000.0,
        8000.0,
        9000.0,
        10000.0,
        11000.0,
        12000.0,
        13000.0,
        14000.0,
        15000.0,
        16000.0,
        17000.0,
        18000.0,
        19000.0,
        20000.0
      ],
      "value": [
        6.5e6,
        6.498505939384139e6,
        6.497012217127645e6,
        6.49551947999019e6,
        6.49402845754041e6,
        6.492539723807866e6,
        6.4910539282965e6,
        6.489571769639701e6,
        6.488093696491525e6,
        6.486620347004663e6,
        6.485152294169826e6,
        6.483689862297421e6,
        6.482233662016078e6,
        6.480784063224042e6,
        6.479341272504051e6,
        6.477905855140456e6,
        6.476477925252898e6,
        6.475057582176696e6,
        6.473645327004406e6,
        6.472240994533572e6,
        6.47084458919e6
      ]
    }
  },
  "initial_pipe_flow": {
    "1": {
      "distance": [
        0.0,
        1000.0,
        2000.0,
        3000.0,
        4000.0,
        5000.0,
        6000.0,
        7000.0,
        8000.0,
        9000.0,
        10000.0,
        11000.0,
        12000.0,
        13000.0,
        14000.0,
        15000.0,
        16000.0,
        17000.0,
        18000.0,
        19000.0,
        20000.0
      ],
      "value": [
        81.90615903079103,
        81.89471913074036,
        81.86620820923305,
        81.81883621361905,
        81.7532790289599,
        81.66928110967642,
        81.56774503115341,
        81.44950980926268,
        81.31459028211852,
        81.16438853122489,
        80.99987830651143,
        80.82137979659043,
        80.63064604212133,
        80.42869177198838,
        80.21638701565227,
        79.99543137590855,
        79.76699415436532,
        79.53234355224275,
        79.29308416955384,
        79.05053675689803,
        78.76000000000114
      ]
    }
  },
  "initial_compressor_flow": {}
}
