{
  "time": 2820.000000000125,
  "initial_nodal_pressure": {
    "1": 6.5e6,
    "2": 6.472279348948786e6
  },
  "initial_pipe_pressure": {
    "1": {
      "distance": [
        0.0,
        377.35849056603774,
        754.7169811320755,
        1132.0754716981132,
        1509.433962264151,
        1886.7924528301887,
        2264.1509433962265,
        2641.509433962264,
        3018.867924528302,
        3396.2264150943392,
        3773.5849056603774,
        4150.943396226416,
        4528.301886792453,
        4905.66037735849,
        5283.018867924528,
        5660.377358490566,
        6037.735849056604,
        6415.094339622641,
        6792.4528301886785,
        7169.811320754717,
        7547.169811320755,
        7924.528301886793,
        8301.886792452831,
        8679.245283018869,
        9056.603773584906,
        9433.962264150943,
        9811.32075471698,
        10188.67924528302,
        10566.037735849057,
        10943.396226415094,
        11320.754716981131,
        11698.113207547169,
        12075.471698113208,
        12452.830188679245,
        12830.188679245282,
        13207.54716981132,
        13584.905660377357,
        13962.264150943396,
        14339.622641509433,
        14716.98113207547,
        15094.33962264151,
        15471.698113207549,
        15849.056603773586,
        16226.415094339623,
        16603.773584905663,
        16981.132075471698,
        17358.490566037737,
        17735.849056603773,
        18113.20754716981,
        18490.56603773585,
        18867.924528301886,
        19245.283018867925,
        19622.64150943396,
        20000.0
      ],
      "value": [
        6.5e6,
        6.499478343547153e6,
        6.498956644498117e6,
        6.498434902170741e6,
        6.497913115883877e6,
        6.497391284957888e6,
        6.496869408715246e6,
        6.496347486481081e6,
        6.495825517583735e6,
        6.495303501355329e6,
        6.494781437132314e6,
        6.494259324256001e6,
        6.4937371620731605e6,
        6.493214949936496e6,
        6.492692687205259e6,
        6.492170373245725e6,
        6.491648007431757e6,
        6.491125589145349e6,
        6.490603117777077e6,
        6.490080592726716e6,
        6.489558013403634e6,
        6.489035379227414e6,
        6.488512689628231e6,
        6.487989944047444e6,
        6.487467141937987e6,
        6.486944282764916e6,
        6.486421366005781e6,
        6.485898391151184e6,
        6.485375357705116e6,
        6.48485226518548e6,
        6.48432911312442e6,
        6.48380590106882e6,
        6.483282628580617e6,
        6.482759295237246e6,
        6.482235900632003e6,
        6.4817124443743415e6,
        6.4811889260903355e6,
        6.480665345422858e6,
        6.480141702032081e6,
        6.479617995595557e6,
        6.479094225808741e6,
        6.478570392385034e6,
        6.478046495056262e6,
        6.477522533572678e6,
        6.476998507703434e6,
        6.476474417236521e6,
        6.475950261979242e6,
        6.475426041758077e6,
        6.474901756419159e6,
        6.474377405828075e6,
        6.473852989870305e6,
        6.47332850845105e6,
        6.472803961495498e6,
        6.472279348948786e6
      ]
    }
  },
  "initial_pipe_flow": {
    "1": {
      "distance": [
        0.0,
        188.67924528301887,
        566.0377358490566,
        943.3962264150944,
        1320.754716981132,
        1698.11320754717,
        2075.471698113208,
        2452.830188679245,
        2830.188679245283,
        3207.547169811321,
        3584.905660377359,
        3962.2641509433965,
        4339.622641509433,
        4716.981132075472,
        5094.33962264151,
        5471.698113207547,
        5849.056603773583,
        6226.4150943396235,
        6603.77358490566,
        6981.132075471699,
        7358.490566037735,
        7735.849056603773,
        8113.207547169812,
        8490.566037735849,
        8867.924528301886,
        9245.283018867925,
        9622.641509433963,
        10000.0,
        10377.358490566037,
        10754.716981132075,
        11132.075471698116,
        11509.43396226415,
        11886.792452830188,
        12264.150943396227,
        12641.509433962261,
        13018.867924528302,
        13396.226415094341,
        13773.584905660378,
        14150.943396226414,
        14528.301886792451,
        14905.660377358492,
        15283.018867924528,
        15660.377358490565,
        16037.735849056604,
        16415.094339622643,
        16792.45283018868,
        17169.811320754718,
        17547.169811320757,
        17924.528301886792,
        18301.88679245283,
        18679.245283018867,
        19056.60377358491,
        19433.96226415094,
        19811.32075471698,
        20000.0
      ],
      "value": [
        78.74989164601915,
        78.74877372680238,
        78.74878345957327,
        78.74880291472279,
        78.74883207315423,
        78.74887090720915,
        78.74891938059696,
        78.74897744852676,
        78.74904505770512,
        78.74912214641604,
        78.74920864457668,
        78.74930447388031,
        78.74940954778849,
        78.74952377171948,
        78.74964704307028,
        78.74977925141111,
        78.74992027856761,
        78.75006999867308,
        78.75022827854842,
        78.75039497742716,
        78.75056994764554,
        78.75075303420682,
        78.7509440755239,
        78.75114290302886,
        78.75134934187732,
        78.75156321060612,
        78.75178432183112,
        78.75201248191975,
        78.7522474916763,
        78.75248914605191,
        78.75273723481271,
        78.75299154229756,
        78.75325184800462,
        78.75351792650088,
        78.75378954778904,
        78.7540664775102,
        78.7543484770105,
        78.7546353038366,
        78.75492671153164,
        78.75522245038353,
        78.75552226704369,
        78.75582590532944,
        78.75613310586473,
        78.75644360690889,
        78.75675714390627,
        78.75707345039906,
        78.7573922575325,
        78.7577132950062,
        78.7580362905381,
        78.75836097081057,
        78.75868706103034,
        78.7590142856869,
        78.75934236836049,
        78.75967103219797,
        78.7599999999995
      ]
    }
  },
  "initial_compressor_flow": {}
}
