{
  "time": 1739.9999999999634,
  "initial_nodal_pressure": {
    "1": 6.5e6,
    "2": 2.8328784328928026e6
  },
  "initial_pipe_pressure": {
    "1": {
      "distance": [
        0.0,
        1000.0,
        2000.0,
        3000.0,
        4000.0,
        5000.0,
        6000.0,
        7000.0,
        8000.0,
        9000.0,
        10000.0,
        11000.0,
        12000.0,
        13000.0,
        14000.0,
        15000.0,
        16000.0,
        17000.0,
        18000.0,
        19000.0,
        20000.0
      ],
      "value": [
        6.5e6,
        6.369910390839651e6,
        6.23711798440388e6,
        6.101393018198951e6,
        5.962373911474166e6,
        5.819924787315308e6,
        5.673693724008036e6,
        5.523233144295016e6,
        5.368293955411675e6,
        5.208319778319404e6,
        5.042717159042488e6,
        4.871025900113769e6,
        4.692314647247367e6,
        4.505703769673688e6,
        4.310290583481819e6,
        4.1043542166649178e6,
        3.8863308483259305e6,
        3.654198083736977e6,
        3.404146359982604e6,
        3.1323834719637907e6,
        2.8328784328928026e6
      ]
    }
  },
  "initial_pipe_flow": {
    "1": {
      "distance": [
        0.0,
        1000.0,
        2000.0,
        3000.0,
        4000.0,
        5000.0,
        6000.0,
        7000.0,
        8000.0,
        9000.0,
        10000.0,
        11000.0,
        12000.0,
        13000.0,
        14000.0,
        15000.0,
        16000.0,
        17000.0,
        18000.0,
        19000.0,
        20000.0
      ],
      "value": [
        759.2296466870317,
        759.3372316441133,
        759.5009888911264,
        759.7793390650045,
        760.1738704448347,
        760.6930440162885,
        761.3385228474727,
        762.1125972743347,
        763.0253911480359,
        764.0766854420734,
        765.2700644840437,
        766.6181984921353,
        768.1193770904554,
        769.7809858109057,
        771.6168411369684,
        773.6289970194724,
        775.831543900341,
        778.2448047053988,
        780.8826596181424,
        783.7808967163556,
        787.6300000000003
      ]
    }
  },
  "initial_compressor_flow": {}
}
