{
  "time": 719.9999999999959,
  "initial_nodal_pressure": {
    "1": 6.5e6,
    "2": 4.8946196221171655e6
  },
  "initial_pipe_pressure": {
    "1": {
      "distance": [
        0.0,
        1000.0,
        2000.0,
        3000.0,
        4000.0,
        5000.0,
        6000.0,
        7000.0,
        8000.0,
        9000.0,
        10000.0,
        11000.0,
        12000.0,
        13000.0,
        14000.0,
        15000.0,
        16000.0,
        17000.0,
        18000.0,
        19000.0,
        20000.0
      ],
      "value": [
        6.5e6,
        6.455693675161986e6,
        6.410803632761726e6,
        6.365018866220877e6,
        6.3179525769488895e6,
        6.269290216907003e6,
        6.218622498083579e6,
        6.165443403210907e6,
        6.109361171747403e6,
        6.049771297615582e6,
        5.986003182576698e6,
        5.9174888883021325e6,
        5.843284017442057e6,
        5.762474212368605e6,
        5.674160118425873e6,
        5.5767949936305005e6,
        5.469043365615075e6,
        5.349345523537995e6,
        5.21511057687623e6,
        5.064296256218873e6,
        4.8946196221171655e6
      ]
    }
  },
  "initial_pipe_flow": {
    "1": {
      "distance": [
        0.0,
        1000.0,
        2000.0,
        3000.0,
        4000.0,
        5000.0,
        6000.0,
        7000.0,
        8000.0,
        9000.0,
        10000.0,
        11000.0,
        12000.0,
        13000.0,
        14000.0,
        15000.0,
        16000.0,
        17000.0,
        18000.0,
        19000.0,
        20000.0
      ],
      "value": [
        432.85271699006745,
        435.02274901808573,
        437.33144496888366,
        441.21678762241095,
        446.66582838939337,
        453.77478266636285,
        462.53615981801846,
        472.9636790544383,
        485.1775549303221,
        499.1506201789453,
        514.9173727770907,
        532.6298124760611,
        552.2305241669297,
        573.7848450463476,
        597.4250946183466,
        623.0886992863497,
        650.799014231037,
        680.6426012691527,
        712.6732518906049,
        746.4096009737084,
        787.6299999999993
      ]
    }
  },
  "initial_compressor_flow": {}
}
