{
  "time": 1499.9999999999711,
  "initial_nodal_pressure": {
    "1": 6.5e6,
    "2": 3.0108234348919517e6
  },
  "initial_pipe_pressure": {
    "1": {
      "distance": [
        0.0,
        377.35849056603774,
        754.7169811320755,
        1132.0754716981132,
        1509.433962264151,
        1886.7924528301887,
        2264.1509433962265,
        2641.509433962264,
        3018.867924528302,
        3396.2264150943392,
        3773.5849056603774,
        4150.943396226416,
        4528.301886792453,
        4905.66037735849,
        5283.018867924528,
        5660.377358490566,
        6037.735849056604,
        6415.094339622641,
        6792.4528301886785,
        7169.811320754717,
        7547.169811320755,
        7924.528301886793,
        8301.886792452831,
        8679.245283018869,
        9056.603773584906,
        9433.962264150943,
        9811.32075471698,
        10188.67924528302,
        10566.037735849057,
        10943.396226415094,
        11320.754716981131,
        11698.113207547169,
        12075.471698113208,
        12452.830188679245,
        12830.188679245282,
        13207.54716981132,
        13584.905660377357,
        13962.264150943396,
        14339.622641509433,
        14716.98113207547,
        15094.33962264151,
        15471.698113207549,
        15849.056603773586,
        16226.415094339623,
        16603.773584905663,
        16981.132075471698,
        17358.490566037737,
        17735.849056603773,
        18113.20754716981,
        18490.56603773585,
        18867.924528301886,
        19245.283018867925,
        19622.64150943396,
        20000.0
      ],
      "value": [
        6.5e6,
        6.453421421958447e6,
        6.406501427425346e6,
        6.359229224787347e6,
        6.31159359474213e6,
        6.263582867646159e6,
        6.215184899193565e6,
        6.1663870442721415e6,
        6.117176128825448e6,
        6.067538419530686e6,
        6.017459591080202e6,
        5.966924690829672e6,
        5.915918100547834e6,
        5.864423494970475e6,
        5.812423796824711e6,
        5.759901127947477e6,
        5.706836756073811e6,
        5.653211036815058e6,
        5.599003350282685e6,
        5.544192031739302e6,
        5.488754295572026e6,
        5.43266615178294e6,
        5.375902314073931e6,
        5.318436098465583e6,
        5.260239311228e6,
        5.201282124710275e6,
        5.1415329394290205e6,
        5.08095823050701e6,
        5.019522376231368e6,
        4.957187466114801e6,
        4.893913085378347e6,
        4.829656072211e6,
        4.7643702434762325e6,
        4.698006083696994e6,
        4.630510391119164e6,
        4.561825873376687e6,
        4.491890683691501e6,
        4.420637886547799e6,
        4.347994839262942e6,
        4.273882472675004e6,
        4.198214450060043e6,
        4.120896178079877e6,
        4.0418236366258534e6,
        3.9608819852800495e6,
        3.8779438919295026e6,
        3.7928675126412683e6,
        3.7054940294806524e6,
        3.6156446219223985e6,
        3.5231167039174666e6,
        3.427679196449347e6,
        3.3290665149567365e6,
        3.2269708168594544e6,
        3.121031851033118e6,
        3.0108234348919517e6
      ]
    }
  },
  "initial_pipe_flow": {
    "1": {
      "distance": [
        0.0,
        188.67924528301887,
        566.0377358490566,
        943.3962264150944,
        1320.754716981132,
        1698.11320754717,
        2075.471698113208,
        2452.830188679245,
        2830.188679245283,
        3207.547169811321,
        3584.905660377359,
        3962.2641509433965,
        4339.622641509433,
        4716.981132075472,
        5094.33962264151,
        5471.698113207547,
        5849.056603773583,
        6226.4150943396235,
        6603.77358490566,
        6981.132075471699,
        7358.490566037735,
        7735.849056603773,
        8113.207547169812,
        8490.566037735849,
        8867.924528301886,
        9245.283018867925,
        9622.641509433963,
        10000.0,
        10377.358490566037,
        10754.716981132075,
        11132.075471698116,
        11509.43396226415,
        11886.792452830188,
        12264.150943396227,
        12641.509433962261,
        13018.867924528302,
        13396.226415094341,
        13773.584905660378,
        14150.943396226414,
        14528.301886792451,
        14905.660377358492,
        15283.018867924528,
        15660.377358490565,
        16037.735849056604,
        16415.094339622643,
        16792.45283018868,
        17169.811320754718,
        17547.169811320757,
        17924.528301886792,
        18301.88679245283,
        18679.245283018867,
        19056.60377358491,
        19433.96226415094,
        19811.32075471698,
        20000.0
      ],
      "value": [
        741.876424506229,
        741.9699867530014,
        741.9951939002325,
        742.0459650421453,
        742.1226547021396,
        742.2256151274967,
        742.3551963533246,
        742.5117462841806,
        742.6956107950813,
        742.9071338539321,
        743.1466576675797,
        743.4145228539963,
        743.7110686434122,
        744.0366331115889,
        744.391553448731,
        744.7761662681904,
        745.1908079595156,
        745.6358150910085,
        746.1115248678328,
        746.6182756523415,
        747.1564075544969,
        747.7262631011469,
        748.3281879945032,
        748.9625319715713,
        749.6296497781186,
        750.3299022731264,
        751.0636576820151,
        751.8312930202176,
        752.6331957122536,
        753.4697654359512,
        754.3414162267375,
        755.2485788834742,
        756.1917037251922,
        757.1712637576519,
        758.1877583206847,
        759.2417173018922,
        760.333706020646,
        761.4643309093298,
        762.6342461477408,
        763.8441614434818,
        765.094851198443,
        766.38716536244,
        767.7220423547994,
        769.1005245392234,
        770.5237768766528,
        771.9931095678289,
        773.5100057519379,
        775.0761556785109,
        776.693499260253,
        778.3642796106996,
        780.0911111762229,
        781.8770675515657,
        783.7257962916732,
        785.6416714531168,
        787.6299999999999
      ]
    }
  },
  "initial_compressor_flow": {}
}
