{
  "time": 1499.9999999999711,
  "initial_nodal_pressure": {
    "1": 6.5e6,
    "2": 3.01082343489195e6
  },
  "initial_pipe_pressure": {
    "1": {
      "distance": [
        0.0,
        1000.0,
        2000.0,
        3000.0,
        4000.0,
        5000.0,
        6000.0,
        7000.0,
        8000.0,
        9000.0,
        10000.0,
        11000.0,
        12000.0,
        13000.0,
        14000.0,
        15000.0,
        16000.0,
        17000.0,
        18000.0,
        19000.0,
        20000.0
      ],
      "value": [
        6.5e6,
        6.375774495710647e6,
        6.24906347711038e6,
        6.119636674597783e6,
        5.987138650929884e6,
        5.851423570434033e6,
        5.712143193261178e6,
        5.568857125083826e6,
        5.4213133842411395e6,
        5.268968829313637e6,
        5.111245584968015e6,
        4.947696309004332e6,
        4.777427409223185e6,
        4.599602358135048e6,
        4.413373581819311e6,
        4.217131455713783e6,
        4.009446976087531e6,
        3.7884988384832363e6,
        3.550875079318945e6,
        3.2933330206226865e6,
        3.01082343489195e6
      ]
    }
  },
  "initial_pipe_flow": {
    "1": {
      "distance": [
        0.0,
        1000.0,
        2000.0,
        3000.0,
        4000.0,
        5000.0,
        6000.0,
        7000.0,
        8000.0,
        9000.0,
        10000.0,
        11000.0,
        12000.0,
        13000.0,
        14000.0,
        15000.0,
        16000.0,
        17000.0,
        18000.0,
        19000.0,
        20000.0
      ],
      "value": [
        741.876424506229,
        742.0574684911442,
        742.329280108158,
        742.7907961715648,
        743.4441774329357,
        744.3028233644443,
        745.3688108121133,
        746.6451822474486,
        748.1476105264953,
        749.8747381513718,
        751.8312930202153,
        754.0363384499631,
        756.4855717349317,
        759.1890193528299,
        762.1662800523748,
        765.4179297394419,
        768.96267632078,
        772.82740246909,
        777.0276553303431,
        781.6091740952642,
        787.6299999999999
      ]
    }
  },
  "initial_compressor_flow": {}
}
