{
  "time": 1439.999999999973,
  "initial_nodal_pressure": {
    "1": 6.5e6,
    "2": 3.0691993097226485e6
  },
  "initial_pipe_pressure": {
    "1": {
      "distance": [
        0.0,
        1000.0,
        2000.0,
        3000.0,
        4000.0,
        5000.0,
        6000.0,
        7000.0,
        8000.0,
        9000.0,
        10000.0,
        11000.0,
        12000.0,
        13000.0,
        14000.0,
        15000.0,
        16000.0,
        17000.0,
        18000.0,
        19000.0,
        20000.0
      ],
      "value": [
        6.5e6,
        6.377780034430445e6,
        6.253146074044019e6,
        6.125867086645541e6,
        5.995588936535593e6,
        5.862161844567031e6,
        5.72523797986e6,
        5.584378334586075e6,
        5.439329127212638e6,
        5.289550343133645e6,
        5.134467806619971e6,
        4.973637034374309e6,
        4.806174606278701e6,
        4.631255628531424e6,
        4.448047653217951e6,
        4.254972257896948e6,
        4.050638225596026e6,
        3.83328061147563e6,
        3.599598425812012e6,
        3.3464997326709675e6,
        3.0691993097226485e6
      ]
    }
  },
  "initial_pipe_flow": {
    "1": {
      "distance": [
        0.0,
        1000.0,
        2000.0,
        3000.0,
        4000.0,
        5000.0,
        6000.0,
        7000.0,
        8000.0,
        9000.0,
        10000.0,
        11000.0,
        12000.0,
        13000.0,
        14000.0,
        15000.0,
        16000.0,
        17000.0,
        18000.0,
        19000.0,
        20000.0
      ],
      "value": [
        735.8383248039698,
        736.0461932722785,
        736.3567602861699,
        736.8838885543545,
        737.629868597988,
        738.6097715579377,
        739.825720704526,
        741.2809179854999,
        742.9928641598278,
        744.95965714868,
        747.1862696008436,
        749.6937922281719,
        752.4768076275924,
        755.5460046752963,
        758.9226358600004,
        762.606414027461,
        766.6171507698631,
        770.9833010886026,
        775.720226615053,
        780.8758472348604,
        787.6299999999999
      ]
    }
  },
  "initial_compressor_flow": {}
}
