{
  "time": 2039.9999999999868,
  "initial_nodal_pressure": {
    "1": 6.499999999999999e6,
    "2": 5.960121142968565e6
  },
  "initial_pipe_pressure": {
    "1": {
      "distance": [
        0.0,
        1000.0,
        2000.0,
        3000.0,
        4000.0,
        5000.0,
        6000.0,
        7000.0,
        8000.0,
        9000.0,
        10000.0,
        11000.0,
        12000.0,
        13000.0,
        14000.0,
        15000.0,
        16000.0,
        17000.0,
        18000.0,
        19000.0,
        20000.0
      ],
      "value": [
        6.499999999999998e6,
        6.451954894751737e6,
        6.404069293412418e6,
        6.3568587875629645e6,
        6.310902406184819e6,
        6.266651966182237e6,
        6.224589806666478e6,
        6.185196204317183e6,
        6.148721907808082e6,
        6.11550027555093e6,
        6.085748821669292e6,
        6.059466861680905e6,
        6.036767064379944e6,
        6.017549575935929e6,
        6.0015947031604545e6,
        5.988798082118869e6,
        5.978812104856318e6,
        5.971287067298778e6,
        5.965959944066333e6,
        5.962368419121103e6,
        5.960121142968565e6
      ]
    }
  },
  "initial_pipe_flow": {
    "1": {
      "distance": [
        0.0,
        1000.0,
        2000.0,
        3000.0,
        4000.0,
        5000.0,
        6000.0,
        7000.0,
        8000.0,
        9000.0,
        10000.0,
        11000.0,
        12000.0,
        13000.0,
        14000.0,
        15000.0,
        16000.0,
        17000.0,
        18000.0,
        19000.0,
        20000.0
      ],
      "value": [
        479.5524195938241,
        476.2145452806049,
        472.3592035146719,
        465.9273724896891,
        457.00609155500416,
        445.5698563560401,
        431.7668187364314,
        415.748058384475,
        397.5704806366378,
        377.4811940590996,
        355.67297279313243,
        332.2692708446139,
        307.55411621484683,
        281.716770665565,
        254.92813472715815,
        227.41757918633812,
        199.34593322854496,
        170.86412008068618,
        142.11860493886138,
        113.21239936956736,
        78.75999999999989
      ]
    }
  },
  "initial_compressor_flow": {}
}
