{
  "time": 1259.9999999999786,
  "initial_nodal_pressure": {
    "1": 6.5e6,
    "2": 3.2909311011041915e6
  },
  "initial_pipe_pressure": {
    "1": {
      "distance": [
        0.0,
        377.35849056603774,
        754.7169811320755,
        1132.0754716981132,
        1509.433962264151,
        1886.7924528301887,
        2264.1509433962265,
        2641.509433962264,
        3018.867924528302,
        3396.2264150943392,
        3773.5849056603774,
        4150.943396226416,
        4528.301886792453,
        4905.66037735849,
        5283.018867924528,
        5660.377358490566,
        6037.735849056604,
        6415.094339622641,
        6792.4528301886785,
        7169.811320754717,
        7547.169811320755,
        7924.528301886793,
        8301.886792452831,
        8679.245283018869,
        9056.603773584906,
        9433.962264150943,
        9811.32075471698,
        10188.67924528302,
        10566.037735849057,
        10943.396226415094,
        11320.754716981131,
        11698.113207547169,
        12075.471698113208,
        12452.830188679245,
        12830.188679245282,
        13207.54716981132,
        13584.905660377357,
        13962.264150943396,
        14339.622641509433,
        14716.98113207547,
        15094.33962264151,
        15471.698113207549,
        15849.056603773586,
        16226.415094339623,
        16603.773584905663,
        16981.132075471698,
        17358.490566037737,
        17735.849056603773,
        18113.20754716981,
        18490.56603773585,
        18867.924528301886,
        19245.283018867925,
        19622.64150943396,
        20000.0
      ],
      "value": [
        6.5e6,
        6.4571442902743155e6,
        6.413997614946558e6,
        6.37054867323249e6,
        6.326785739802173e6,
        6.282696644150655e6,
        6.2382687484909855e6,
        6.193488924038791e6,
        6.148343525543374e6,
        6.102818363904763e6,
        6.056898676698332e6,
        6.010569096408529e6,
        5.963813616150585e6,
        5.916615552633211e6,
        5.86895750608601e6,
        5.820821316841825e6,
        5.772188018226038e6,
        5.723037785361003e6,
        5.673349879443553e6,
        5.623102586995496e6,
        5.572273153520298e6,
        5.52083771092156e6,
        5.468771197949223e6,
        5.416047272834542e6,
        5.362638217152729e6,
        5.308514829808789e6,
        5.253646309873358e6,
        5.198000126796519e6,
        5.141541876291553e6,
        5.084235119900252e6,
        5.02604120591623e6,
        4.966919068940827e6,
        4.906825004861817e6,
        4.845712417458682e6,
        4.783531532124471e6,
        4.720229071321235e6,
        4.655747885311751e6,
        4.590026530380976e6,
        4.522998785105165e6,
        4.454593093151159e6,
        4.384731918468183e6,
        4.313330995401314e6,
        4.240298451981716e6,
        4.165533779120573e6,
        4.0889266112178406e6,
        4.010355274183689e6,
        3.9296850441950406e6,
        3.8467660434239474e6,
        3.761430675655078e6,
        3.67349047244581e6,
        3.582732175174821e6,
        3.4889128136545005e6,
        3.3917534479985624e6,
        3.2909311011041915e6
      ]
    }
  },
  "initial_pipe_flow": {
    "1": {
      "distance": [
        0.0,
        188.67924528301887,
        566.0377358490566,
        943.3962264150944,
        1320.754716981132,
        1698.11320754717,
        2075.471698113208,
        2452.830188679245,
        2830.188679245283,
        3207.547169811321,
        3584.905660377359,
        3962.2641509433965,
        4339.622641509433,
        4716.981132075472,
        5094.33962264151,
        5471.698113207547,
        5849.056603773583,
        6226.4150943396235,
        6603.77358490566,
        6981.132075471699,
        7358.490566037735,
        7735.849056603773,
        8113.207547169812,
        8490.566037735849,
        8867.924528301886,
        9245.283018867925,
        9622.641509433963,
        10000.0,
        10377.358490566037,
        10754.716981132075,
        11132.075471698116,
        11509.43396226415,
        11886.792452830188,
        12264.150943396227,
        12641.509433962261,
        13018.867924528302,
        13396.226415094341,
        13773.584905660378,
        14150.943396226414,
        14528.301886792451,
        14905.660377358492,
        15283.018867924528,
        15660.377358490565,
        16037.735849056604,
        16415.094339622643,
        16792.45283018868,
        17169.811320754718,
        17547.169811320757,
        17924.528301886792,
        18301.88679245283,
        18679.245283018867,
        19056.60377358491,
        19433.96226415094,
        19811.32075471698,
        20000.0
      ],
      "value": [
        711.2680498950915,
        711.4388672657615,
        711.4828589909824,
        711.5714123511588,
        711.7050894706459,
        711.8844446914698,
        712.1100245966124,
        712.3823680550729,
        712.702006290929,
        713.0694629785409,
        713.4852543665055,
        713.9498894332714,
        714.46387007764,
        715.027691347946,
        715.6418417140269,
        716.306803386834,
        717.0230526910293,
        717.7910604968023,
        718.6112927178352,
        719.4842108835566,
        720.4102727946753,
        721.3899332726529,
        722.4236450150046,
        723.5118595703752,
        724.6550284492971,
        725.8536043890549,
        727.1080427941415,
        728.4188033769657,
        729.7863520279491,
        731.2111629487124,
        732.6937210881622,
        734.2345249281909,
        735.834089674282,
        737.4929509165257,
        739.2116688392892,
        740.9908330729239,
        742.831068300098,
        744.7330407525963,
        746.6974657638079,
        748.7251165787649,
        750.8168346699008,
        752.9735418656375,
        755.1962546744695,
        757.4861012848822,
        759.8443418486902,
        762.2723928232845,
        764.771856371091,
        767.3445561147179,
        769.9925809545783,
        772.7183392187994,
        775.5246262029298,
        778.41470927542,
        781.3924363413483,
        784.4623758363143,
        787.6299999999995
      ]
    }
  },
  "initial_compressor_flow": {}
}
