{
  "time": 1799.9999999999616,
  "initial_nodal_pressure": {
    "1": 6.5e6,
    "2": 2.962964958482319e6
  },
  "initial_pipe_pressure": {
    "1": {
      "distance": [
        0.0,
        1000.0,
        2000.0,
        3000.0,
        4000.0,
        5000.0,
        6000.0,
        7000.0,
        8000.0,
        9000.0,
        10000.0,
        11000.0,
        12000.0,
        13000.0,
        14000.0,
        15000.0,
        16000.0,
        17000.0,
        18000.0,
        19000.0,
        20000.0
      ],
      "value": [
        6.5e6,
        6.368847451446269e6,
        6.234951400035253e6,
        6.098081877096808e6,
        5.957875783597494e6,
        5.814198765824637e6,
        5.666697796662188e6,
        5.514923443716084e6,
        5.358626708110012e6,
        5.197248081522379e6,
        5.030190431755985e6,
        4.856990414209737e6,
        4.676708384601905e6,
        4.488455244020823e6,
        4.291316320368444e6,
        4.0835469008173496e6,
        3.863554183958839e6,
        3.629272471090921e6,
        3.3768061812291997e6,
        3.102242154056315e6,
        2.962964958482319e6
      ]
    }
  },
  "initial_pipe_flow": {
    "1": {
      "distance": [
        0.0,
        1000.0,
        2000.0,
        3000.0,
        4000.0,
        5000.0,
        6000.0,
        7000.0,
        8000.0,
        9000.0,
        10000.0,
        11000.0,
        12000.0,
        13000.0,
        14000.0,
        15000.0,
        16000.0,
        17000.0,
        18000.0,
        19000.0,
        20000.0
      ],
      "value": [
        762.3286904851145,
        762.4237451319165,
        762.5687791397835,
        762.8153536682134,
        763.1649231358891,
        763.6250464903345,
        764.1972668476793,
        764.8836913545539,
        765.693404097707,
        766.6263161566119,
        767.6857317235931,
        768.8830815028954,
        770.2170096250359,
        771.6942990299876,
        773.3275493260525,
        775.118894701672,
        777.0813347245096,
        779.2336386864031,
        781.5889632677251,
        784.1805940187313,
        433.1950000273321
      ]
    }
  },
  "initial_compressor_flow": {}
}
