{
  "time": 3540.000000000253,
  "initial_nodal_pressure": {
    "1": 6.5e6,
    "2": 6.472252544039799e6
  },
  "initial_pipe_pressure": {
    "1": {
      "distance": [
        0.0,
        1000.0,
        2000.0,
        3000.0,
        4000.0,
        5000.0,
        6000.0,
        7000.0,
        8000.0,
        9000.0,
        10000.0,
        11000.0,
        12000.0,
        13000.0,
        14000.0,
        15000.0,
        16000.0,
        17000.0,
        18000.0,
        19000.0,
        20000.0
      ],
      "value": [
        6.5e6,
        6.498615436103344e6,
        6.497230582302479e6,
        6.495845436317508e6,
        6.494459987442573e6,
        6.493074248112239e6,
        6.491688213934485e6,
        6.49030187839595e6,
        6.488915251848751e6,
        6.487528327780516e6,
        6.486141103886404e6,
        6.484753588428017e6,
        6.483365772764387e6,
        6.4819776588153625e6,
        6.480589252743895e6,
        6.479200543772132e6,
        6.477811538060867e6,
        6.476422239666296e6,
        6.4750326356653e6,
        6.473642736476058e6,
        6.472252544039799e6
      ]
    }
  },
  "initial_pipe_flow": {
    "1": {
      "distance": [
        0.0,
        1000.0,
        2000.0,
        3000.0,
        4000.0,
        5000.0,
        6000.0,
        7000.0,
        8000.0,
        9000.0,
        10000.0,
        11000.0,
        12000.0,
        13000.0,
        14000.0,
        15000.0,
        16000.0,
        17000.0,
        18000.0,
        19000.0,
        20000.0
      ],
      "value": [
        78.76001307029772,
        78.76001290434111,
        78.76001278725901,
        78.76001259272091,
        78.76001232345244,
        78.76001197839194,
        78.7600115611886,
        78.76001107525188,
        78.76001052061751,
        78.7600099029831,
        78.76000922632052,
        78.76000849189391,
        78.76000770690871,
        78.7600068755265,
        78.76000600126721,
        78.76000509118138,
        78.76000415008241,
        78.76000318321094,
        78.76000219719414,
        78.76000119752871,
        78.7599999999988
      ]
    }
  },
  "initial_compressor_flow": {}
}
