{
  "time": 3360.000000000221,
  "initial_nodal_pressure": {
    "1": 6.5e6,
    "2": 6.472252601234536e6
  },
  "initial_pipe_pressure": {
    "1": {
      "distance": [
        0.0,
        1000.0,
        2000.0,
        3000.0,
        4000.0,
        5000.0,
        6000.0,
        7000.0,
        8000.0,
        9000.0,
        10000.0,
        11000.0,
        12000.0,
        13000.0,
        14000.0,
        15000.0,
        16000.0,
        17000.0,
        18000.0,
        19000.0,
        20000.0
      ],
      "value": [
        6.5e6,
        6.4986154405356245e6,
        6.49723059114152e6,
        6.495845449512033e6,
        6.494460004911901e6,
        6.493074269753387e6,
        6.491688239618394e6,
        6.490301907965369e6,
        6.488915285128804e6,
        6.487528364570351e6,
        6.486141143961836e6,
        6.484753631551797e6,
        6.483365818673901e6,
        6.481977707232578e6,
        6.480589303382038e6,
        6.479200596320344e6,
        6.477811592203031e6,
        6.476422295081532e6,
        6.475032692010773e6,
        6.4736427934150575e6,
        6.472252601234536e6
      ]
    }
  },
  "initial_pipe_flow": {
    "1": {
      "distance": [
        0.0,
        1000.0,
        2000.0,
        3000.0,
        4000.0,
        5000.0,
        6000.0,
        7000.0,
        8000.0,
        9000.0,
        10000.0,
        11000.0,
        12000.0,
        13000.0,
        14000.0,
        15000.0,
        16000.0,
        17000.0,
        18000.0,
        19000.0,
        20000.0
      ],
      "value": [
        78.7599614243964,
        78.75995971614377,
        78.75996008355551,
        78.75996069389595,
        78.75996153833952,
        78.75996262005488,
        78.75996392726405,
        78.75996544905156,
        78.7599671851009,
        78.75996911722922,
        78.75997123283086,
        78.75997352764576,
        78.75997597912064,
        78.75997857415082,
        78.75998130152702,
        78.75998413944059,
        78.75998707289928,
        78.75999008564864,
        78.75999315719672,
        78.75999627069095,
        78.75999999999983
      ]
    }
  },
  "initial_compressor_flow": {}
}
