{
  "time": 1979.9999999999764,
  "initial_nodal_pressure": {
    "1": 6.5e6,
    "2": 5.606444624450442e6
  },
  "initial_pipe_pressure": {
    "1": {
      "distance": [
        0.0,
        377.35849056603774,
        754.7169811320755,
        1132.0754716981132,
        1509.433962264151,
        1886.7924528301887,
        2264.1509433962265,
        2641.509433962264,
        3018.867924528302,
        3396.2264150943392,
        3773.5849056603774,
        4150.943396226416,
        4528.301886792453,
        4905.66037735849,
        5283.018867924528,
        5660.377358490566,
        6037.735849056604,
        6415.094339622641,
        6792.4528301886785,
        7169.811320754717,
        7547.169811320755,
        7924.528301886793,
        8301.886792452831,
        8679.245283018869,
        9056.603773584906,
        9433.962264150943,
        9811.32075471698,
        10188.67924528302,
        10566.037735849057,
        10943.396226415094,
        11320.754716981131,
        11698.113207547169,
        12075.471698113208,
        12452.830188679245,
        12830.188679245282,
        13207.54716981132,
        13584.905660377357,
        13962.264150943396,
        14339.622641509433,
        14716.98113207547,
        15094.33962264151,
        15471.698113207549,
        15849.056603773586,
        16226.415094339623,
        16603.773584905663,
        16981.132075471698,
        17358.490566037737,
        17735.849056603773,
        18113.20754716981,
        18490.56603773585,
        18867.924528301886,
        19245.283018867925,
        19622.64150943396,
        20000.0
      ],
      "value": [
        6.5e6,
        6.470585410427204e6,
        6.441076173129878e6,
        6.411516355627363e6,
        6.381950940411995e6,
        6.352425682008481e6,
        6.3229869535950795e6,
        6.293681583418167e6,
        6.2645566768016955e6,
        6.235659434284343e6,
        6.207036946722368e6,
        6.17873599923066e6,
        6.150802848231066e6,
        6.123283013345715e6,
        6.0962210429441305e6,
        6.06966029094281e6,
        6.043642692658791e6,
        6.018208526837645e6,
        5.993396213752658e6,
        5.969242063356466e6,
        5.94578011480526e6,
        5.92304188386786e6,
        5.901056235779269e6,
        5.879849163836437e6,
        5.85944368390419e6,
        5.839859680782608e6,
        5.821113791020221e6,
        5.803219371259573e6,
        5.786186337030591e6,
        5.770021277663878e6,
        5.75472724818359e6,
        5.740304026987945e6,
        5.726747879873567e6,
        5.71405191463887e6,
        5.702205886036737e6,
        5.691196547373493e6,
        5.681007592950483e6,
        5.671619899811816e6,
        5.663011687762981e6,
        5.655158565756092e6,
        5.64803395848648e6,
        5.641608912549438e6,
        5.635852780483929e6,
        5.63073281203743e6,
        5.626215015631045e6,
        5.622263620038618e6,
        5.618841995209719e6,
        5.615912089121414e6,
        5.613435290178097e6,
        5.611371934503969e6,
        5.609682014697054e6,
        5.60832482494085e6,
        5.607259459683893e6,
        5.606444624450442e6
      ]
    }
  },
  "initial_pipe_flow": {
    "1": {
      "distance": [
        0.0,
        188.67924528301887,
        566.0377358490566,
        943.3962264150944,
        1320.754716981132,
        1698.11320754717,
        2075.471698113208,
        2452.830188679245,
        2830.188679245283,
        3207.547169811321,
        3584.905660377359,
        3962.2641509433965,
        4339.622641509433,
        4716.981132075472,
        5094.33962264151,
        5471.698113207547,
        5849.056603773583,
        6226.4150943396235,
        6603.77358490566,
        6981.132075471699,
        7358.490566037735,
        7735.849056603773,
        8113.207547169812,
        8490.566037735849,
        8867.924528301886,
        9245.283018867925,
        9622.641509433963,
        10000.0,
        10377.358490566037,
        10754.716981132075,
        11132.075471698116,
        11509.43396226415,
        11886.792452830188,
        12264.150943396227,
        12641.509433962261,
        13018.867924528302,
        13396.226415094341,
        13773.584905660378,
        14150.943396226414,
        14528.301886792451,
        14905.660377358492,
        15283.018867924528,
        15660.377358490565,
        16037.735849056604,
        16415.094339622643,
        16792.45283018868,
        17169.811320754718,
        17547.169811320757,
        17924.528301886792,
        18301.88679245283,
        18679.245283018867,
        19056.60377358491,
        19433.96226415094,
        19811.32075471698,
        20000.0
      ],
      "value": [
        602.7228179832085,
        600.7253359415789,
        600.2813145802287,
        599.3897100208451,
        598.0474687988735,
        596.2520765560752,
        594.0015938984517,
        591.2946816997365,
        588.1306402231655,
        584.5094288182472,
        580.4317125050243,
        575.8988745953703,
        570.9130572841686,
        565.4771709526575,
        559.594924067997,
        553.2708439145432,
        546.5102693981506,
        539.3193904080395,
        531.7052015350802,
        523.6755662929352,
        515.2391217714614,
        506.4053498780915,
        497.1844740183986,
        487.5874902782949,
        477.62609656401685,
        467.31263437560347,
        456.6601193755605,
        445.6820237128095,
        434.392454750723,
        422.80577332695066,
        410.9368995377984,
        398.80081380384183,
        386.41292191082374,
        373.7885546781324,
        360.943237970538,
        347.89238015007317,
        334.65126558857753,
        321.2350946968146,
        307.65857624020873,
        293.93641497830544,
        280.0824549488505,
        266.1106148764638,
        252.03365047934724,
        237.86440821087882,
        223.61439145748048,
        209.2951194298803,
        194.91671796449154,
        180.48917607487547,
        166.02114317112006,
        151.52093352409048,
        136.99563917769558,
        122.45181396871288,
        107.89492312532876,
        93.32972397362995,
        78.75999999999938
      ]
    }
  },
  "initial_compressor_flow": {}
}
