{
  "time": 2520.000000000072,
  "initial_nodal_pressure": {
    "1": 6.499999999999999e6,
    "2": 6.4726855025443835e6
  },
  "initial_pipe_pressure": {
    "1": {
      "distance": [
        0.0,
        1000.0,
        2000.0,
        3000.0,
        4000.0,
        5000.0,
        6000.0,
        7000.0,
        8000.0,
        9000.0,
        10000.0,
        11000.0,
        12000.0,
        13000.0,
        14000.0,
        15000.0,
        16000.0,
        17000.0,
        18000.0,
        19000.0,
        20000.0
      ],
      "value": [
        6.499999999999998e6,
        6.498649013384673e6,
        6.497297534871487e6,
        6.495945368456797e6,
        6.494592282006751e6,
        6.493238120731694e6,
        6.491882684196961e6,
        6.490525753737748e6,
        6.489167207445458e6,
        6.487806843086066e6,
        6.486444482474652e6,
        6.485080035517903e6,
        6.483713301995777e6,
        6.48234416728604e6,
        6.480972571247608e6,
        6.479598320789927e6,
        6.478221381960067e6,
        6.476841722319051e6,
        6.475459162245233e6,
        6.474073757990152e6,
        6.4726855025443835e6
      ]
    }
  },
  "initial_pipe_flow": {
    "1": {
      "distance": [
        0.0,
        1000.0,
        2000.0,
        3000.0,
        4000.0,
        5000.0,
        6000.0,
        7000.0,
        8000.0,
        9000.0,
        10000.0,
        11000.0,
        12000.0,
        13000.0,
        14000.0,
        15000.0,
        16000.0,
        17000.0,
        18000.0,
        19000.0,
        20000.0
      ],
      "value": [
        79.75819182408299,
        79.7106159156601,
        79.70195509430225,
        79.68756412311525,
        79.66764873831049,
        79.64213253000403,
        79.61129158335608,
        79.57538306461825,
        79.53441461533686,
        79.48881489610784,
        79.43888248401166,
        79.38471828978606,
        79.32685639484092,
        79.26560692912146,
        79.20123606771193,
        79.13425934175427,
        79.06503149942269,
        78.99393631550136,
        78.92145758817243,
        78.8479928401681,
        78.75999999999867
      ]
    }
  },
  "initial_compressor_flow": {}
}
