{
  "time": 540.0000000000016,
  "initial_nodal_pressure": {
    "1": 6.5e6,
    "2": 6.5e6
  },
  "initial_pipe_pressure": {
    "1": {
      "distance": [
        0.0,
        1000.0,
        2000.0,
        3000.0,
        4000.0,
        5000.0,
        6000.0,
        7000.0,
        8000.0,
        9000.0,
        10000.0,
        11000.0,
        12000.0,
        13000.0,
        14000.0,
        15000.0,
        16000.0,
        17000.0,
        18000.0,
        19000.0,
        20000.0
      ],
      "value": [
        6.5e6,
        6.499999999999999e6,
        6.500000000000002e6,
        6.5e6,
        6.499999999999999e6,
        6.5e6,
        6.5e6,
        6.500000000000002e6,
        6.5e6,
        6.5e6,
        6.5e6,
        6.500000000000002e6,
        6.500000000000003e6,
        6.5e6,
        6.500000000000002e6,
        6.5e6,
        6.500000000000002e6,
        6.500000000000002e6,
        6.500000000000002e6,
        6.500000000000002e6,
        6.5e6
      ]
    }
  },
  "initial_pipe_flow": {
    "1": {
      "distance": [
        0.0,
        1000.0,
        2000.0,
        3000.0,
        4000.0,
        5000.0,
        6000.0,
        7000.0,
        8000.0,
        9000.0,
        10000.0,
        11000.0,
        12000.0,
        13000.0,
        14000.0,
        15000.0,
        16000.0,
        17000.0,
        18000.0,
        19000.0,
        20000.0
      ],
      "value": [
        -1.5150402106535615e-12,
        -2.2725603159803419e-13,
        9.090241263921368e-13,
        0.0,
        0.0,
        0.0,
        9.090241263921359e-13,
        1.5150402106535615e-12,
        -6.060160842614272e-13,
        0.0,
        -1.5150402106535615e-12,
        -4.5451206319606605e-13,
        -2.1210562949149917e-12,
        7.575201053267316e-14,
        -3.0300804213072304e-13,
        -1.5150402106535526e-12,
        -1.6665442317189168e-12,
        1.5150402106535528e-13,
        -3.0300804213071945e-13,
        -3.863352537166546e-12,
        1.5150402106535615e-12
      ]
    }
  },
  "initial_compressor_flow": {}
}
