{
  "time": 2400.000000000051,
  "initial_nodal_pressure": {
    "1": 6.5e6,
    "2": 6.469581861931339e6
  },
  "initial_pipe_pressure": {
    "1": {
      "distance": [
        0.0,
        1000.0,
        2000.0,
        3000.0,
        4000.0,
        5000.0,
        6000.0,
        7000.0,
        8000.0,
        9000.0,
        10000.0,
        11000.0,
        12000.0,
        13000.0,
        14000.0,
        15000.0,
        16000.0,
        17000.0,
        18000.0,
        19000.0,
        20000.0
      ],
      "value": [
        6.5e6,
        6.498408941097015e6,
        6.496818790866426e6,
        6.495230723574981e6,
        6.493646074928028e6,
        6.492065879611136e6,
        6.490491332569462e6,
        6.4889237294072155e6,
        6.487363901125141e6,
        6.485813052157975e6,
        6.484272275727699e6,
        6.482742204534734e6,
        6.4812240288979905e6,
        6.479718492693894e6,
        6.4782260346915275e6,
        6.476747792517687e6,
        6.475284042015393e6,
        6.473835029838683e6,
        6.472401787627233e6,
        6.470984046970716e6,
        6.469581861931339e6
      ]
    }
  },
  "initial_pipe_flow": {
    "1": {
      "distance": [
        0.0,
        1000.0,
        2000.0,
        3000.0,
        4000.0,
        5000.0,
        6000.0,
        7000.0,
        8000.0,
        9000.0,
        10000.0,
        11000.0,
        12000.0,
        13000.0,
        14000.0,
        15000.0,
        16000.0,
        17000.0,
        18000.0,
        19000.0,
        20000.0
      ],
      "value": [
        76.71652998721322,
        76.90230350666083,
        76.91914477925805,
        76.94713576235874,
        76.98588266771371,
        77.03554202497733,
        77.09558463745928,
        77.16551833846196,
        77.2453395353871,
        77.33422302973662,
        77.43159769711534,
        77.53728174693832,
        77.65024305966337,
        77.76988826708791,
        77.89571143255365,
        78.02671069727919,
        78.16219914318269,
        78.30142890298113,
        78.44344487964221,
        78.5874573823889,
        78.76000000000101
      ]
    }
  },
  "initial_compressor_flow": {}
}
