{
  "time": 599.9999999999998,
  "initial_nodal_pressure": {
    "1": 6.5e6,
    "2": 6.31818330315765e6
  },
  "initial_pipe_pressure": {
    "1": {
      "distance": [
        0.0,
        1000.0,
        2000.0,
        3000.0,
        4000.0,
        5000.0,
        6000.0,
        7000.0,
        8000.0,
        9000.0,
        10000.0,
        11000.0,
        12000.0,
        13000.0,
        14000.0,
        15000.0,
        16000.0,
        17000.0,
        18000.0,
        19000.0,
        20000.0
      ],
      "value": [
        6.5e6,
        6.5e6,
        6.5e6,
        6.500000000000002e6,
        6.499999999999999e6,
        6.5e6,
        6.5e6,
        6.5e6,
        6.5e6,
        6.500000000000002e6,
        6.5e6,
        6.5e6,
        6.5e6,
        6.5e6,
        6.5e6,
        6.500000000000002e6,
        6.500000000000002e6,
        6.5e6,
        6.5e6,
        6.500000000000002e6,
        6.31818330315765e6
      ]
    }
  },
  "initial_pipe_flow": {
    "1": {
      "distance": [
        0.0,
        1000.0,
        2000.0,
        3000.0,
        4000.0,
        5000.0,
        6000.0,
        7000.0,
        8000.0,
        9000.0,
        10000.0,
        11000.0,
        12000.0,
        13000.0,
        14000.0,
        15000.0,
        16000.0,
        17000.0,
        18000.0,
        19000.0,
        20000.0
      ],
      "value": [
        0.0,
        -1.2877841790555274e-12,
        3.0300804213071233e-13,
        -1.6665442317189196e-12,
        -1.2120321685228487e-12,
        0.0,
        0.0,
        -7.575201053267384e-14,
        -6.060160842614272e-13,
        -2.4998163475783767e-12,
        -1.5150402106535615e-12,
        9.847761369248138e-13,
        1.5150402106535615e-12,
        -1.4392882001208883e-12,
        -9.090241263921332e-13,
        -2.651320368643735e-12,
        1.2120321685228512e-12,
        -1.5150402106535615e-12,
        0.0,
        -1.2877841790555153e-12,
        393.814999999794
      ]
    }
  },
  "initial_compressor_flow": {}
}
