{
  "time": 659.9999999999978,
  "initial_nodal_pressure": {
    "1": 6.5e6,
    "2": 5.35001155366836e6
  },
  "initial_pipe_pressure": {
    "1": {
      "distance": [
        0.0,
        1000.0,
        2000.0,
        3000.0,
        4000.0,
        5000.0,
        6000.0,
        7000.0,
        8000.0,
        9000.0,
        10000.0,
        11000.0,
        12000.0,
        13000.0,
        14000.0,
        15000.0,
        16000.0,
        17000.0,
        18000.0,
        19000.0,
        20000.0
      ],
      "value": [
        6.5e6,
        6.404826078388081e6,
        6.381908651396941e6,
        6.368300914450729e6,
        6.35160392044623e6,
        6.332892696053629e6,
        6.311884819762924e6,
        6.2879478962249085e6,
        6.260964544603361e6,
        6.230169664463155e6,
        6.194904568983504e6,
        6.154616356307284e6,
        6.108255476772194e6,
        6.054849646471811e6,
        5.993356610540771e6,
        5.9220320505294595e6,
        5.839377493279811e6,
        5.74364451751553e6,
        5.63182985606444e6,
        5.501643772864605e6,
        5.35001155366836e6
      ]
    }
  },
  "initial_pipe_flow": {
    "1": {
      "distance": [
        0.0,
        1000.0,
        2000.0,
        3000.0,
        4000.0,
        5000.0,
        6000.0,
        7000.0,
        8000.0,
        9000.0,
        10000.0,
        11000.0,
        12000.0,
        13000.0,
        14000.0,
        15000.0,
        16000.0,
        17000.0,
        18000.0,
        19000.0,
        20000.0
      ],
      "value": [
        245.72563711275419,
        219.35156836121956,
        212.81734229760153,
        227.51211321205014,
        245.14428441008323,
        264.80819390253544,
        285.58264316597,
        307.6318235588717,
        331.50797335167323,
        356.8675234387007,
        384.10628843490076,
        413.2846755094266,
        444.5480670929352,
        477.97173653213144,
        513.80681202979,
        551.9783752895271,
        592.5763198087241,
        635.6184466172442,
        680.9680791798313,
        728.5379678224267,
        787.6300000000003
      ]
    }
  },
  "initial_compressor_flow": {}
}
