{
  "time": 2280.0000000000296,
  "initial_nodal_pressure": {
    "1": 6.5e6,
    "2": 6.483998889059448e6
  },
  "initial_pipe_pressure": {
    "1": {
      "distance": [
        0.0,
        1000.0,
        2000.0,
        3000.0,
        4000.0,
        5000.0,
        6000.0,
        7000.0,
        8000.0,
        9000.0,
        10000.0,
        11000.0,
        12000.0,
        13000.0,
        14000.0,
        15000.0,
        16000.0,
        17000.0,
        18000.0,
        19000.0,
        20000.0
      ],
      "value": [
        6.5e6,
        6.4995337706687385e6,
        6.499061631956429e6,
        6.4985780191826755e6,
        6.498076591782984e6,
        6.497552606378403e6,
        6.497000529248519e6,
        6.496414426404056e6,
        6.495790697190771e6,
        6.495123994544342e6,
        6.494409609195473e6,
        6.49364505841862e6,
        6.492825308404658e6,
        6.491947473592904e6,
        6.4910100700373e6,
        6.490008462076718e6,
        6.488941916880512e6,
        6.487809764822479e6,
        6.4866078119970355e6,
        6.485337542077005e6,
        6.483998889059448e6
      ]
    }
  },
  "initial_pipe_flow": {
    "1": {
      "distance": [
        0.0,
        1000.0,
        2000.0,
        3000.0,
        4000.0,
        5000.0,
        6000.0,
        7000.0,
        8000.0,
        9000.0,
        10000.0,
        11000.0,
        12000.0,
        13000.0,
        14000.0,
        15000.0,
        16000.0,
        17000.0,
        18000.0,
        19000.0,
        20000.0
      ],
      "value": [
        79.83852577736477,
        79.21642716335636,
        79.21434621804914,
        79.21075854046182,
        79.2055447121016,
        79.19844020082573,
        79.18924588303078,
        79.17774985809594,
        79.1635910728192,
        79.14662591929608,
        79.12668593997319,
        79.10346754709255,
        79.07705305991175,
        79.04742381210373,
        79.01456277013381,
        78.97879354172895,
        78.9403520162236,
        78.89957292322994,
        78.8569907187479,
        78.81308826582134,
        78.75999999999901
      ]
    }
  },
  "initial_compressor_flow": {}
}
