{
  "time": 1379.999999999975,
  "initial_nodal_pressure": {
    "1": 6.5e6,
    "2": 3.13465042015984e6
  },
  "initial_pipe_pressure": {
    "1": {
      "distance": [
        0.0,
        377.35849056603774,
        754.7169811320755,
        1132.0754716981132,
        1509.433962264151,
        1886.7924528301887,
        2264.1509433962265,
        2641.509433962264,
        3018.867924528302,
        3396.2264150943392,
        3773.5849056603774,
        4150.943396226416,
        4528.301886792453,
        4905.66037735849,
        5283.018867924528,
        5660.377358490566,
        6037.735849056604,
        6415.094339622641,
        6792.4528301886785,
        7169.811320754717,
        7547.169811320755,
        7924.528301886793,
        8301.886792452831,
        8679.245283018869,
        9056.603773584906,
        9433.962264150943,
        9811.32075471698,
        10188.67924528302,
        10566.037735849057,
        10943.396226415094,
        11320.754716981131,
        11698.113207547169,
        12075.471698113208,
        12452.830188679245,
        12830.188679245282,
        13207.54716981132,
        13584.905660377357,
        13962.264150943396,
        14339.622641509433,
        14716.98113207547,
        15094.33962264151,
        15471.698113207549,
        15849.056603773586,
        16226.415094339623,
        16603.773584905663,
        16981.132075471698,
        17358.490566037737,
        17735.849056603773,
        18113.20754716981,
        18490.56603773585,
        18867.924528301886,
        19245.283018867925,
        19622.64150943396,
        20000.0
      ],
      "value": [
        6.5e6,
        6.455025281405196e6,
        6.40973143051364e6,
        6.364107475305599e6,
        6.318142018274436e6,
        6.271823214727794e6,
        6.225138749512533e6,
        6.178075812020486e6,
        6.130621069316319e6,
        6.082760637211376e6,
        6.0344800490873335e6,
        5.985764222251102e6,
        5.9365974215767495e6,
        5.886963220161138e6,
        5.836844456686845e6,
        5.786223189147931e6,
        5.7350806445506755e6,
        5.6833971641516e6,
        5.631152143737394e6,
        5.578323968385225e6,
        5.5248899410648225e6,
        5.470826204354625e6,
        5.416107654440086e6,
        5.360707846440845e6,
        5.304598889970787e6,
        5.247751333667386e6,
        5.190134037228599e6,
        5.131714029260881e6,
        5.072456348962387e6,
        5.012323869331633e6,
        4.951277099191103e6,
        4.889273960832094e6,
        4.826269539501741e6,
        4.762215800240347e6,
        4.697061266704504e6,
        4.630750655537277e6,
        4.563224458516293e6,
        4.494418463052446e6,
        4.424263199531685e6,
        4.352683301363432e6,
        4.279596760252311e6,
        4.204914054913401e6,
        4.128537125888846e6,
        4.0503581618542164e6,
        3.970258153208015e6,
        3.8881051559358723e6,
        3.8037521914604576e6,
        3.7170346845660866e6,
        3.6277673087487062e6,
        3.535740062282827e6,
        3.4407133324187505e6,
        3.3424116091679083e6,
        3.2405153675208217e6,
        3.13465042015984e6
      ]
    }
  },
  "initial_pipe_flow": {
    "1": {
      "distance": [
        0.0,
        188.67924528301887,
        566.0377358490566,
        943.3962264150944,
        1320.754716981132,
        1698.11320754717,
        2075.471698113208,
        2452.830188679245,
        2830.188679245283,
        3207.547169811321,
        3584.905660377359,
        3962.2641509433965,
        4339.622641509433,
        4716.981132075472,
        5094.33962264151,
        5471.698113207547,
        5849.056603773583,
        6226.4150943396235,
        6603.77358490566,
        6981.132075471699,
        7358.490566037735,
        7735.849056603773,
        8113.207547169812,
        8490.566037735849,
        8867.924528301886,
        9245.283018867925,
        9622.641509433963,
        10000.0,
        10377.358490566037,
        10754.716981132075,
        11132.075471698116,
        11509.43396226415,
        11886.792452830188,
        12264.150943396227,
        12641.509433962261,
        13018.867924528302,
        13396.226415094341,
        13773.584905660378,
        14150.943396226414,
        14528.301886792451,
        14905.660377358492,
        15283.018867924528,
        15660.377358490565,
        16037.735849056604,
        16415.094339622643,
        16792.45283018868,
        17169.811320754718,
        17547.169811320757,
        17924.528301886792,
        18301.88679245283,
        18679.245283018867,
        19056.60377358491,
        19433.96226415094,
        19811.32075471698,
        20000.0
      ],
      "value": [
        728.8588274412837,
        728.9838282861701,
        729.0168735697575,
        729.0834147614577,
        729.1838981346539,
        729.3187656415391,
        729.4884549615263,
        729.6933995696211,
        729.934028826901,
        730.21076809513,
        730.5240388781058,
        730.8742589923727,
        731.2618427705459,
        731.687201300644,
        732.1507427054254,
        732.6528724662643,
        733.1939937966002,
        733.7745080707017,
        734.3948153144623,
        735.0553147655417,
        735.7564055115635,
        736.4984872161273,
        737.2819609439392,
        738.1072300980212,
        738.9747014840048,
        739.884786518894,
        740.8379026044258,
        741.8344746884753,
        742.8749370420538,
        743.9597352839636,
        745.0893286910758,
        746.2641928389368,
        747.4848226258536,
        748.751735743695,
        750.0654766711616,
        751.4266212805991,
        752.8357821685087,
        754.2936148434846,
        755.8008249352433,
        757.358176625911,
        758.9665025525053,
        760.6267154911769,
        762.339822212847,
        764.1069400038064,
        765.9293164811647,
        767.8083535149176,
        769.7456363131747,
        771.7429690604013,
        773.8024189591886,
        775.9263711706793,
        778.1175980661798,
        780.3793475302316,
        782.7154570139012,
        785.1305029881477,
        787.6299999999999
      ]
    }
  },
  "initial_compressor_flow": {}
}
