{
  "time": 2400.000000000051,
  "initial_nodal_pressure": {
    "1": 6.5e6,
    "2": 6.469581861931342e6
  },
  "initial_pipe_pressure": {
    "1": {
      "distance": [
        0.0,
        377.35849056603774,
        754.7169811320755,
        1132.0754716981132,
        1509.433962264151,
        1886.7924528301887,
        2264.1509433962265,
        2641.509433962264,
        3018.867924528302,
        3396.2264150943392,
        3773.5849056603774,
        4150.943396226416,
        4528.301886792453,
        4905.66037735849,
        5283.018867924528,
        5660.377358490566,
        6037.735849056604,
        6415.094339622641,
        6792.4528301886785,
        7169.811320754717,
        7547.169811320755,
        7924.528301886793,
        8301.886792452831,
        8679.245283018869,
        9056.603773584906,
        9433.962264150943,
        9811.32075471698,
        10188.67924528302,
        10566.037735849057,
        10943.396226415094,
        11320.754716981131,
        11698.113207547169,
        12075.471698113208,
        12452.830188679245,
        12830.188679245282,
        13207.54716981132,
        13584.905660377357,
        13962.264150943396,
        14339.622641509433,
        14716.98113207547,
        15094.33962264151,
        15471.698113207549,
        15849.056603773586,
        16226.415094339623,
        16603.773584905663,
        16981.132075471698,
        17358.490566037737,
        17735.849056603773,
        18113.20754716981,
        18490.56603773585,
        18867.924528301886,
        19245.283018867925,
        19622.64150943396,
        20000.0
      ],
      "value": [
        6.5e6,
        6.499399566834871e6,
        6.498799153731272e6,
        6.498198826601649e6,
        6.497598651251065e6,
        6.496998693357902e6,
        6.49639901838631e6,
        6.495799691586553e6,
        6.49520077789016e6,
        6.4946023419244625e6,
        6.494004447896648e6,
        6.493407159615614e6,
        6.492810540372146e6,
        6.492214652960617e6,
        6.491619559562681e6,
        6.491025321761861e6,
        6.490432000436969e6,
        6.489839655764291e6,
        6.489248347125193e6,
        6.488658133092498e6,
        6.488069071354689e6,
        6.487481218685377e6,
        6.4868946308841845e6,
        6.486309362730581e6,
        6.485725467939276e6,
        6.485142999101777e6,
        6.48456200765257e6,
        6.483982543802837e6,
        6.48340465651308e6,
        6.482828393423772e6,
        6.482253800830211e6,
        6.481680923614411e6,
        6.481109805218888e6,
        6.480540487582815e6,
        6.479973011113062e6,
        6.479407414626029e6,
        6.478843735315916e6,
        6.47828200870213e6,
        6.477722268596054e6,
        6.477164547052931e6,
        6.476608874339268e6,
        6.47605527888762e6,
        6.475503787266792e6,
        6.474954424138291e6,
        6.47440721223097e6,
        6.473862172298609e6,
        6.473319323099873e6,
        6.472778681357418e6,
        6.472240261742873e6,
        6.471704076839104e6,
        6.471170137128888e6,
        6.47063845096269e6,
        6.470109024549252e6,
        6.469581861931342e6
      ]
    }
  },
  "initial_pipe_flow": {
    "1": {
      "distance": [
        0.0,
        188.67924528301887,
        566.0377358490566,
        943.3962264150944,
        1320.754716981132,
        1698.11320754717,
        2075.471698113208,
        2452.830188679245,
        2830.188679245283,
        3207.547169811321,
        3584.905660377359,
        3962.2641509433965,
        4339.622641509433,
        4716.981132075472,
        5094.33962264151,
        5471.698113207547,
        5849.056603773583,
        6226.4150943396235,
        6603.77358490566,
        6981.132075471699,
        7358.490566037735,
        7735.849056603773,
        8113.207547169812,
        8490.566037735849,
        8867.924528301886,
        9245.283018867925,
        9622.641509433963,
        10000.0,
        10377.358490566037,
        10754.716981132075,
        11132.075471698116,
        11509.43396226415,
        11886.792452830188,
        12264.150943396227,
        12641.509433962261,
        13018.867924528302,
        13396.226415094341,
        13773.584905660378,
        14150.943396226414,
        14528.301886792451,
        14905.660377358492,
        15283.018867924528,
        15660.377358490565,
        16037.735849056604,
        16415.094339622643,
        16792.45283018868,
        17169.811320754718,
        17547.169811320757,
        17924.528301886792,
        18301.88679245283,
        18679.245283018867,
        19056.60377358491,
        19433.96226415094,
        19811.32075471698,
        20000.0
      ],
      "value": [
        76.71652998721169,
        76.89678720072021,
        76.89838653879043,
        76.90158438648143,
        76.90637852093964,
        76.91276528550779,
        76.92073965268803,
        76.9302951517737,
        76.9414239678356,
        76.9541168445502,
        76.96836320934236,
        76.98415106239888,
        77.00146711551548,
        77.02029668018524,
        77.04062380657368,
        77.06243118369001,
        77.08570026566801,
        77.11041119514233,
        77.13654290668902,
        77.16407308148743,
        77.19297822083358,
        77.22323363661806,
        77.25481349199394,
        77.28769082767688,
        77.32183757134948,
        77.35722459532964,
        77.39382170040308,
        77.43159769711087,
        77.47052037213203,
        77.51055658362637,
        77.551672219505,
        77.5938322969824,
        77.63700092150147,
        77.6811413820411,
        77.72621611733865,
        77.77218680130431,
        77.81901432020877,
        77.86665884575612,
        77.91507982373588,
        77.96423603531974,
        78.01408559515232,
        78.06458600363993,
        78.11569415112028,
        78.16736636450702,
        78.21955841415128,
        78.27222555806205,
        78.32532254882368,
        78.37880367751345,
        78.43262277973095,
        78.4867332792468,
        78.54108819449962,
        78.59564018025655,
        78.65034153726911,
        78.70514424955306,
        78.75999999999999
      ]
    }
  },
  "initial_compressor_flow": {}
}
