{
  "time": 2160.000000000008,
  "initial_nodal_pressure": {
    "1": 6.5e6,
    "2": 6.379756629058895e6
  },
  "initial_pipe_pressure": {
    "1": {
      "distance": [
        0.0,
        377.35849056603774,
        754.7169811320755,
        1132.0754716981132,
        1509.433962264151,
        1886.7924528301887,
        2264.1509433962265,
        2641.509433962264,
        3018.867924528302,
        3396.2264150943392,
        3773.5849056603774,
        4150.943396226416,
        4528.301886792453,
        4905.66037735849,
        5283.018867924528,
        5660.377358490566,
        6037.735849056604,
        6415.094339622641,
        6792.4528301886785,
        7169.811320754717,
        7547.169811320755,
        7924.528301886793,
        8301.886792452831,
        8679.245283018869,
        9056.603773584906,
        9433.962264150943,
        9811.32075471698,
        10188.67924528302,
        10566.037735849057,
        10943.396226415094,
        11320.754716981131,
        11698.113207547169,
        12075.471698113208,
        12452.830188679245,
        12830.188679245282,
        13207.54716981132,
        13584.905660377357,
        13962.264150943396,
        14339.622641509433,
        14716.98113207547,
        15094.33962264151,
        15471.698113207549,
        15849.056603773586,
        16226.415094339623,
        16603.773584905663,
        16981.132075471698,
        17358.490566037737,
        17735.849056603773,
        18113.20754716981,
        18490.56603773585,
        18867.924528301886,
        19245.283018867925,
        19622.64150943396,
        20000.0
      ],
      "value": [
        6.5e6,
        6.4962748466646e6,
        6.492552048768828e6,
        6.488836694476889e6,
        6.485133851221826e6,
        6.481448545966097e6,
        6.477785745374132e6,
        6.474150336601735e6,
        6.470547108175263e6,
        6.466980731754254e6,
        6.463455744274557e6,
        6.459976531086584e6,
        6.456547309878964e6,
        6.4531721155493045e6,
        6.449854786347322e6,
        6.446598950790602e6,
        6.443408016357009e6,
        6.440285158714065e6,
        6.437233313156401e6,
        6.434255166375797e6,
        6.431353150694837e6,
        6.428529438552441e6,
        6.425785939451598e6,
        6.423124297270469e6,
        6.420545889726304e6,
        6.4180518285414195e6,
        6.415642961148467e6,
        6.413319873635982e6,
        6.411082894382742e6,
        6.408932099593047e6,
        6.406867318546142e6,
        6.404888141414258e6,
        6.402993925835882e6,
        6.401183806608396e6,
        6.399456703329882e6,
        6.39781133148267e6,
        6.396246210919701e6,
        6.394759677824182e6,
        6.393349893834039e6,
        6.392014858372655e6,
        6.390752418206164e6,
        6.38956027968919e6,
        6.388436018540128e6,
        6.387377091621526e6,
        6.386380846699579e6,
        6.385444533470592e6,
        6.384565313056447e6,
        6.383740268079883e6,
        6.382966411644028e6,
        6.382240696336e6,
        6.381560022452909e6,
        6.380921245871341e6,
        6.380321185314288e6,
        6.379756629058895e6
      ]
    }
  },
  "initial_pipe_flow": {
    "1": {
      "distance": [
        0.0,
        188.67924528301887,
        566.0377358490566,
        943.3962264150944,
        1320.754716981132,
        1698.11320754717,
        2075.471698113208,
        2452.830188679245,
        2830.188679245283,
        3207.547169811321,
        3584.905660377359,
        3962.2641509433965,
        4339.622641509433,
        4716.981132075472,
        5094.33962264151,
        5471.698113207547,
        5849.056603773583,
        6226.4150943396235,
        6603.77358490566,
        6981.132075471699,
        7358.490566037735,
        7735.849056603773,
        8113.207547169812,
        8490.566037735849,
        8867.924528301886,
        9245.283018867925,
        9622.641509433963,
        10000.0,
        10377.358490566037,
        10754.716981132075,
        11132.075471698116,
        11509.43396226415,
        11886.792452830188,
        12264.150943396227,
        12641.509433962261,
        13018.867924528302,
        13396.226415094341,
        13773.584905660378,
        14150.943396226414,
        14528.301886792451,
        14905.660377358492,
        15283.018867924528,
        15660.377358490565,
        16037.735849056604,
        16415.094339622643,
        16792.45283018868,
        17169.811320754718,
        17547.169811320757,
        17924.528301886792,
        18301.88679245283,
        18679.245283018867,
        19056.60377358491,
        19433.96226415094,
        19811.32075471698,
        20000.0
      ],
      "value": [
        238.93261739081112,
        237.109535458757,
        236.9584295373523,
        236.65626467449525,
        236.2033348973399,
        235.60018076443927,
        234.8475881378234,
        233.94658557251742,
        232.8984410904338,
        231.70465761707854,
        230.36696769933548,
        228.8873271969713,
        227.26790794964802,
        225.51108996111748,
        223.61945211151198,
        221.5957630618982,
        219.44297023000786,
        217.16418959640993,
        214.762693290125,
        212.24189842021542,
        209.6053537292652,
        206.85672752493906,
        203.9997939260806,
        201.0384199526661,
        197.97655189908664,
        194.81820165963325,
        191.5674337077151,
        188.2283508043463,
        184.80508194090365,
        181.30176767261804,
        177.7225492347514,
        174.0715538419329,
        170.35288502785826,
        166.5706083293336,
        162.7287427674155,
        158.83124736824266,
        154.88201361577757,
        150.8848532310196,
        146.8434914054094,
        142.7615561720177,
        138.64257225383514,
        134.48995223046515,
        130.30699090041117,
        126.09685829854571,
        121.86259454999134,
        117.60710464456385,
        113.33315383337515,
        109.0433639480802,
        104.74020943903035,
        100.42601494781665,
        96.10295209727147,
        91.77303799226662,
        87.43813285256094,
        83.09993912507483,
        78.76000000000067
      ]
    }
  },
  "initial_compressor_flow": {}
}
