{
  "time": 80639.99999990367,
  "initial_nodal_pressure": {
    "1": 8.4e6,
    "2": 6.939479598394619e6
  },
  "initial_pipe_pressure": {
    "1": {
      "distance": [
        0.0,
        1008.2644628099173,
        2016.5289256198346,
        3024.793388429752,
        4033.057851239669,
        5041.322314049587,
        6049.586776859504,
        7057.851239669421,
        8066.115702479338,
        9074.380165289256,
        10082.644628099173,
        11090.909090909092,
        12099.173553719009,
        13107.438016528926,
        14115.702479338843,
        15123.966942148762,
        16132.231404958677,
        17140.495867768594,
        18148.760330578512,
        19157.02479338843,
        20165.289256198346,
        21173.553719008265,
        22181.818181818184,
        23190.0826446281,
        24198.347107438018,
        25206.611570247933,
        26214.87603305785,
        27223.140495867767,
        28231.404958677685,
        29239.669421487604,
        30247.933884297523,
        31256.19834710744,
        32264.462809917353,
        33272.72727272727,
        34280.99173553719,
        35289.25619834711,
        36297.520661157025,
        37305.78512396695,
        38314.04958677686,
        39322.31404958678,
        40330.57851239669,
        41338.842975206615,
        42347.10743801653,
        43355.371900826445,
        44363.63636363637,
        45371.900826446275,
        46380.1652892562,
        47388.42975206611,
        48396.694214876035,
        49404.95867768595,
        50413.223140495866,
        51421.48760330579,
        52429.7520661157,
        53438.016528925626,
        54446.28099173553,
        55454.545454545456,
        56462.80991735537,
        57471.074380165286,
        58479.33884297521,
        59487.603305785124,
        60495.867768595046,
        61504.13223140496,
        62512.39669421488,
        63520.66115702479,
        64528.92561983471,
        65537.19008264464,
        66545.45454545454,
        67553.71900826447,
        68561.98347107437,
        69570.2479338843,
        70578.51239669422,
        71586.77685950413,
        72595.04132231405,
        73603.30578512397,
        74611.5702479339,
        75619.8347107438,
        76628.09917355372,
        77636.36363636363,
        78644.62809917355,
        79652.89256198348,
        80661.15702479339,
        81669.42148760331,
        82677.68595041323,
        83685.95041322314,
        84694.21487603306,
        85702.47933884298,
        86710.74380165289,
        87719.00826446281,
        88727.27272727274,
        89735.53719008266,
        90743.80165289255,
        91752.06611570247,
        92760.3305785124,
        93768.5950413223,
        94776.85950413223,
        95785.12396694215,
        96793.38842975207,
        97801.65289256198,
        98809.9173553719,
        99818.18181818182,
        100826.44628099173,
        101834.71074380165,
        102842.97520661158,
        103851.2396694215,
        104859.5041322314,
        105867.76859504133,
        106876.03305785125,
        107884.29752066114,
        108892.56198347107,
        109900.82644628099,
        110909.09090909091,
        111917.35537190082,
        112925.61983471074,
        113933.88429752066,
        114942.14876033057,
        115950.4132231405,
        116958.67768595042,
        117966.94214876034,
        118975.20661157025,
        119983.47107438017,
        120991.73553719009,
        122000.0
      ],
      "value": [
        8.4e6,
        8.388936984935826e6,
        8.377859876371776e6,
        8.36676774921731e6,
        8.355661223250635e6,
        8.344539811128791e6,
        8.333403691111589e6,
        8.322252818943462e6,
        8.311086925936395e6,
        8.299906416367467e6,
        8.288710569062528e6,
        8.277500242386906e6,
        8.266274257028168e6,
        8.255033702746896e6,
        8.243777621413053e6,
        8.2325066519875e6,
        8.221220288675185e6,
        8.209918713912624e6,
        8.198601879983257e6,
        8.187269506950062e6,
        8.175922011044724e6,
        8.164558643977375e6,
        8.153180291929488e6,
        8.141785732143212e6,
        8.130376090449203e6,
        8.11895037268411e6,
        8.107509238151507e6,
        8.096052160736569e6,
        8.084579327014429e6,
        8.073090685144411e6,
        8.06158594262361e6,
        8.050065528261239e6,
        8.038528663972205e6,
        8.026976265747912e6,
        8.015407063255816e6,
        8.003822221139086e6,
        7.992220705662228e6,
        7.980603197877803e6,
        7.968969149155918e6,
        7.957318750191202e6,
        7.945651944257216e6,
        7.933968424747985e6,
        7.922268633815909e6,
        7.9105517604291625e6,
        7.898818752779248e6,
        7.887068288093174e6,
        7.875301573101756e6,
        7.863517530335138e6,
        7.851716864285964e6,
        7.839899001240191e6,
        7.828064136016685e6,
        7.816212206130632e6,
        7.804342889085165e6,
        7.792456641306939e6,
        7.780552615126744e6,
        7.768631793782266e6,
        7.756692796352055e6,
        7.74473687554156e6,
        7.732762905271625e6,
        7.720771615493639e6,
        7.708762404413554e6,
        7.696735471007722e6,
        7.684690746034276e6,
        7.672627889031665e6,
        7.6605473718220815e6,
        7.648448305791783e6,
        7.636331712593286e6,
        7.6241961464851415e6,
        7.61204291073502e6,
        7.599870824964212e6,
        7.58768064697652e6,
        7.575471743413605e6,
        7.563244317474993e6,
        7.5509982920186985e6,
        7.538733306216933e6,
        7.526449848625895e6,
        7.514146984673973e6,
        7.501825778394307e6,
        7.489484711450126e6,
        7.4771251430597985e6,
        7.464745831919978e6,
        7.452347566508553e6,
        7.43992967785767e6,
        7.427492373491158e6,
        7.415035567056342e6,
        7.402558874580123e6,
        7.3900628029377265e6,
        7.3775463657744285e6,
        7.365010674151696e6,
        7.352454128093648e6,
        7.339878149073095e6,
        7.327281427161583e6,
        7.314664784820155e6,
        7.302027512778847e6,
        7.289369823023601e6,
        7.276691618484136e6,
        7.263992488824945e6,
        7.25127296110383e6,
        7.238531990419933e6,
        7.225770740289447e6,
        7.212987518589705e6,
        7.2001838163986895e6,
        7.187358246219176e6,
        7.174511668359198e6,
        7.161643327802294e6,
        7.148753441169815e6,
        7.135841898933597e6,
        7.122908260666355e6,
        7.109953075785684e6,
        7.0969752329916265e6,
        7.083975954571983e6,
        7.070953444050567e6,
        7.057909270661783e6,
        7.044841958949855e6,
        7.031752411565462e6,
        7.018639821421527e6,
        7.005504409978734e6,
        6.992346053229868e6,
        6.979164276321716e6,
        6.96595965356102e6,
        6.952730998119461e6,
        6.939479598394619e6
      ]
    }
  },