{
  "time": 30240.000000011987,
  "initial_nodal_pressure": {
    "1": 8.4e6,
    "2": 5.3424852113818275e6
  },
  "initial_pipe_pressure": {
    "1": {
      "distance": [
        0.0,
        1008.2644628099173,
        2016.5289256198346,
        3024.793388429752,
        4033.057851239669,
        5041.322314049587,
        6049.586776859504,
        7057.851239669421,
        8066.115702479338,
        9074.380165289256,
        10082.644628099173,
        11090.909090909092,
        12099.173553719009,
        13107.438016528926,
        14115.702479338843,
        15123.966942148762,
        16132.231404958677,
        17140.495867768594,
        18148.760330578512,
        19157.02479338843,
        20165.289256198346,
        21173.553719008265,
        22181.818181818184,
        23190.0826446281,
        24198.347107438018,
        25206.611570247933,
        26214.87603305785,
        27223.140495867767,
        28231.404958677685,
        29239.669421487604,
        30247.933884297523,
        31256.19834710744,
        32264.462809917353,
        33272.72727272727,
        34280.99173553719,
        35289.25619834711,
        36297.520661157025,
        37305.78512396695,
        38314.04958677686,
        39322.31404958678,
        40330.57851239669,
        41338.842975206615,
        42347.10743801653,
        43355.371900826445,
        44363.63636363637,
        45371.900826446275,
        46380.1652892562,
        47388.42975206611,
        48396.694214876035,
        49404.95867768595,
        50413.223140495866,
        51421.48760330579,
        52429.7520661157,
        53438.016528925626,
        54446.28099173553,
        55454.545454545456,
        56462.80991735537,
        57471.074380165286,
        58479.33884297521,
        59487.603305785124,
        60495.867768595046,
        61504.13223140496,
        62512.39669421488,
        63520.66115702479,
        64528.92561983471,
        65537.19008264464,
        66545.45454545454,
        67553.71900826447,
        68561.98347107437,
        69570.2479338843,
        70578.51239669422,
        71586.77685950413,
        72595.04132231405,
        73603.30578512397,
        74611.5702479339,
        75619.8347107438,
        76628.09917355372,
        77636.36363636363,
        78644.62809917355,
        79652.89256198348,
        80661.15702479339,
        81669.42148760331,
        82677.68595041323,
        83685.95041322314,
        84694.21487603306,
        85702.47933884298,
        86710.74380165289,
        87719.00826446281,
        88727.27272727274,
        89735.53719008266,
        90743.80165289255,
        91752.06611570247,
        92760.3305785124,
        93768.5950413223,
        94776.85950413223,
        95785.12396694215,
        96793.38842975207,
        97801.65289256198,
        98809.9173553719,
        99818.18181818182,
        100826.44628099173,
        101834.71074380165,
        102842.97520661158,
        103851.2396694215,
        104859.5041322314,
        105867.76859504133,
        106876.03305785125,
        107884.29752066114,
        108892.56198347107,
        109900.82644628099,
        110909.09090909091,
        111917.35537190082,
        112925.61983471074,
        113933.88429752066,
        114942.14876033057,
        115950.4132231405,
        116958.67768595042,
        117966.94214876034,
        118975.20661157025,
        119983.47107438017,
        120991.73553719009,
        122000.0
      ],
      "value": [
        8.4e6,
        8.381195396236111e6,
        8.362349301987858e6,
        8.3434581152084805e6,
        8.324522842931104e6,
        8.305541105278535e6,
        8.286512574632408e6,
        8.267436215440086e6,
        8.248310239261172e6,
        8.229135081923392e6,
        8.209907362903527e6,
        8.190629121573048e6,
        8.171295248755688e6,
        8.151908683830792e6,
        8.132464969939264e6,
        8.112965494958382e6,
        8.093407361915574e6,
        8.073790267186771e6,
        8.054113014474209e6,
        8.034373462834619e6,
        8.0145722632692335e6,
        7.994705285602744e6,
        7.974775180874205e6,
        7.954775671371761e6,
        7.934710521150164e6,
        7.914574278470487e6,
        7.894368764802422e6,
        7.874090477380087e6,
        7.853739132612751e6,
        7.83331333983585e6,
        7.812810540838058e6,
        7.792231627285402e6,
        7.7715715893231565e6,
        7.75083377865836e6,
        7.730010548900541e6,
        7.709106612352977e6,
        7.688115348026091e6,
        7.667039070525703e6,
        7.645873558595082e6,
        7.6246185390545605e6,
        7.603272380877764e6,
        7.581832024183105e6,
        7.560298627508054e6,
        7.538666135998523e6,
        7.516938706452685e6,
        7.495107070850241e6,
        7.47317703705987e6,
        7.451140592625571e6,
        7.429000613324025e6,
        7.406752012790626e6,
        7.3843945098739145e6,
        7.361926169095605e6,
        7.339343316260362e6,
        7.316647402833391e6,
        7.293831113430378e6,
        7.270899534528904e6,
        7.247841448564362e6,
        7.224663937966524e6,
        7.201357308133947e6,
        7.177925074308459e6,
        7.154361089022721e6,
        7.130665030595548e6,
        7.106834567535003e6,
        7.082865256679349e6,
        7.058758866098383e6,
        7.034506530666434e6,
        7.010114417444133e6,
        6.985568921720465e6,
        6.960878622097401e6,
        6.936031749967249e6,
        6.911032550035011e6,
        6.8858735432183305e6,
        6.860554310793992e6,
        6.835071990194586e6,
        6.809421149611433e6,
        6.783603889892565e6,
        6.757609394671403e6,
        6.731445096692153e6,
        6.7050943998682285e6,
        6.678567658520727e6,
        6.651850482605102e6,
        6.624947948000827e6,
        6.597850856084475e6,
        6.57055859222832e6,
        6.543067555474777e6,
        6.51537100020355e6,
        6.487471357254762e6,
        6.459355278395628e6,
        6.431031690940428e6,
        6.402480138239389e6,
        6.373713109413848e6,
        6.34471279459324e6,
        6.31548520977525e6,
        6.286018854044503e6,
        6.256312739227426e6,
        6.226362191783233e6,
        6.1961586462075105e6,
        6.165704815570537e6,
        6.134983937131366e6,
        6.104006715097626e6,
        6.072747517552844e6,
        6.041221436852534e6,
        6.0094060156025635e6,
        5.977308308470269e6,
        5.94491358521656e6,
        5.91222015066218e6,
        5.879221686241612e6,
        5.845906968458715e6,
        5.812278837995023e6,
        5.778315689716031e6,
        5.744030342242596e6,
        5.709389870692144e6,
        5.674412585386821e6,
        5.639069363466546e6,
        5.6033683296061875e6,
        5.567289938969101e6,
        5.53083112268294e6,
        5.493982858145259e6,
        5.456729761991362e6,
        5.419074382253012e6,
        5.380987769678953e6,
        5.3424852113818275e6
      ]
    }
  },