{
  "time": 44640.00000002544,
  "initial_nodal_pressure": {
    "1": 8.4e6,
    "2": 4.660454419208406e6
  },
  "initial_pipe_pressure": {
    "1": {
      "distance": [
        0.0,
        1008.2644628099173,
        2016.5289256198346,
        3024.793388429752,
        4033.057851239669,
        5041.322314049587,
        6049.586776859504,
        7057.851239669421,
        8066.115702479338,
        9074.380165289256,
        10082.644628099173,
        11090.909090909092,
        12099.173553719009,
        13107.438016528926,
        14115.702479338843,
        15123.966942148762,
        16132.231404958677,
        17140.495867768594,
        18148.760330578512,
        19157.02479338843,
        20165.289256198346,
        21173.553719008265,
        22181.818181818184,
        23190.0826446281,
        24198.347107438018,
        25206.611570247933,
        26214.87603305785,
        27223.140495867767,
        28231.404958677685,
        29239.669421487604,
        30247.933884297523,
        31256.19834710744,
        32264.462809917353,
        33272.72727272727,
        34280.99173553719,
        35289.25619834711,
        36297.520661157025,
        37305.78512396695,
        38314.04958677686,
        39322.31404958678,
        40330.57851239669,
        41338.842975206615,
        42347.10743801653,
        43355.371900826445,
        44363.63636363637,
        45371.900826446275,
        46380.1652892562,
        47388.42975206611,
        48396.694214876035,
        49404.95867768595,
        50413.223140495866,
        51421.48760330579,
        52429.7520661157,
        53438.016528925626,
        54446.28099173553,
        55454.545454545456,
        56462.80991735537,
        57471.074380165286,
        58479.33884297521,
        59487.603305785124,
        60495.867768595046,
        61504.13223140496,
        62512.39669421488,
        63520.66115702479,
        64528.92561983471,
        65537.19008264464,
        66545.45454545454,
        67553.71900826447,
        68561.98347107437,
        69570.2479338843,
        70578.51239669422,
        71586.77685950413,
        72595.04132231405,
        73603.30578512397,
        74611.5702479339,
        75619.8347107438,
        76628.09917355372,
        77636.36363636363,
        78644.62809917355,
        79652.89256198348,
        80661.15702479339,
        81669.42148760331,
        82677.68595041323,
        83685.95041322314,
        84694.21487603306,
        85702.47933884298,
        86710.74380165289,
        87719.00826446281,
        88727.27272727274,
        89735.53719008266,
        90743.80165289255,
        91752.06611570247,
        92760.3305785124,
        93768.5950413223,
        94776.85950413223,
        95785.12396694215,
        96793.38842975207,
        97801.65289256198,
        98809.9173553719,
        99818.18181818182,
        100826.44628099173,
        101834.71074380165,
        102842.97520661158,
        103851.2396694215,
        104859.5041322314,
        105867.76859504133,
        106876.03305785125,
        107884.29752066114,
        108892.56198347107,
        109900.82644628099,
        110909.09090909091,
        111917.35537190082,
        112925.61983471074,
        113933.88429752066,
        114942.14876033057,
        115950.4132231405,
        116958.67768595042,
        117966.94214876034,
        118975.20661157025,
        119983.47107438017,
        120991.73553719009,
        122000.0
      ],
      "value": [
        8.4e6,
        8.376236675996731e6,
        8.352407963935734e6,
        8.328509072115661e6,
        8.304542409030414e6,
        8.280505171588968e6,
        8.256397695500323e6,
        8.232219251509411e6,
        8.207968013665186e6,
        8.183645415738454e6,
        8.159247377077798e6,
        8.13477758785393e6,
        8.110229615275729e6,
        8.085608345776547e6,
        8.06090836612915e6,
        8.0361323363920795e6,
        8.011277067756513e6,
        7.986342893566006e6,
        7.961328949977777e6,
        7.936233138336675e6,
        7.911057025271922e6,
        7.885795969606394e6,
        7.860454079203094e6,
        7.835024054281454e6,
        7.809511353359881e6,
        7.783909816820395e6,
        7.758222394062142e6,
        7.732445428146199e6,
        7.706579239566464e6,
        7.68062279387419e6,
        7.654573656563976e6,
        7.6284335418029325e6,
        7.6021971272734925e6,
        7.575869008610766e6,
        7.549440835708689e6,
        7.522918739917843e6,
        7.49629565305352e6,
        7.469574858404929e6,
        7.442752122073711e6,
        7.415827734475619e6,
        7.388800440485253e6,
        7.361667384609848e6,
        7.334430443192984e6,
        7.307083452989822e6,
        7.2796315833037365e6,
        7.2520651918478375e6,
        7.224391208346387e6,
        7.196601440425318e6,
        7.168699557860208e6,
        7.140680602420852e6,
        7.112544806167992e6,
        7.084290621792265e6,
        7.055914654884459e6,
        7.027418956763082e6,
        6.998796305943941e6,
        6.970052551867605e6,
        6.941176432574603e6,
        6.912175835014349e6,
        6.883041148024666e6,
        6.853776489648657e6,
        6.824375971823705e6,
        6.794839721345489e6,
        6.765165793337182e6,
        6.73535008588419e6,
        6.705394832343658e6,
        6.675291448192353e6,
        6.645046596331755e6,
        6.614646937839992e6,
        6.584101521172448e6,
        6.553398900722856e6,
        6.5225437140295375e6,
        6.491528846528059e6,
        6.460354240244428e6,
        6.429017391523006e6,
        6.397513240729322e6,
        6.365844196148316e6,
        6.333999866687398e6,
        6.301987896826027e6,
        6.2697922082160385e6,
        6.237423277838724e6,
        6.204867216077525e6,
        6.172129257950332e6,
        6.139200615820677e6,
        6.106080907752925e6,
        6.072766813318995e6,
        6.039251926567861e6,
        6.005538790653045e6,
        5.97161453293817e6,
        5.937487991102924e6,
        5.903139343526437e6,
        5.868580849789205e6,
        5.8337952388818255e6,
        5.798788416539262e6,
        5.763549214293445e6,
        5.728076671255089e6,
        5.692366213654103e6,
        5.656409450809151e6,
        5.620208943908303e6,
        5.583748252520828e6,
        5.5470376672381535e6,
        5.510052013721553e6,
        5.472805806829455e6,
        5.435276863754861e6,
        5.397471791732195e6,
        5.3593758440791415e6,
        5.320986984002133e6,
        5.282298591312866e6,
        5.243299163789719e6,
        5.203990977046109e6,
        5.164352144324537e6,
        5.124394696988113e6,
        5.08408533184513e6,
        5.043441438412422e6,
        5.002433220539056e6,
        4.961067855109918e6,
        4.9193248103679065e6,
        4.877199919145794e6,
        4.834682932885575e6,
        4.791757050908223e6,
        4.748423466637165e6,
        4.704651269679275e6,
        4.660454419208406e6
      ]
    }
  },