{
  "time": 28800.00000001064,
  "initial_nodal_pressure": {
    "1": 8.4e6,
    "2": 5.512535224276121e6
  },
  "initial_pipe_pressure": {
    "1": {
      "distance": [
        0.0,
        1008.2644628099173,
        2016.5289256198346,
        3024.793388429752,
        4033.057851239669,
        5041.322314049587,
        6049.586776859504,
        7057.851239669421,
        8066.115702479338,
        9074.380165289256,
        10082.644628099173,
        11090.909090909092,
        12099.173553719009,
        13107.438016528926,
        14115.702479338843,
        15123.966942148762,
        16132.231404958677,
        17140.495867768594,
        18148.760330578512,
        19157.02479338843,
        20165.289256198346,
        21173.553719008265,
        22181.818181818184,
        23190.0826446281,
        24198.347107438018,
        25206.611570247933,
        26214.87603305785,
        27223.140495867767,
        28231.404958677685,
        29239.669421487604,
        30247.933884297523,
        31256.19834710744,
        32264.462809917353,
        33272.72727272727,
        34280.99173553719,
        35289.25619834711,
        36297.520661157025,
        37305.78512396695,
        38314.04958677686,
        39322.31404958678,
        40330.57851239669,
        41338.842975206615,
        42347.10743801653,
        43355.371900826445,
        44363.63636363637,
        45371.900826446275,
        46380.1652892562,
        47388.42975206611,
        48396.694214876035,
        49404.95867768595,
        50413.223140495866,
        51421.48760330579,
        52429.7520661157,
        53438.016528925626,
        54446.28099173553,
        55454.545454545456,
        56462.80991735537,
        57471.074380165286,
        58479.33884297521,
        59487.603305785124,
        60495.867768595046,
        61504.13223140496,
        62512.39669421488,
        63520.66115702479,
        64528.92561983471,
        65537.19008264464,
        66545.45454545454,
        67553.71900826447,
        68561.98347107437,
        69570.2479338843,
        70578.51239669422,
        71586.77685950413,
        72595.04132231405,
        73603.30578512397,
        74611.5702479339,
        75619.8347107438,
        76628.09917355372,
        77636.36363636363,
        78644.62809917355,
        79652.89256198348,
        80661.15702479339,
        81669.42148760331,
        82677.68595041323,
        83685.95041322314,
        84694.21487603306,
        85702.47933884298,
        86710.74380165289,
        87719.00826446281,
        88727.27272727274,
        89735.53719008266,
        90743.80165289255,
        91752.06611570247,
        92760.3305785124,
        93768.5950413223,
        94776.85950413223,
        95785.12396694215,
        96793.38842975207,
        97801.65289256198,
        98809.9173553719,
        99818.18181818182,
        100826.44628099173,
        101834.71074380165,
        102842.97520661158,
        103851.2396694215,
        104859.5041322314,
        105867.76859504133,
        106876.03305785125,
        107884.29752066114,
        108892.56198347107,
        109900.82644628099,
        110909.09090909091,
        111917.35537190082,
        112925.61983471074,
        113933.88429752066,
        114942.14876033057,
        115950.4132231405,
        116958.67768595042,
        117966.94214876034,
        118975.20661157025,
        119983.47107438017,
        120991.73553719009,
        122000.0
      ],
      "value": [
        8.4e6,
        8.3825230267777145e6,
        8.365009994952883e6,
        8.347457546317519e6,
        8.32986634513233e6,
        8.312234080192018e6,
        8.294560248837854e6,
        8.276843720564848e6,
        8.259082687959492e6,
        8.241277339972847e6,
        8.223424421345882e6,
        8.205525584512337e6,
        8.187575977796178e6,
        8.169578093048567e6,
        8.151527648655905e6,
        8.133425732795694e6,
        8.115269479995237e6,
        8.0970584226471e6,
        8.078791264346459e6,
        8.060465823584987e6,
        8.042082531975747e6,
        8.023637329704288e6,
        8.005132541662337e6,
        7.986562058729373e6,
        7.967929275349943e6,
        7.949228841993238e6,
        7.930462325235104e6,
        7.911626213846256e6,
        7.892720071234679e6,
        7.873742400459139e6,
        7.854690579154512e6,
        7.835565307981326e6,
        7.816361588503061e6,
        7.797082510012949e6,
        7.777720499595701e6,
        7.758279981936391e6,
        7.738754359901875e6,
        7.719145740105614e6,
        7.699449849583091e6,
        7.679666273127194e6,
        7.659793266164931e6,
        7.6398276788353305e6,
        7.619770508280928e6,
        7.599615647536439e6,
        7.57936705842032e6,
        7.559015444220238e6,
        7.5385664122496955e6,
        7.518011889659254e6,
        7.497354593926418e6,
        7.476589340310804e6,
        7.4557157170143705e6,
        7.434731666927079e6,
        7.413633397980908e6,
        7.392422231769415e6,
        7.371090732655515e6,
        7.349643864312101e6,
        7.3280702711148e6,
        7.306376928292619e6,
        7.2845539908604575e6,
        7.262604869268756e6,
        7.24052326814277e6,
        7.218308747853514e6,
        7.195958847266156e6,
        7.173468976294707e6,
        7.150840807695417e6,
        7.128065284382854e6,
        7.105148528760928e6,
        7.082076682845926e6,
        7.05885831893661e6,
        7.035481423993468e6,
        7.011950196626866e6,
        6.988256959344725e6,
        6.964401191188709e6,
        6.940379893944255e6,
        6.916187460929168e6,
        6.891825937032484e6,
        6.867284241775366e6,
        6.842569848698117e6,
        6.817665791717462e6,
        6.792582528317974e6,
        6.76730533057808e6,
        6.74183929402835e6,
        6.71617497460449e6,
        6.690311677273447e6,
        6.66424566531388e6,
        6.63796999622687e6,
        6.611487091946114e6,
        6.584783274706657e6,
        6.557867606790333e6,
        6.530719153549712e6,
        6.503350625802843e6,
        6.475743793551409e6,
        6.447904768051182e6,
        6.419821768947972e6,
        6.391493761576484e6,
        6.362915950269456e6,
        6.334079566727969e6,
        6.3049873752155835e6,
        6.275622240344377e6,
        6.245995106000238e6,
        6.216079785515536e6,
        6.185891720318368e6,
        6.155407984983691e6,
        6.124635820165526e6,
        6.093560215928667e6,
        6.062179489164964e6,
        6.030487243504805e6,
        5.998472084966771e6,
        5.966136990047531e6,
        5.933459994685054e6,
        5.90045427632632e6,
        5.867086360278891e6,
        5.833375041916885e6,
        5.799290769211207e6,
        5.764841971294515e6,
        5.730008904841429e6,
        5.694788626112499e6,
        5.6591721499333475e6,
        5.623144045662786e6,
        5.586707135338012e6,
        5.549832264019977e6,
        5.512535224276121e6
      ]
    }
  },