{
  "time": 74879.99999993369,
  "initial_nodal_pressure": {
    "1": 8.4e6,
    "2": 6.9138553327382365e6
  },
  "initial_pipe_pressure": {
    "1": {
      "distance": [
        0.0,
        1008.2644628099173,
        2016.5289256198346,
        3024.793388429752,
        4033.057851239669,
        5041.322314049587,
        6049.586776859504,
        7057.851239669421,
        8066.115702479338,
        9074.380165289256,
        10082.644628099173,
        11090.909090909092,
        12099.173553719009,
        13107.438016528926,
        14115.702479338843,
        15123.966942148762,
        16132.231404958677,
        17140.495867768594,
        18148.760330578512,
        19157.02479338843,
        20165.289256198346,
        21173.553719008265,
        22181.818181818184,
        23190.0826446281,
        24198.347107438018,
        25206.611570247933,
        26214.87603305785,
        27223.140495867767,
        28231.404958677685,
        29239.669421487604,
        30247.933884297523,
        31256.19834710744,
        32264.462809917353,
        33272.72727272727,
        34280.99173553719,
        35289.25619834711,
        36297.520661157025,
        37305.78512396695,
        38314.04958677686,
        39322.31404958678,
        40330.57851239669,
        41338.842975206615,
        42347.10743801653,
        43355.371900826445,
        44363.63636363637,
        45371.900826446275,
        46380.1652892562,
        47388.42975206611,
        48396.694214876035,
        49404.95867768595,
        50413.223140495866,
        51421.48760330579,
        52429.7520661157,
        53438.016528925626,
        54446.28099173553,
        55454.545454545456,
        56462.80991735537,
        57471.074380165286,
        58479.33884297521,
        59487.603305785124,
        60495.867768595046,
        61504.13223140496,
        62512.39669421488,
        63520.66115702479,
        64528.92561983471,
        65537.19008264464,
        66545.45454545454,
        67553.71900826447,
        68561.98347107437,
        69570.2479338843,
        70578.51239669422,
        71586.77685950413,
        72595.04132231405,
        73603.30578512397,
        74611.5702479339,
        75619.8347107438,
        76628.09917355372,
        77636.36363636363,
        78644.62809917355,
        79652.89256198348,
        80661.15702479339,
        81669.42148760331,
        82677.68595041323,
        83685.95041322314,
        84694.21487603306,
        85702.47933884298,
        86710.74380165289,
        87719.00826446281,
        88727.27272727274,
        89735.53719008266,
        90743.80165289255,
        91752.06611570247,
        92760.3305785124,
        93768.5950413223,
        94776.85950413223,
        95785.12396694215,
        96793.38842975207,
        97801.65289256198,
        98809.9173553719,
        99818.18181818182,
        100826.44628099173,
        101834.71074380165,
        102842.97520661158,
        103851.2396694215,
        104859.5041322314,
        105867.76859504133,
        106876.03305785125,
        107884.29752066114,
        108892.56198347107,
        109900.82644628099,
        110909.09090909091,
        111917.35537190082,
        112925.61983471074,
        113933.88429752066,
        114942.14876033057,
        115950.4132231405,
        116958.67768595042,
        117966.94214876034,
        118975.20661157025,
        119983.47107438017,
        120991.73553719009,
        122000.0
      ],
      "value": [
        8.4e6,
        8.388667519591779e6,
        8.377320287322257e6,
        8.365957373940159e6,
        8.354579464288815e6,
        8.343186089779425e6,
        8.331777474166871e6,
        8.320353610366001e6,
        8.308914260137073e6,
        8.297459878741203e6,
        8.285989765030162e6,
        8.274504837463889e6,
        8.263003931055446e6,
        8.251488196529745e6,
        8.239956699521088e6,
        8.228410128036848e6,
        8.216848010546053e6,
        8.205270571391028e6,
        8.193677802763788e6,
        8.182069464358798e6,
        8.170446013017406e6,
        8.158806742758325e6,
        8.147152576046509e6,
        8.135482340141819e6,
        8.123797191007767e6,
        8.112096187469453e6,
        8.100380020051152e6,
        8.088648212774617e6,
        8.076900989600153e6,
        8.065138340820578e6,
        8.053360022630346e6,
        8.041566492748373e6,
        8.029757038312879e6,
        8.017932585715986e6,
        8.006091951649126e6,
        7.994236297661256e6,
        7.982364673096508e6,
        7.97047777077787e6,
        7.958575108185416e6,
        7.946656907955995e6,
        7.934723157127165e6,
        7.922773606564149e6,
        7.910808714412964e6,
        7.898827758043542e6,
        7.886831668403812e6,
        7.874819247493326e6,
        7.862791663745053e6,
        7.850747953246681e6,
        7.838688811414957e6,
        7.82661374643775e6,
        7.8145229787390465e6,
        7.802416490559228e6,
        7.790294025173103e6,
        7.77815604101065e6,
        7.766001801846717e6,
        7.753832244637304e6,
        7.7416461510973135e6,
        7.729444698942731e6,
        7.717226905994748e6,
        7.704993471159332e6,
        7.692743889856276e6,
        7.680478379484219e6,
        7.668196915751875e6,
        7.655899231612195e6,
        7.643585785999834e6,
        7.631255824226364e6,
        7.618910291652479e6,
        7.606547942478801e6,
        7.594169967357186e6,
        7.581775359461299e6,
        7.569364822771605e6,
        7.5569378356659515e6,
        7.544494611806644e6,
        7.532035118435603e6,
        7.519559074940872e6,
        7.507066941403972e6,
        7.494557938655294e6,
        7.482033023925308e6,
        7.469490914857632e6,
        7.45693282010465e6,
        7.444357700295961e6,
        7.43176626685305e6,
        7.419157975961536e6,
        7.4065330369612975e6,
        7.393891406480593e6,
        7.381232786542018e6,
        7.368557639495058e6,
        7.355865154404556e6,
        7.343156305031903e6,
        7.330429761418485e6,
        7.317686756857303e6,
        7.30492620986541e6,
        7.292148842546049e6,
        7.27935408277892e6,
        7.266542135141027e6,
        7.253712943272404e6,
        7.240866187418759e6,
        7.2280023338545235e6,
        7.215120531198412e6,
        7.20222177573193e6,
        7.18930467663802e6,
        7.176370500236545e6,
        7.163418111517569e6,
        7.150448247476061e6,
        7.137460300508646e6,
        7.124454470151343e6,
        7.111430684430288e6,
        7.098388596727313e6,
        7.085328679490673e6,
        7.072250030667215e6,
        7.059153676514205e6,
        7.046038149652142e6,
        7.032904759741661e6,
        7.019752304785283e6,
        7.006581541946902e6,
        6.993391819780484e6,
        6.980183332675983e6,
        6.966955990134606e6,
        6.953709412831158e6,
        6.94044408228309e6,
        6.927159033817701e6,
        6.9138553327382365e6
      ]
    }
  },