{
  "time": 56160.000000031236,
  "initial_nodal_pressure": {
    "1": 8.400000000000002e6,
    "2": 5.024404774619205e6
  },
  "initial_pipe_pressure": {
    "1": {
      "distance": [
        0.0,
        1008.2644628099173,
        2016.5289256198346,
        3024.793388429752,
        4033.057851239669,
        5041.322314049587,
        6049.586776859504,
        7057.851239669421,
        8066.115702479338,
        9074.380165289256,
        10082.644628099173,
        11090.909090909092,
        12099.173553719009,
        13107.438016528926,
        14115.702479338843,
        15123.966942148762,
        16132.231404958677,
        17140.495867768594,
        18148.760330578512,
        19157.02479338843,
        20165.289256198346,
        21173.553719008265,
        22181.818181818184,
        23190.0826446281,
        24198.347107438018,
        25206.611570247933,
        26214.87603305785,
        27223.140495867767,
        28231.404958677685,
        29239.669421487604,
        30247.933884297523,
        31256.19834710744,
        32264.462809917353,
        33272.72727272727,
        34280.99173553719,
        35289.25619834711,
        36297.520661157025,
        37305.78512396695,
        38314.04958677686,
        39322.31404958678,
        40330.57851239669,
        41338.842975206615,
        42347.10743801653,
        43355.371900826445,
        44363.63636363637,
        45371.900826446275,
        46380.1652892562,
        47388.42975206611,
        48396.694214876035,
        49404.95867768595,
        50413.223140495866,
        51421.48760330579,
        52429.7520661157,
        53438.016528925626,
        54446.28099173553,
        55454.545454545456,
        56462.80991735537,
        57471.074380165286,
        58479.33884297521,
        59487.603305785124,
        60495.867768595046,
        61504.13223140496,
        62512.39669421488,
        63520.66115702479,
        64528.92561983471,
        65537.19008264464,
        66545.45454545454,
        67553.71900826447,
        68561.98347107437,
        69570.2479338843,
        70578.51239669422,
        71586.77685950413,
        72595.04132231405,
        73603.30578512397,
        74611.5702479339,
        75619.8347107438,
        76628.09917355372,
        77636.36363636363,
        78644.62809917355,
        79652.89256198348,
        80661.15702479339,
        81669.42148760331,
        82677.68595041323,
        83685.95041322314,
        84694.21487603306,
        85702.47933884298,
        86710.74380165289,
        87719.00826446281,
        88727.27272727274,
        89735.53719008266,
        90743.80165289255,
        91752.06611570247,
        92760.3305785124,
        93768.5950413223,
        94776.85950413223,
        95785.12396694215,
        96793.38842975207,
        97801.65289256198,
        98809.9173553719,
        99818.18181818182,
        100826.44628099173,
        101834.71074380165,
        102842.97520661158,
        103851.2396694215,
        104859.5041322314,
        105867.76859504133,
        106876.03305785125,
        107884.29752066114,
        108892.56198347107,
        109900.82644628099,
        110909.09090909091,
        111917.35537190082,
        112925.61983471074,
        113933.88429752066,
        114942.14876033057,
        115950.4132231405,
        116958.67768595042,
        117966.94214876034,
        118975.20661157025,
        119983.47107438017,
        120991.73553719009,
        122000.0
      ],
      "value": [
        8.400000000000002e6,
        8.375715514510032e6,
        8.351363131090501e6,
        8.326938292191949e6,
        8.302443889786639e6,
        8.277877467685046e6,
        8.253239787632403e6,
        8.228530534368895e6,
        8.203748302410568e6,
        8.178894957885428e6,
        8.153966890625566e6,
        8.128968189096395e6,
        8.103893000977358e6,
        8.07874655981632e6,
        8.053524088915694e6,
        8.028228633436751e6,
        8.002857632371018e6,
        7.9774119056095015e6,
        7.95189114876599e6,
        7.926293920643969e6,
        7.900622213419032e6,
        7.874872290666479e6,
        7.8490484794596825e6,
        7.823144716356045e6,
        7.79716653247917e6,
        7.771109009389219e6,
        7.744975399398782e6,
        7.718763116735598e6,
        7.6924731054437375e6,
        7.666105146954988e6,
        7.639657851602392e6,
        7.613133398656403e6,
        7.586528044253076e6,
        7.5598463912889855e6,
        7.533082327213634e6,
        7.506241700462928e6,
        7.479319616398366e6,
        7.452319583297433e6,
        7.425239137276598e6,
        7.398079436966083e6,
        7.37084046533655e6,
        7.34352103043047e6,
        7.3161235697669815e6,
        7.2886445498480275e6,
        7.2610888605774995e6,
        7.233450647534683e6,
        7.205736048930599e6,
        7.177940494713668e6,
        7.150067789124702e6,
        7.122115838287411e6,
        7.094086142093767e6,
        7.065979061872529e6,
        7.037793838194457e6,
        7.009533251339226e6,
        6.981194345135934e6,
        6.952782265094217e6,
        6.924291940773827e6,
        6.895729696993951e6,
        6.867091790997295e6,
        6.838382345223926e6,
        6.809600032925045e6,
        6.780746871424885e6,
        6.751823863607503e6,
        6.72283104438555e6,
        6.693771634405975e6,
        6.664643837373277e6,
        6.635452951185248e6,
        6.606195531331316e6,
        6.576877863935073e6,
        6.547497824007017e6,
        6.518059836536173e6,
        6.488563945012092e6,
        6.459012918913021e6,
        6.429408776738249e6,
        6.399752877378127e6,
        6.370048980956905e6,
        6.340297324030033e6,
        6.31050313081782e6,
        6.280665851352939e6,
        6.250791311037605e6,
        6.2208801715182075e6,
        6.190937063640702e6,
        6.160964259714628e6,
        6.13096556388534e6,
        6.100944500632527e6,
        6.07090447180579e6,
        6.040849836994479e6,
        6.010784081277025e6,
        5.980711918759635e6,
        5.950637468934936e6,
        5.920565362331244e6,
        5.890500641110003e6,
        5.860447876204416e6,
        5.830412676576871e6,
        5.800400145430029e6,
        5.770415862531402e6,
        5.740466129032281e6,
        5.710555820781893e6,
        5.680693179902605e6,
        5.650881620686838e6,
        5.62113214947868e6,
        5.591446990899259e6,
        5.561837473011826e6,
        5.532307507177227e6,
        5.502867230733404e6,
        5.473523107832077e6,
        5.444283179747077e6,
        5.415157411309692e6,
        5.386150751018945e6,
        5.357277693076316e6,
        5.328539005436639e6,
        5.299954818354222e6,
        5.271523073993854e6,
        5.243263124244158e6,
        5.215177028626357e6,
        5.1872802446534885e6,
        5.159580085031749e6,
        5.132086871515012e6,
        5.104814369336274e6,
        5.077766446077174e6,
        5.050964571487159e6,
        5.024404774619205e6
      ]
    }
  },