{
  "time": 15839.999999998536,
  "initial_nodal_pressure": {
    "1": 8.4e6,
    "2": 6.949835264513602e6
  },
  "initial_pipe_pressure": {
    "1": {
      "distance": [
        0.0,
        1008.2644628099173,
        2016.5289256198346,
        3024.793388429752,
        4033.057851239669,
        5041.322314049587,
        6049.586776859504,
        7057.851239669421,
        8066.115702479338,
        9074.380165289256,
        10082.644628099173,
        11090.909090909092,
        12099.173553719009,
        13107.438016528926,
        14115.702479338843,
        15123.966942148762,
        16132.231404958677,
        17140.495867768594,
        18148.760330578512,
        19157.02479338843,
        20165.289256198346,
        21173.553719008265,
        22181.818181818184,
        23190.0826446281,
        24198.347107438018,
        25206.611570247933,
        26214.87603305785,
        27223.140495867767,
        28231.404958677685,
        29239.669421487604,
        30247.933884297523,
        31256.19834710744,
        32264.462809917353,
        33272.72727272727,
        34280.99173553719,
        35289.25619834711,
        36297.520661157025,
        37305.78512396695,
        38314.04958677686,
        39322.31404958678,
        40330.57851239669,
        41338.842975206615,
        42347.10743801653,
        43355.371900826445,
        44363.63636363637,
        45371.900826446275,
        46380.1652892562,
        47388.42975206611,
        48396.694214876035,
        49404.95867768595,
        50413.223140495866,
        51421.48760330579,
        52429.7520661157,
        53438.016528925626,
        54446.28099173553,
        55454.545454545456,
        56462.80991735537,
        57471.074380165286,
        58479.33884297521,
        59487.603305785124,
        60495.867768595046,
        61504.13223140496,
        62512.39669421488,
        63520.66115702479,
        64528.92561983471,
        65537.19008264464,
        66545.45454545454,
        67553.71900826447,
        68561.98347107437,
        69570.2479338843,
        70578.51239669422,
        71586.77685950413,
        72595.04132231405,
        73603.30578512397,
        74611.5702479339,
        75619.8347107438,
        76628.09917355372,
        77636.36363636363,
        78644.62809917355,
        79652.89256198348,
        80661.15702479339,
        81669.42148760331,
        82677.68595041323,
        83685.95041322314,
        84694.21487603306,
        85702.47933884298,
        86710.74380165289,
        87719.00826446281,
        88727.27272727274,
        89735.53719008266,
        90743.80165289255,
        91752.06611570247,
        92760.3305785124,
        93768.5950413223,
        94776.85950413223,
        95785.12396694215,
        96793.38842975207,
        97801.65289256198,
        98809.9173553719,
        99818.18181818182,
        100826.44628099173,
        101834.71074380165,
        102842.97520661158,
        103851.2396694215,
        104859.5041322314,
        105867.76859504133,
        106876.03305785125,
        107884.29752066114,
        108892.56198347107,
        109900.82644628099,
        110909.09090909091,
        111917.35537190082,
        112925.61983471074,
        113933.88429752066,
        114942.14876033057,
        115950.4132231405,
        116958.67768595042,
        117966.94214876034,
        118975.20661157025,
        119983.47107438017,
        120991.73553719009,
        122000.0
      ],
      "value": [
        8.4e6,
        8.389045981873326e6,
        8.378078131876802e6,
        8.367095526370504e6,
        8.356098759092082e6,
        8.34508733503783e6,
        8.334061414205882e6,
        8.323020937380206e6,
        8.3119656235684045e6,
        8.300895856639524e6,
        8.289810907211328e6,
        8.278711609684799e6,
        8.267596778736604e6,
        8.256467479869197e6,
        8.245322745202559e6,
        8.234163194135571e6,
        8.222988307007289e6,
        8.2117982494677e6,
        8.200592957769157e6,
        8.189372136007865e6,
        8.178136184204452e6,
        8.166884336932921e6,
        8.15561746600197e6,
        8.144334328327345e6,
        8.133036037888038e6,
        8.12172157905311e6,
        8.110391598741673e6,
        8.099045550616281e6,
        8.0876836062961975e6,
        8.076305697030252e6,
        8.0649115107215e6,
        8.053501464675538e6,
        8.042074754481961e6,
        8.030632292155946e6,
        8.019172772190765e6,
        8.007697360718336e6,
        7.996204990460451e6,
        7.984696337892411e6,
        7.973170827749558e6,
        7.961628637952466e6,
        7.950069694205226e6,
        7.9384936667798925e6,
        7.926900991501722e6,
        7.9152908216995085e6,
        7.903664112674564e6,
        7.892019491311458e6,
        7.880358179948541e6,
        7.868679055318655e6,
        7.856982825689469e6,
        7.845268884349569e6,
        7.833537415866629e6,
        7.82178833977612e6,
        7.810021307098417e6,
        7.798236773526675e6,
        7.786433846462662e6,
        7.774613527893798e6,
        7.762774371301719e6,
        7.750917659716136e6,
        7.739042209022147e6,
        7.727148761743547e6,
        7.715236676888742e6,
        7.703306146030564e6,
        7.691357081812766e6,
        7.679389114168322e6,
        7.6674027201341465e6,
        7.655396957063602e6,
        7.643372877397463e6,
        7.631328954711565e6,
        7.619266537708136e6,
        7.607184375961853e6,
        7.595083248976428e6,
        7.582962478277944e6,
        7.5708222628125e6,
        7.558662507489405e6,
        7.546482819064003e6,
        7.534283697536882e6,
        7.522064145557208e6,
        7.509825270209464e6,
        7.4975654578304235e6,
        7.485286128349634e6,
        7.472985958859422e6,
        7.4606657688657055e6,
        7.448324838774562e6,
        7.435963375280082e6,
        7.423581274569318e6,
        7.411178117826808e6,
        7.398754429799849e6,
        7.386309153146518e6,
        7.373843454275385e6,
        7.361355623971869e6,
        7.348847159614459e6,
        7.33631665880326e6,
        7.323764984412932e6,
        7.311191371574294e6,
        7.298596035105519e6,
        7.285978861306764e6,
        7.273339403035644e6,
        7.260678211754594e6,
        7.247994164093676e6,
        7.235288491036413e6,
        7.222559378343482e6,
        7.209808407843035e6,
        7.197034089636959e6,
        7.184237333734214e6,
        7.171417325215945e6,
        7.158574287394423e6,
        7.145708095301113e6,
        7.132818270272936e6,
        7.119905392667248e6,
        7.106968266152026e6,
        7.094008192204438e6,
        7.0810232407006845e6,
        7.068015085835131e6,
        7.054982141013319e6,
        7.041925367608763e6,
        7.028843895132864e6,
        7.015737955744951e6,
        7.0026074115575645e6,
        6.989451748661705e6,
        6.976271578730876e6,
        6.963065624456312e6,
        6.949835264513602e6
      ]
    }
  },