{
  "time": 50400.00000003082,
  "initial_nodal_pressure": {
    "1": 8.4e6,
    "2": 4.591043523926898e6
  },
  "initial_pipe_pressure": {
    "1": {
      "distance": [
        0.0,
        1008.2644628099173,
        2016.5289256198346,
        3024.793388429752,
        4033.057851239669,
        5041.322314049587,
        6049.586776859504,
        7057.851239669421,
        8066.115702479338,
        9074.380165289256,
        10082.644628099173,
        11090.909090909092,
        12099.173553719009,
        13107.438016528926,
        14115.702479338843,
        15123.966942148762,
        16132.231404958677,
        17140.495867768594,
        18148.760330578512,
        19157.02479338843,
        20165.289256198346,
        21173.553719008265,
        22181.818181818184,
        23190.0826446281,
        24198.347107438018,
        25206.611570247933,
        26214.87603305785,
        27223.140495867767,
        28231.404958677685,
        29239.669421487604,
        30247.933884297523,
        31256.19834710744,
        32264.462809917353,
        33272.72727272727,
        34280.99173553719,
        35289.25619834711,
        36297.520661157025,
        37305.78512396695,
        38314.04958677686,
        39322.31404958678,
        40330.57851239669,
        41338.842975206615,
        42347.10743801653,
        43355.371900826445,
        44363.63636363637,
        45371.900826446275,
        46380.1652892562,
        47388.42975206611,
        48396.694214876035,
        49404.95867768595,
        50413.223140495866,
        51421.48760330579,
        52429.7520661157,
        53438.016528925626,
        54446.28099173553,
        55454.545454545456,
        56462.80991735537,
        57471.074380165286,
        58479.33884297521,
        59487.603305785124,
        60495.867768595046,
        61504.13223140496,
        62512.39669421488,
        63520.66115702479,
        64528.92561983471,
        65537.19008264464,
        66545.45454545454,
        67553.71900826447,
        68561.98347107437,
        69570.2479338843,
        70578.51239669422,
        71586.77685950413,
        72595.04132231405,
        73603.30578512397,
        74611.5702479339,
        75619.8347107438,
        76628.09917355372,
        77636.36363636363,
        78644.62809917355,
        79652.89256198348,
        80661.15702479339,
        81669.42148760331,
        82677.68595041323,
        83685.95041322314,
        84694.21487603306,
        85702.47933884298,
        86710.74380165289,
        87719.00826446281,
        88727.27272727274,
        89735.53719008266,
        90743.80165289255,
        91752.06611570247,
        92760.3305785124,
        93768.5950413223,
        94776.85950413223,
        95785.12396694215,
        96793.38842975207,
        97801.65289256198,
        98809.9173553719,
        99818.18181818182,
        100826.44628099173,
        101834.71074380165,
        102842.97520661158,
        103851.2396694215,
        104859.5041322314,
        105867.76859504133,
        106876.03305785125,
        107884.29752066114,
        108892.56198347107,
        109900.82644628099,
        110909.09090909091,
        111917.35537190082,
        112925.61983471074,
        113933.88429752066,
        114942.14876033057,
        115950.4132231405,
        116958.67768595042,
        117966.94214876034,
        118975.20661157025,
        119983.47107438017,
        120991.73553719009,
        122000.0
      ],
      "value": [
        8.4e6,
        8.3757693661040645e6,
        8.351470795480167e6,
        8.327099357940101e6,
        8.302657600771864e6,
        8.278142663541274e6,
        8.253554941843783e6,
        8.2288937276839735e6,
        8.204157178660075e6,
        8.179346825772115e6,
        8.154458498240635e6,
        8.129496056711754e6,
        8.104452907335754e6,
        8.079334141572102e6,
        8.054134224688455e6,
        8.028855947204184e6,
        8.003496072855651e6,
        7.978054993676789e6,
        7.952531869556757e6,
        7.92692459163546e6,
        7.901234818515921e6,
        7.875457832872271e6,
        7.8495978997608675e6,
        7.823647580332218e6,
        7.797612520558375e6,
        7.771486457514264e6,
        7.745272461122083e6,
        7.718966837221486e6,
        7.692569962958866e6,
        7.666080829610658e6,
        7.639496998574216e6,
        7.612820269486997e6,
        7.586045258359417e6,
        7.559176702784847e6,
        7.532206136632129e6,
        7.505139858858872e6,
        7.477970716762467e6,
        7.45070210259219e6,
        7.423329755310078e6,
        7.395854018883245e6,
        7.368273665090518e6,
        7.340585839847474e6,
        7.312792497081012e6,
        7.284887426093579e6,
        7.25687592106685e6,
        7.228748246685775e6,
        7.200511478412272e6,
        7.172157357677505e6,
        7.143689649997225e6,
        7.115103379089901e6,
        7.086398826026488e6,
        7.057574470194884e6,
        7.028626922704117e6,
        6.99955830294768e6,
        6.970361354656595e6,
        6.941042033396345e6,
        6.911589005237377e6,
        6.882010279384452e6,
        6.85229619451029e6,
        6.822450949441021e6,
        6.792468644685995e6,
        6.762349449389917e6,
        6.732091442759332e6,
        6.701690529702885e6,
        6.6711490000653295e6,
        6.640458243364047e6,
        6.609625008437383e6,
        6.578635900159491e6,
        6.5475000647870395e6,
        6.516206017014188e6,
        6.484758458239957e6,
        6.45315026395015e6,
        6.421381408435483e6,
        6.389449405184583e6,
        6.357349197261814e6,
        6.32508323482296e6,
        6.292641101558359e6,
        6.260030506528265e6,
        6.22723531944484e6,
        6.194266090627289e6,
        6.161108889523526e6,
        6.127768995478876e6,
        6.094237602093658e6,
        6.06051434352458e6,
        6.02659590139134e6,
        5.992475857703582e6,
        5.95815677772097e6,
        5.9236257479358595e6,
        5.888891648171077e6,
        5.853934585442647e6,
        5.818766869520811e6,
        5.783371163272937e6,
        5.747753392782956e6,
        5.711902341139821e6,
        5.675817035405979e6,
        5.63949287235481e6,
        5.602921412884491e6,
        5.566105210270058e6,
        5.529027733606995e6,
        5.491699291183969e6,
        5.454094568400116e6,
        5.416228109809182e6,
        5.37807759084843e6,
        5.339649605279095e6,
        5.300929283730433e6,
        5.261914523001121e6,
        5.222598606007332e6,
        5.182969898277507e6,
        5.1430306136891255e6,
        5.102758650639982e6,
        5.062166026525611e6,
        5.021219119240983e6,
        4.979935329121505e6,
        4.938284528487264e6,
        4.896273819946897e6,
        4.8538823706766935e6,
        4.811105827522298e6,
        4.767933689324531e6,
        4.72434882338207e6,
        4.680352242936839e6,
        4.635912515487313e6,
        4.591043523926898e6
      ]
    }
  },