{
  "time": 17279.99999999988,
  "initial_nodal_pressure": {
    "1": 8.4e6,
    "2": 6.949548954006102e6
  },
  "initial_pipe_pressure": {
    "1": {
      "distance": [
        0.0,
        1008.2644628099173,
        2016.5289256198346,
        3024.793388429752,
        4033.057851239669,
        5041.322314049587,
        6049.586776859504,
        7057.851239669421,
        8066.115702479338,
        9074.380165289256,
        10082.644628099173,
        11090.909090909092,
        12099.173553719009,
        13107.438016528926,
        14115.702479338843,
        15123.966942148762,
        16132.231404958677,
        17140.495867768594,
        18148.760330578512,
        19157.02479338843,
        20165.289256198346,
        21173.553719008265,
        22181.818181818184,
        23190.0826446281,
        24198.347107438018,
        25206.611570247933,
        26214.87603305785,
        27223.140495867767,
        28231.404958677685,
        29239.669421487604,
        30247.933884297523,
        31256.19834710744,
        32264.462809917353,
        33272.72727272727,
        34280.99173553719,
        35289.25619834711,
        36297.520661157025,
        37305.78512396695,
        38314.04958677686,
        39322.31404958678,
        40330.57851239669,
        41338.842975206615,
        42347.10743801653,
        43355.371900826445,
        44363.63636363637,
        45371.900826446275,
        46380.1652892562,
        47388.42975206611,
        48396.694214876035,
        49404.95867768595,
        50413.223140495866,
        51421.48760330579,
        52429.7520661157,
        53438.016528925626,
        54446.28099173553,
        55454.545454545456,
        56462.80991735537,
        57471.074380165286,
        58479.33884297521,
        59487.603305785124,
        60495.867768595046,
        61504.13223140496,
        62512.39669421488,
        63520.66115702479,
        64528.92561983471,
        65537.19008264464,
        66545.45454545454,
        67553.71900826447,
        68561.98347107437,
        69570.2479338843,
        70578.51239669422,
        71586.77685950413,
        72595.04132231405,
        73603.30578512397,
        74611.5702479339,
        75619.8347107438,
        76628.09917355372,
        77636.36363636363,
        78644.62809917355,
        79652.89256198348,
        80661.15702479339,
        81669.42148760331,
        82677.68595041323,
        83685.95041322314,
        84694.21487603306,
        85702.47933884298,
        86710.74380165289,
        87719.00826446281,
        88727.27272727274,
        89735.53719008266,
        90743.80165289255,
        91752.06611570247,
        92760.3305785124,
        93768.5950413223,
        94776.85950413223,
        95785.12396694215,
        96793.38842975207,
        97801.65289256198,
        98809.9173553719,
        99818.18181818182,
        100826.44628099173,
        101834.71074380165,
        102842.97520661158,
        103851.2396694215,
        104859.5041322314,
        105867.76859504133,
        106876.03305785125,
        107884.29752066114,
        108892.56198347107,
        109900.82644628099,
        110909.09090909091,
        111917.35537190082,
        112925.61983471074,
        113933.88429752066,
        114942.14876033057,
        115950.4132231405,
        116958.67768595042,
        117966.94214876034,
        118975.20661157025,
        119983.47107438017,
        120991.73553719009,
        122000.0
      ],
      "value": [
        8.4e6,
        8.389042967652401e6,
        8.378072096235951e6,
        8.367086462072356e6,
        8.356086659617215e6,
        8.345072194079216e6,
        8.334043225960376e6,
        8.322999696457762e6,
        8.311941324919127e6,
        8.300868495776177e6,
        8.289780479874459e6,
        8.278678112274991e6,
        8.267560207822274e6,
        8.256427832686494e6,
        8.245280019258256e6,
        8.234117387475255e6,
        8.222939418059995e6,
        8.211746277125386e6,
        8.2005379013662115e6,
        8.189313995319685e6,
        8.178074959453059e6,
        8.166820028814332e6,
        8.155550075607339e6,
        8.144263857310587e6,
        8.132962488228218e6,
        8.121644953323164e6,
        8.110311899855138e6,
        8.098962782045427e6,
        8.087597771925606e6,
        8.076216801211088e6,
        8.06481955834596e6,
        8.0534064609524645e6,
        8.041976705347702e6,
        8.030531203655058e6,
        8.019068651340219e6,
        8.007590214492164e6,
        7.996094826759706e6,
        7.98458316474335e6,
        7.97305465391412e6,
        7.96150947254473e6,
        7.9499475468240995e6,
        7.938368547662703e6,
        7.926772911059694e6,
        7.915159791328481e6,
        7.903530143572775e6,
        7.891882596068243e6,
        7.880218370720814e6,
        7.868536345528694e6,
        7.856837228654401e6,
        7.845120414297998e6,
        7.833386087309836e6,
        7.821634167721753e6,
        7.809864307285531e6,
        7.798076961714051e6,
        7.786271239650381e6,
        7.774448142563259e6,
        7.762606225746853e6,
        7.750746771392419e6,
        7.738868596988631e6,
        7.726972444711541e6,
        7.7150576746525755e6,
        7.703124478588957e6,
        7.691172769664873e6,
        7.67920217863133e6,
        7.667213182381077e6,
        7.655204839760625e6,
        7.643178202359959e6,
        7.631131745984596e6,
        7.619066818081322e6,
        7.606982170160698e6,
        7.594878581126956e6,
        7.582755373753207e6,
        7.570612747103392e6,
        7.558450606583174e6,
        7.546268559844182e6,
        7.534067106571125e6,
        7.521845251148701e6,
        7.509604099472065e6,
        7.497342040513202e6,
        7.485060492524316e6,
        7.472758134853871e6,
        7.460435786150887e6,
        7.44809272822153e6,
        7.435729167783619e6,
        7.42334500150771e6,
        7.410939811542367e6,
        7.398514122141776e6,
        7.386066877927424e6,
        7.373599243778806e6,
        7.361109513502498e6,
        7.3485991823795345e6,
        7.3360668505678475e6,
        7.323513379825947e6,
        7.310938006823224e6,
        7.298340946300866e6,
        7.285722085020228e6,
        7.273080976858166e6,
        7.260418172603671e6,
        7.247732551058411e6,
        7.235025341341532e6,
        7.222294732592762e6,
        7.209542304131871e6,
        7.196766568894818e6,
        7.183968435517517e6,
        7.171147090739888e6,
        7.158302757690943e6,
        7.145435311831125e6,
        7.132544275557099e6,
        7.119630228372129e6,
        7.1066919762988575e6,
        7.093730818625317e6,
        7.08074482892794e6,
        7.067735678498718e6,
        7.054701783820897e6,
        7.041644104645025e6,
        7.02856177223939e6,
        7.015455018469462e6,
        7.002323705834205e6,
        6.989167321507995e6,
        6.975986476132282e6,
        6.962779894905438e6,
        6.949548954006102e6
      ]
    }
  },