{
  "time": 84959.99999988115,
  "initial_nodal_pressure": {
    "1": 8.400000000000002e6,
    "2": 6.945361707485873e6
  },
  "initial_pipe_pressure": {
    "1": {
      "distance": [
        0.0,
        1008.2644628099173,
        2016.5289256198346,
        3024.793388429752,
        4033.057851239669,
        5041.322314049587,
        6049.586776859504,
        7057.851239669421,
        8066.115702479338,
        9074.380165289256,
        10082.644628099173,
        11090.909090909092,
        12099.173553719009,
        13107.438016528926,
        14115.702479338843,
        15123.966942148762,
        16132.231404958677,
        17140.495867768594,
        18148.760330578512,
        19157.02479338843,
        20165.289256198346,
        21173.553719008265,
        22181.818181818184,
        23190.0826446281,
        24198.347107438018,
        25206.611570247933,
        26214.87603305785,
        27223.140495867767,
        28231.404958677685,
        29239.669421487604,
        30247.933884297523,
        31256.19834710744,
        32264.462809917353,
        33272.72727272727,
        34280.99173553719,
        35289.25619834711,
        36297.520661157025,
        37305.78512396695,
        38314.04958677686,
        39322.31404958678,
        40330.57851239669,
        41338.842975206615,
        42347.10743801653,
        43355.371900826445,
        44363.63636363637,
        45371.900826446275,
        46380.1652892562,
        47388.42975206611,
        48396.694214876035,
        49404.95867768595,
        50413.223140495866,
        51421.48760330579,
        52429.7520661157,
        53438.016528925626,
        54446.28099173553,
        55454.545454545456,
        56462.80991735537,
        57471.074380165286,
        58479.33884297521,
        59487.603305785124,
        60495.867768595046,
        61504.13223140496,
        62512.39669421488,
        63520.66115702479,
        64528.92561983471,
        65537.19008264464,
        66545.45454545454,
        67553.71900826447,
        68561.98347107437,
        69570.2479338843,
        70578.51239669422,
        71586.77685950413,
        72595.04132231405,
        73603.30578512397,
        74611.5702479339,
        75619.8347107438,
        76628.09917355372,
        77636.36363636363,
        78644.62809917355,
        79652.89256198348,
        80661.15702479339,
        81669.42148760331,
        82677.68595041323,
        83685.95041322314,
        84694.21487603306,
        85702.47933884298,
        86710.74380165289,
        87719.00826446281,
        88727.27272727274,
        89735.53719008266,
        90743.80165289255,
        91752.06611570247,
        92760.3305785124,
        93768.5950413223,
        94776.85950413223,
        95785.12396694215,
        96793.38842975207,
        97801.65289256198,
        98809.9173553719,
        99818.18181818182,
        100826.44628099173,
        101834.71074380165,
        102842.97520661158,
        103851.2396694215,
        104859.5041322314,
        105867.76859504133,
        106876.03305785125,
        107884.29752066114,
        108892.56198347107,
        109900.82644628099,
        110909.09090909091,
        111917.35537190082,
        112925.61983471074,
        113933.88429752066,
        114942.14876033057,
        115950.4132231405,
        116958.67768595042,
        117966.94214876034,
        118975.20661157025,
        119983.47107438017,
        120991.73553719009,
        122000.0
      ],
      "value": [
        8.400000000000002e6,
        8.388998889673933e6,
        8.377983834770548e6,
        8.366953911039276e6,
        8.355909723448709e6,
        8.344850780309935e6,
        8.333777249500821e6,
        8.322689078263441e6,
        8.31158599092036e6,
        8.300468380142524e6,
        8.289335520101218e6,
        8.278188255526835e6,
        8.267025403707824e6,
        8.255848040598963e6,
        8.244655202541941e6,
        8.233447517367719e6,
        8.222224471406165e6,
        8.210986237548113e6,
        8.199732758963983e6,
        8.1884637466435945e6,
        8.177179607596257e6,
        8.1658795838007545e6,
        8.154564553254191e6,
        8.143233281660349e6,
        8.131886888095174e6,
        8.120524366204588e6,
        8.109146368241282e6,
        8.097752356600537e6,
        8.086342509351474e6,
        8.07491676503957e6,
        8.063474820025883e6,
        8.052017096572766e6,
        8.040542801639143e6,
        8.029052848942135e6,
        8.017545948169408e6,
        8.006023264793402e6,
        7.994483746023016e6,
        7.982928070298442e6,
        7.971355673854719e6,
        7.959766740121157e6,
        7.948161202383273e6,
        7.936538740893978e6,
        7.924899794202331e6,
        7.913243531026325e6,
        7.901570903586444e6,
        7.889880560508043e6,
        7.87817371737868e6,
        7.866449270707807e6,
        7.854707927125158e6,
        7.8429490941663375e6,
        7.83117296082074e6,
        7.819379454384168e6,
        7.8075682373102335e6,
        7.795739765603923e6,
        7.783893166067748e6,
        7.7720294325868795e6,
        7.760147146970281e6,
        7.748247579147421e6,
        7.736329570065343e6,
        7.724393856815402e6,
        7.712439815332444e6,
        7.700467640384877e6,
        7.688477252438204e6,
        7.676468294210174e6,
        7.6644412404849855e6,
        7.652395171951055e6,
        7.64033112775275e6,
        7.628247616311091e6,
        7.616145966707356e6,
        7.604024958768911e6,
        7.591885362629618e6,
        7.579726519302193e6,
        7.567548629572338e6,
        7.555351606104133e6,
        7.543135069656821e6,
        7.530899515292099e6,
        7.518643972777491e6,
        7.506369530608281e6,
        7.49407461629835e6,
        7.4817606235610945e6,
        7.469426264740934e6,
        7.457072345948564e6,
        7.444698169463626e6,
        7.432303942345889e6,
        7.419889568331871e6,
        7.407454643664297e6,
        7.394999685379048e6,
        7.382523666807004e6,
        7.370027730457785e6,
        7.357510214315427e6,
        7.344972582978594e6,
        7.33241347400515e6,
        7.319833732822135e6,
        7.307232618591387e6,
        7.294610344919499e6,
        7.281966805303472e6,
        7.269301568515808e6,
        7.25661517548811e6,
        7.243906536767465e6,
        7.231176854200775e6,
        7.218424366327456e6,
        7.205650615778445e6,
        7.1928541569182845e6,
        7.180035878295358e6,
        7.167194990891975e6,
        7.15433171514555e6,
        7.141445932776792e6,
        7.128537181663728e6,
        7.115606028810059e6,
        7.102651314650865e6,
        7.089674306456574e6,
        7.0766731318850415e6,
        7.063649419784615e6,
        7.050601631617072e6,
        7.037530703393421e6,
        7.024435792050283e6,
        7.011317125142694e6,
        6.998174570803776e6,
        6.985007632028772e6,
        6.971816904358566e6,
        6.958601149621739e6,
        6.945361707485873e6
      ]
    }
  },