{
  "time": 5760.000000000639,
  "initial_nodal_pressure": {
    "1": 8.400000000000002e6,
    "2": 6.959181370147233e6
  },
  "initial_pipe_pressure": {
    "1": {
      "distance": [
        0.0,
        1008.2644628099173,
        2016.5289256198346,
        3024.793388429752,
        4033.057851239669,
        5041.322314049587,
        6049.586776859504,
        7057.851239669421,
        8066.115702479338,
        9074.380165289256,
        10082.644628099173,
        11090.909090909092,
        12099.173553719009,
        13107.438016528926,
        14115.702479338843,
        15123.966942148762,
        16132.231404958677,
        17140.495867768594,
        18148.760330578512,
        19157.02479338843,
        20165.289256198346,
        21173.553719008265,
        22181.818181818184,
        23190.0826446281,
        24198.347107438018,
        25206.611570247933,
        26214.87603305785,
        27223.140495867767,
        28231.404958677685,
        29239.669421487604,
        30247.933884297523,
        31256.19834710744,
        32264.462809917353,
        33272.72727272727,
        34280.99173553719,
        35289.25619834711,
        36297.520661157025,
        37305.78512396695,
        38314.04958677686,
        39322.31404958678,
        40330.57851239669,
        41338.842975206615,
        42347.10743801653,
        43355.371900826445,
        44363.63636363637,
        45371.900826446275,
        46380.1652892562,
        47388.42975206611,
        48396.694214876035,
        49404.95867768595,
        50413.223140495866,
        51421.48760330579,
        52429.7520661157,
        53438.016528925626,
        54446.28099173553,
        55454.545454545456,
        56462.80991735537,
        57471.074380165286,
        58479.33884297521,
        59487.603305785124,
        60495.867768595046,
        61504.13223140496,
        62512.39669421488,
        63520.66115702479,
        64528.92561983471,
        65537.19008264464,
        66545.45454545454,
        67553.71900826447,
        68561.98347107437,
        69570.2479338843,
        70578.51239669422,
        71586.77685950413,
        72595.04132231405,
        73603.30578512397,
        74611.5702479339,
        75619.8347107438,
        76628.09917355372,
        77636.36363636363,
        78644.62809917355,
        79652.89256198348,
        80661.15702479339,
        81669.42148760331,
        82677.68595041323,
        83685.95041322314,
        84694.21487603306,
        85702.47933884298,
        86710.74380165289,
        87719.00826446281,
        88727.27272727274,
        89735.53719008266,
        90743.80165289255,
        91752.06611570247,
        92760.3305785124,
        93768.5950413223,
        94776.85950413223,
        95785.12396694215,
        96793.38842975207,
        97801.65289256198,
        98809.9173553719,
        99818.18181818182,
        100826.44628099173,
        101834.71074380165,
        102842.97520661158,
        103851.2396694215,
        104859.5041322314,
        105867.76859504133,
        106876.03305785125,
        107884.29752066114,
        108892.56198347107,
        109900.82644628099,
        110909.09090909091,
        111917.35537190082,
        112925.61983471074,
        113933.88429752066,
        114942.14876033057,
        115950.4132231405,
        116958.67768595042,
        117966.94214876034,
        118975.20661157025,
        119983.47107438017,
        120991.73553719009,
        122000.0
      ],
      "value": [
        8.400000000000002e6,
        8.38914439684558e6,
        8.378275195741723e6,
        8.367391474246756e6,
        8.356493802726393e6,
        8.345581679226453e6,
        8.334655247329066e6,
        8.323714434350361e6,
        8.312758948197553e6,
        8.301789154421629e6,
        8.290804316180331e6,
        8.279805246408155e6,
        8.268790754253156e6,
        8.257761883513802e6,
        8.246717657444132e6,
        8.235658677918396e6,
        8.224584412757212e6,
        8.213495012537184e6,
        8.202390399094086e6,
        8.191270262142783e6,
        8.180134987174276e6,
        8.168983793284385e6,
        8.1578175394535065e6,
        8.146634964205128e6,
        8.135437170981273e6,
        8.124223124757422e6,
        8.1129934613903705e6,
        8.101747616316254e6,
        8.090485747733713e6,
        8.079207771690301e6,
        8.0679133584519075e6,
        8.056602915030756e6,
        8.045275613280838e6,
        8.033932361737753e6,
        8.022571823156841e6,
        8.011195165126241e6,
        7.999801290119281e6,
        7.988390870566357e6,
        7.976963307210424e6,
        7.965518766510162e6,
        7.9540571583724795e6,
        7.94257813225619e6,
        7.9310821183416825e6,
        7.919568237842015e6,
        7.908037452539189e6,
        7.896488343933523e6,
        7.884922148505756e6,
        7.8733377017109115e6,
        7.861735715271891e6,
        7.850115552751165e6,
        7.838477389510883e6,
        7.826821128906877e6,
        7.815146398108635e6,
        7.803453652181259e6,
        7.791741958036648e6,
        7.780012334599134e6,
        7.768263276220883e6,
        7.756496093299223e6,
        7.744709549406396e6,
        7.732904398419519e6,
        7.721079964017449e6,
        7.709236431108788e6,
        7.6973736960129365e6,
        7.685491361975177e6,
        7.673589910736973e6,
        7.661668350934153e6,
        7.649727762764289e6,
        7.637766547051237e6,
        7.625786093454371e6,
        7.613785088379276e6,
        7.6017643308815e6,
        7.589723101789989e6,
        7.57766159619548e6,
        7.565579702799548e6,
        7.553476999099584e6,
        7.541353995387925e6,
        7.529209637666656e6,
        7.517045071811697e6,
        7.504858598148435e6,
        7.492651691322193e6,
        7.480422954778044e6,
        7.468173235962496e6,
        7.455901769565121e6,
        7.443608761478755e6,
        7.431294092083392e6,
        7.418957311070265e6,
        7.406598959250312e6,
        7.3942179151649885e6,
        7.381815395098433e6,
        7.369389591186478e6,
        7.356942069235808e6,
        7.344471343312076e6,
        7.331978312686905e6,
        7.3194621622217735e6,
        7.306923109205677e6,
        7.294361024837504e6,
        7.281775428651729e6,
        7.26916689405231e6,
        7.256534226714187e6,
        7.243878718449011e6,
        7.231198444624823e6,
        7.218495068929685e6,
        7.205767008859893e6,
        7.193015219210452e6,
        7.180238830830294e6,
        7.167438072959829e6,
        7.154612806559371e6,
        7.141762518290311e6,
        7.128887816348011e6,
        7.115987427416647e6,
        7.103062724426222e6,
        7.090111656300411e6,
        7.077135991991703e6,
        7.064134044280291e6,
        7.051106827501049e6,
        7.038053413687369e6,
        7.02497404453112e6,
        7.011868569444853e6,
        6.998736439041323e6,
        6.985578298651368e6,
        6.972392788948337e6,
        6.959181370147233e6
      ]
    }
  },