{
  "time": 71999.99999994869,
  "initial_nodal_pressure": {
    "1": 8.400000000000002e6,
    "2": 6.881510483647706e6
  },
  "initial_pipe_pressure": {
    "1": {
      "distance": [
        0.0,
        1008.2644628099173,
        2016.5289256198346,
        3024.793388429752,
        4033.057851239669,
        5041.322314049587,
        6049.586776859504,
        7057.851239669421,
        8066.115702479338,
        9074.380165289256,
        10082.644628099173,
        11090.909090909092,
        12099.173553719009,
        13107.438016528926,
        14115.702479338843,
        15123.966942148762,
        16132.231404958677,
        17140.495867768594,
        18148.760330578512,
        19157.02479338843,
        20165.289256198346,
        21173.553719008265,
        22181.818181818184,
        23190.0826446281,
        24198.347107438018,
        25206.611570247933,
        26214.87603305785,
        27223.140495867767,
        28231.404958677685,
        29239.669421487604,
        30247.933884297523,
        31256.19834710744,
        32264.462809917353,
        33272.72727272727,
        34280.99173553719,
        35289.25619834711,
        36297.520661157025,
        37305.78512396695,
        38314.04958677686,
        39322.31404958678,
        40330.57851239669,
        41338.842975206615,
        42347.10743801653,
        43355.371900826445,
        44363.63636363637,
        45371.900826446275,
        46380.1652892562,
        47388.42975206611,
        48396.694214876035,
        49404.95867768595,
        50413.223140495866,
        51421.48760330579,
        52429.7520661157,
        53438.016528925626,
        54446.28099173553,
        55454.545454545456,
        56462.80991735537,
        57471.074380165286,
        58479.33884297521,
        59487.603305785124,
        60495.867768595046,
        61504.13223140496,
        62512.39669421488,
        63520.66115702479,
        64528.92561983471,
        65537.19008264464,
        66545.45454545454,
        67553.71900826447,
        68561.98347107437,
        69570.2479338843,
        70578.51239669422,
        71586.77685950413,
        72595.04132231405,
        73603.30578512397,
        74611.5702479339,
        75619.8347107438,
        76628.09917355372,
        77636.36363636363,
        78644.62809917355,
        79652.89256198348,
        80661.15702479339,
        81669.42148760331,
        82677.68595041323,
        83685.95041322314,
        84694.21487603306,
        85702.47933884298,
        86710.74380165289,
        87719.00826446281,
        88727.27272727274,
        89735.53719008266,
        90743.80165289255,
        91752.06611570247,
        92760.3305785124,
        93768.5950413223,
        94776.85950413223,
        95785.12396694215,
        96793.38842975207,
        97801.65289256198,
        98809.9173553719,
        99818.18181818182,
        100826.44628099173,
        101834.71074380165,
        102842.97520661158,
        103851.2396694215,
        104859.5041322314,
        105867.76859504133,
        106876.03305785125,
        107884.29752066114,
        108892.56198347107,
        109900.82644628099,
        110909.09090909091,
        111917.35537190082,
        112925.61983471074,
        113933.88429752066,
        114942.14876033057,
        115950.4132231405,
        116958.67768595042,
        117966.94214876034,
        118975.20661157025,
        119983.47107438017,
        120991.73553719009,
        122000.0
      ],
      "value": [
        8.400000000000002e6,
        8.388327916967762e6,
        8.376640228882047e6,
        8.36493600003444e6,
        8.353215998622175e6,
        8.341479779267617e6,
        8.329727623726438e6,
        8.317959572088902e6,
        8.306175424498732e6,
        8.294375701513636e6,
        8.282559726622327e6,
        8.270728495725426e6,
        8.258880860726877e6,
        8.247018051192098e6,
        8.235139161940736e6,
        8.22324494416637e6,
        8.211334969428697e6,
        8.199409515675512e6,
        8.187468625915069e6,
        8.175512110058498e6,
        8.163540477192153e6,
        8.151553074466971e6,
        8.139550871614106e6,
        8.127532758351685e6,
        8.115499930344157e6,
        8.103451512934384e6,
        8.091388237230357e6,
        8.079309690665145e6,
        8.067216145134381e6,
        8.0551076446652915e6,
        8.042984007300626e6,
        8.030845728155898e6,
        8.018692176777438e6,
        8.006524293871956e6,
        7.994341005823991e6,
        7.982143471545562e6,
        7.969930845302986e6,
        7.957703835715628e6,
        7.945462044059234e6,
        7.933205733966708e6,
        7.9209349482842665e6,
        7.908649510901925e6,
        7.896349900866959e6,
        7.884035507486643e6,
        7.871707240730446e6,
        7.859364060378311e6,
        7.847007087281749e6,
        7.834635501242767e6,
        7.822249986824758e6,
        7.809850156057024e6,
        7.797436262190682e6,
        7.78500834439872e6,
        7.772566229445361e6,
        7.760110378722368e6,
        7.747640197158796e6,
        7.735156563622499e6,
        7.722658465661702e6,
        7.710146986557318e6,
        7.697621326289198e6,
        7.685082144790138e6,
        7.6725290606117975e6,
        7.659962314656871e6,
        7.647381939653798e6,
        7.6347877615454355e6,
        7.622180223099299e6,
        7.609558739095479e6,
        7.5969241584859155e6,
        7.584275488385871e6,
        7.571613777040507e6,
        7.558938237110176e6,
        7.546249504468413e6,
        7.53354719874016e6,
        7.520831546726731e6,
        7.50810257167755e6,
        7.495360094267164e6,
        7.482604538394097e6,
        7.469835321170123e6,
        7.457053264560097e6,
        7.444257384267483e6,
        7.431448698316651e6,
        7.418626422253826e6,
        7.405791169756656e6,
        7.392942554786521e6,
        7.380080788562932e6,
        7.367205881574523e6,
        7.354317644002752e6,
        7.341416481456072e6,
        7.32850180399992e6,
        7.315574411465355e6,
        7.302633314195772e6,
        7.289679507310227e6,
        7.276712196999199e6,
        7.26373197803584e6,
        7.250738450625627e6,
        7.237731809251636e6,
        7.224712048125077e6,
        7.211678960903676e6,
        7.198632936399143e6,
        7.185573366286007e6,
        7.17250103520697e6,
        7.159414931040915e6,
        7.146316036021889e6,
        7.133203532148024e6,
        7.120078000131256e6,
        7.106939016902081e6,
        7.093786759422514e6,
        7.080621201879288e6,
        7.067442114535036e6,
        7.054249871892065e6,
        7.041043833808908e6,
        7.027824778931945e6,
        7.01459165222171e6,
        7.001345435943171e6,
        6.9880852703131195e6,
        6.974811728488866e6,
        6.961524353097019e6,
        6.94822330319554e6,
        6.934908528960795e6,
        6.921579769498995e6,
        6.9082373885513805e6,
        6.894880698523521e6,
        6.881510483647706e6
      ]
    }
  },