{
  "time": 63359.99999999371,
  "initial_nodal_pressure": {
    "1": 8.4e6,
    "2": 6.500498984509912e6
  },
  "initial_pipe_pressure": {
    "1": {
      "distance": [
        0.0,
        1008.2644628099173,
        2016.5289256198346,
        3024.793388429752,
        4033.057851239669,
        5041.322314049587,
        6049.586776859504,
        7057.851239669421,
        8066.115702479338,
        9074.380165289256,
        10082.644628099173,
        11090.909090909092,
        12099.173553719009,
        13107.438016528926,
        14115.702479338843,
        15123.966942148762,
        16132.231404958677,
        17140.495867768594,
        18148.760330578512,
        19157.02479338843,
        20165.289256198346,
        21173.553719008265,
        22181.818181818184,
        23190.0826446281,
        24198.347107438018,
        25206.611570247933,
        26214.87603305785,
        27223.140495867767,
        28231.404958677685,
        29239.669421487604,
        30247.933884297523,
        31256.19834710744,
        32264.462809917353,
        33272.72727272727,
        34280.99173553719,
        35289.25619834711,
        36297.520661157025,
        37305.78512396695,
        38314.04958677686,
        39322.31404958678,
        40330.57851239669,
        41338.842975206615,
        42347.10743801653,
        43355.371900826445,
        44363.63636363637,
        45371.900826446275,
        46380.1652892562,
        47388.42975206611,
        48396.694214876035,
        49404.95867768595,
        50413.223140495866,
        51421.48760330579,
        52429.7520661157,
        53438.016528925626,
        54446.28099173553,
        55454.545454545456,
        56462.80991735537,
        57471.074380165286,
        58479.33884297521,
        59487.603305785124,
        60495.867768595046,
        61504.13223140496,
        62512.39669421488,
        63520.66115702479,
        64528.92561983471,
        65537.19008264464,
        66545.45454545454,
        67553.71900826447,
        68561.98347107437,
        69570.2479338843,
        70578.51239669422,
        71586.77685950413,
        72595.04132231405,
        73603.30578512397,
        74611.5702479339,
        75619.8347107438,
        76628.09917355372,
        77636.36363636363,
        78644.62809917355,
        79652.89256198348,
        80661.15702479339,
        81669.42148760331,
        82677.68595041323,
        83685.95041322314,
        84694.21487603306,
        85702.47933884298,
        86710.74380165289,
        87719.00826446281,
        88727.27272727274,
        89735.53719008266,
        90743.80165289255,
        91752.06611570247,
        92760.3305785124,
        93768.5950413223,
        94776.85950413223,
        95785.12396694215,
        96793.38842975207,
        97801.65289256198,
        98809.9173553719,
        99818.18181818182,
        100826.44628099173,
        101834.71074380165,
        102842.97520661158,
        103851.2396694215,
        104859.5041322314,
        105867.76859504133,
        106876.03305785125,
        107884.29752066114,
        108892.56198347107,
        109900.82644628099,
        110909.09090909091,
        111917.35537190082,
        112925.61983471074,
        113933.88429752066,
        114942.14876033057,
        115950.4132231405,
        116958.67768595042,
        117966.94214876034,
        118975.20661157025,
        119983.47107438017,
        120991.73553719009,
        122000.0
      ],
      "value": [
        8.4e6,
        8.384395144352392e6,
        8.368762879043847e6,
        8.353102073741277e6,
        8.337414554092423e6,
        8.321700087193846e6,
        8.305959661754348e6,
        8.290193871120755e6,
        8.274402938837009e6,
        8.258588210945064e6,
        8.242749219889785e6,
        8.226887988557224e6,
        8.211003434566687e6,
        8.195097861064374e6,
        8.179170604806824e6,
        8.163223253126963e6,
        8.147255841831711e6,
        8.131269319939339e6,
        8.115264342958802e6,
        8.099241301102801e6,
        8.083201388230829e6,
        8.067144517161047e6,
        8.051072336861194e6,
        8.034984365951909e6,
        8.018882415823661e6,
        8.002766318776146e6,
        7.986637381842656e6,
        7.970495916384522e6,
        7.9543428092279285e6,
        7.938178764785044e6,
        7.92200433534859e6,
        7.90582053087247e6,
        7.889627656172993e6,
        7.873426937882918e6,
        7.857218521635407e6,
        7.841003671503397e6,
        7.82478273083286e6,
        7.808556687623254e6,
        7.792326127056428e6,
        7.776091849960287e6,
        7.759854592661568e6,
        7.743615058631022e6,
        7.727374043782687e6,
        7.71113224478806e6,
        7.694890424897789e6,
        7.678649365110636e6,
        7.662409737283209e6,
        7.646172396155075e6,
        7.629937977321804e6,
        7.613707328572391e6,
        7.597481140567923e6,
        7.581260161200764e6,
        7.56504522771699e6,
        7.548836895041287e6,
        7.53263623852506e6,
        7.516443527125831e6,
        7.500260165625299e6,
        7.484086202757107e6,
        7.46792298825107e6,
        7.451770779523653e6,
        7.435630665875823e6,
        7.419503204473747e6,
        7.403389131780531e6,
        7.387289395171329e6,
        7.371204286559828e6,
        7.35513523317532e6,
        7.339081991578433e6,
        7.323046557475296e6,
        7.307028342638285e6,
        7.2910291578958295e6,
        7.275048866491317e6,
        7.259088768482002e6,
        7.243149266460399e6,
        7.227231060879008e6,
        7.211335180107245e6,
        7.195461637719008e6,
        7.179612172628138e6,
        7.1637860260285735e6,
        7.147985730277118e6,
        7.13221006592467e6,
        7.116461253830445e6,
        7.1007387587879235e6,
        7.085044052105984e6,
        7.069377364485776e6,
        7.053739335551313e6,
        7.0381310412888015e6,
        7.02255220991444e6,
        7.007004839588741e6,
        6.991487670010677e6,
        6.976003695719815e6,
        6.960551092982103e6,
        6.9451324258967955e6,
        6.929746769700043e6,
        6.914395720283109e6,
        6.899079324361475e6,
        6.883798137202e6,
        6.86855324644106e6,
        6.853344097503439e6,
        6.838172885142271e6,
        6.823037879099004e6,
        6.807942444022605e6,
        6.792884200467214e6,
        6.777865975804439e6,
        6.762886478517012e6,
        6.747947377382553e6,
        6.733048529488997e6,
        6.718190385038658e6,
        6.703374006661761e6,
        6.68859856987265e6,
        6.673866395897199e6,
        6.659175333459557e6,
        6.644529011415869e6,
        6.629924563889192e6,
        6.615364991810127e6,
        6.600848673475999e6,
        6.586377296302058e6,
        6.571950529364995e6,
        6.557568701252193e6,
        6.543232814163422e6,
        6.528941796924236e6,
        6.514698022837726e6,
        6.500498984509912e6
      ]
    }
  },