{
  "time": 53280.000000033506,
  "initial_nodal_pressure": {
    "1": 8.4e6,
    "2": 4.570752683331049e6
  },
  "initial_pipe_pressure": {
    "1": {
      "distance": [
        0.0,
        1008.2644628099173,
        2016.5289256198346,
        3024.793388429752,
        4033.057851239669,
        5041.322314049587,
        6049.586776859504,
        7057.851239669421,
        8066.115702479338,
        9074.380165289256,
        10082.644628099173,
        11090.909090909092,
        12099.173553719009,
        13107.438016528926,
        14115.702479338843,
        15123.966942148762,
        16132.231404958677,
        17140.495867768594,
        18148.760330578512,
        19157.02479338843,
        20165.289256198346,
        21173.553719008265,
        22181.818181818184,
        23190.0826446281,
        24198.347107438018,
        25206.611570247933,
        26214.87603305785,
        27223.140495867767,
        28231.404958677685,
        29239.669421487604,
        30247.933884297523,
        31256.19834710744,
        32264.462809917353,
        33272.72727272727,
        34280.99173553719,
        35289.25619834711,
        36297.520661157025,
        37305.78512396695,
        38314.04958677686,
        39322.31404958678,
        40330.57851239669,
        41338.842975206615,
        42347.10743801653,
        43355.371900826445,
        44363.63636363637,
        45371.900826446275,
        46380.1652892562,
        47388.42975206611,
        48396.694214876035,
        49404.95867768595,
        50413.223140495866,
        51421.48760330579,
        52429.7520661157,
        53438.016528925626,
        54446.28099173553,
        55454.545454545456,
        56462.80991735537,
        57471.074380165286,
        58479.33884297521,
        59487.603305785124,
        60495.867768595046,
        61504.13223140496,
        62512.39669421488,
        63520.66115702479,
        64528.92561983471,
        65537.19008264464,
        66545.45454545454,
        67553.71900826447,
        68561.98347107437,
        69570.2479338843,
        70578.51239669422,
        71586.77685950413,
        72595.04132231405,
        73603.30578512397,
        74611.5702479339,
        75619.8347107438,
        76628.09917355372,
        77636.36363636363,
        78644.62809917355,
        79652.89256198348,
        80661.15702479339,
        81669.42148760331,
        82677.68595041323,
        83685.95041322314,
        84694.21487603306,
        85702.47933884298,
        86710.74380165289,
        87719.00826446281,
        88727.27272727274,
        89735.53719008266,
        90743.80165289255,
        91752.06611570247,
        92760.3305785124,
        93768.5950413223,
        94776.85950413223,
        95785.12396694215,
        96793.38842975207,
        97801.65289256198,
        98809.9173553719,
        99818.18181818182,
        100826.44628099173,
        101834.71074380165,
        102842.97520661158,
        103851.2396694215,
        104859.5041322314,
        105867.76859504133,
        106876.03305785125,
        107884.29752066114,
        108892.56198347107,
        109900.82644628099,
        110909.09090909091,
        111917.35537190082,
        112925.61983471074,
        113933.88429752066,
        114942.14876033057,
        115950.4132231405,
        116958.67768595042,
        117966.94214876034,
        118975.20661157025,
        119983.47107438017,
        120991.73553719009,
        122000.0
      ],
      "value": [
        8.4e6,
        8.37563414677026e6,
        8.351199609744752e6,
        8.326691417734911e6,
        8.302112158336256e6,
        8.277458953874399e6,
        8.252732217112696e6,
        8.227931245880173e6,
        8.2030541925070025e6,
        8.178102616160652e6,
        8.1530723190865135e6,
        8.127967211694088e6,
        8.102780652204694e6,
        8.0775177920719385e6,
        8.052173060237894e6,
        8.0267492852644e6,
        8.001243216378084e6,
        7.975655262470437e6,
        7.949984589950089e6,
        7.924229086418819e6,
        7.898390437218946e6,
        7.872463901901324e6,
        7.846453791650348e6,
        7.820352625738623e6,
        7.794166105314913e6,
        7.767887936136743e6,
        7.741521223445252e6,
        7.715062261387999e6,
        7.688511443412989e6,
        7.66186776786636e6,
        7.635128794286719e6,
        7.608296347262463e6,
        7.581365023656415e6,
        7.554339602998492e6,
        7.527211583604931e6,
        7.499987314147875e6,
        7.472659615757966e6,
        7.445231912813584e6,
        7.4176999353373125e6,
        7.390064042727511e6,
        7.362323014134822e6,
        7.334473995102261e6,
        7.306518962316421e6,
        7.278451689800376e6,
        7.250277508956152e6,
        7.22198665517856e6,
        7.193586247612301e6,
        7.16506800649105e6,
        7.13643572579226e6,
        7.107684422724136e6,
        7.078814392487591e6,
        7.049824121720108e6,
        7.020710222207149e6,
        6.991474833433657e6,
        6.962110687214725e6,
        6.932623771146348e6,
        6.903002727627964e6,
        6.873255603069769e6,
        6.843372719173652e6,
        6.813358299056526e6,
        6.783206438370743e6,
        6.752917318448807e6,
        6.722489024885818e6,
        6.691917463444929e6,
        6.661204940775099e6,
        6.630342836631896e6,
        6.599337926292373e6,
        6.568176794904431e6,
        6.536868619202394e6,
        6.505401899387505e6,
        6.473781356403204e6,
        6.441999860930387e6,
        6.410057396462117e6,
        6.377951480684005e6,
        6.3456770560131045e6,
        6.313236585208603e6,
        6.28061964183726e6,
        6.247833955483551e6,
        6.214863376490605e6,
        6.181718478970027e6,
        6.148385316713919e6,
        6.114869183087845e6,
        6.08116126374974e6,
        6.047261197205061e6,
        6.013165664563558e6,
        5.978868242403684e6,
        5.944371502816013e6,
        5.909662516723431e6,
        5.874750178256215e6,
        5.839614568066131e6,
        5.804268013474037e6,
        5.768693153099885e6,
        5.732895920170599e6,
        5.696865080231296e6,
        5.660599656144629e6,
        5.624095034391226e6,
        5.58734275895095e6,
        5.550345380992627e6,
        5.513086338069233e6,
        5.475575945953513e6,
        5.437788841334057e6,
        5.399739580909103e6,
        5.361405791621174e6,
        5.322794064445032e6,
        5.283889489027265e6,
        5.244689941272371e6,
        5.205188672852485e6,
        5.165374006139665e6,
        5.1252481365521485e6,
        5.084788891716765e6,
        5.044008287407771e6,
        5.002872596309732e6,
        4.961399225937963e6,
        4.919557940312889e6,
        4.877355820848777e6,
        4.834771937803648e6,
        4.79180188001642e6,
        4.748435066511805e6,
        4.704654258917444e6,
        4.660460415334662e6,
        4.615821936022852e6,
        4.570752683331049e6
      ]
    }
  },