{
  "time": 79199.99999991118,
  "initial_nodal_pressure": {
    "1": 8.400000000000002e6,
    "2": 6.935818476143029e6
  },
  "initial_pipe_pressure": {
    "1": {
      "distance": [
        0.0,
        1008.2644628099173,
        2016.5289256198346,
        3024.793388429752,
        4033.057851239669,
        5041.322314049587,
        6049.586776859504,
        7057.851239669421,
        8066.115702479338,
        9074.380165289256,
        10082.644628099173,
        11090.909090909092,
        12099.173553719009,
        13107.438016528926,
        14115.702479338843,
        15123.966942148762,
        16132.231404958677,
        17140.495867768594,
        18148.760330578512,
        19157.02479338843,
        20165.289256198346,
        21173.553719008265,
        22181.818181818184,
        23190.0826446281,
        24198.347107438018,
        25206.611570247933,
        26214.87603305785,
        27223.140495867767,
        28231.404958677685,
        29239.669421487604,
        30247.933884297523,
        31256.19834710744,
        32264.462809917353,
        33272.72727272727,
        34280.99173553719,
        35289.25619834711,
        36297.520661157025,
        37305.78512396695,
        38314.04958677686,
        39322.31404958678,
        40330.57851239669,
        41338.842975206615,
        42347.10743801653,
        43355.371900826445,
        44363.63636363637,
        45371.900826446275,
        46380.1652892562,
        47388.42975206611,
        48396.694214876035,
        49404.95867768595,
        50413.223140495866,
        51421.48760330579,
        52429.7520661157,
        53438.016528925626,
        54446.28099173553,
        55454.545454545456,
        56462.80991735537,
        57471.074380165286,
        58479.33884297521,
        59487.603305785124,
        60495.867768595046,
        61504.13223140496,
        62512.39669421488,
        63520.66115702479,
        64528.92561983471,
        65537.19008264464,
        66545.45454545454,
        67553.71900826447,
        68561.98347107437,
        69570.2479338843,
        70578.51239669422,
        71586.77685950413,
        72595.04132231405,
        73603.30578512397,
        74611.5702479339,
        75619.8347107438,
        76628.09917355372,
        77636.36363636363,
        78644.62809917355,
        79652.89256198348,
        80661.15702479339,
        81669.42148760331,
        82677.68595041323,
        83685.95041322314,
        84694.21487603306,
        85702.47933884298,
        86710.74380165289,
        87719.00826446281,
        88727.27272727274,
        89735.53719008266,
        90743.80165289255,
        91752.06611570247,
        92760.3305785124,
        93768.5950413223,
        94776.85950413223,
        95785.12396694215,
        96793.38842975207,
        97801.65289256198,
        98809.9173553719,
        99818.18181818182,
        100826.44628099173,
        101834.71074380165,
        102842.97520661158,
        103851.2396694215,
        104859.5041322314,
        105867.76859504133,
        106876.03305785125,
        107884.29752066114,
        108892.56198347107,
        109900.82644628099,
        110909.09090909091,
        111917.35537190082,
        112925.61983471074,
        113933.88429752066,
        114942.14876033057,
        115950.4132231405,
        116958.67768595042,
        117966.94214876034,
        118975.20661157025,
        119983.47107438017,
        120991.73553719009,
        122000.0
      ],
      "value": [
        8.400000000000002e6,
        8.388898463203423e6,
        8.377782739798252e6,
        8.3666519041497065e6,
        8.3555065852778675e6,
        8.3443462985374015e6,
        8.333171228661922e6,
        8.321981336693898e6,
        8.310776358295982e6,
        8.29955670498776e6,
        8.2883216584816845e6,
        8.277072085660069e6,
        8.265806809305749e6,
        8.254526927807987e6,
        8.2432314864643365e6,
        8.23192113118755e6,
        8.220595361082738e6,
        8.209254364541994e6,
        8.197898099530214e6,
        8.186526291762625e6,
        8.1751393632299965e6,
        8.163736571696295e6,
        8.152318808464307e6,
        8.140884857947846e6,
        8.12943585021228e6,
        8.117970798677451e6,
        8.106490367057382e6,
        8.094994036392776e6,
        8.083481998567498e6,
        8.071954207735855e6,
        8.060410378334559e6,
        8.0488509432645505e6,
        8.037275133753208e6,
        8.025683867228558e6,
        8.014075885793991e6,
        8.002452353598545e6,
        7.990812248770844e6,
        7.979156254006113e6,
        7.967483830102845e6,
        7.955795172290395e6,
        7.9440902300701225e6,
        7.932368705025301e6,
        7.920631041563757e6,
        7.908876441266303e6,
        7.897105849829564e6,
        7.885317962291087e6,
        7.873513979880782e6,
        7.861692841333936e6,
        7.84985524982277e6,
        7.838000643313625e6,
        7.826129220262701e6,
        7.814240924554826e6,
        7.802335443069523e6,
        7.790413232502788e6,
        7.778473461085229e6,
        7.766517105431175e6,
        7.75454280782909e6,
        7.742551810265034e6,
        7.730543007194899e6,
        7.718517124128051e6,
        7.706473573140938e6,
        7.694412555832692e6,
        7.682334009372529e6,
        7.670237603774368e6,
        7.65812380901706e6,
        7.645991755602451e6,
        7.633842454291158e6,
        7.621674487883482e6,
        7.609489143572364e6,
        7.597285265756314e6,
        7.585063604559395e6,
        7.572823542578989e6,
        7.560565284514389e6,
        7.548288759567191e6,
        7.535993618370133e6,
        7.523680345423972e6,
        7.5113480283552725e6,
        7.498997715960565e6,
        7.486627923610529e6,
        7.474239989039735e6,
        7.461832699795579e6,
        7.449406833369958e6,
        7.436961738686442e6,
        7.424497623548379e6,
        7.412014407763016e6,
        7.399511719662684e6,
        7.38699005978658e6,
        7.374448466863298e6,
        7.361888032366831e6,
        7.349307194925068e6,
        7.33670734915458e6,
        7.3240872177980915e6,
        7.311447609008288e6,
        7.298787833147289e6,
        7.286108101176766e6,
        7.273408321880547e6,
        7.260688097907529e6,
        7.247947947664882e6,
        7.235186853956751e6,
        7.222405956430331e6,
        7.209603606086766e6,
        7.196781261908722e6,
        7.183937572550652e6,
        7.171073380730497e6,
        7.158187952563495e6,
        7.14528150227543e6,
        7.1323539257598715e6,
        7.119404796061786e6,
        7.106434651637073e6,
        7.093442411182104e6,
        7.080429268983591e6,
        7.067393475723891e6,
        7.054336563538189e6,
        7.041257096174829e6,
        7.028155955513541e6,
        7.015032356811816e6,
        7.001886517714175e6,
        6.988718319073292e6,
        6.975527299780724e6,
        6.962314020914223e6,
        6.94907732753579e6,
        6.935818476143029e6
      ]
    }
  },