{
  "time": 21600.000000003918,
  "initial_nodal_pressure": {
    "1": 8.4e6,
    "2": 6.949090182270207e6
  },
  "initial_pipe_pressure": {
    "1": {
      "distance": [
        0.0,
        1008.2644628099173,
        2016.5289256198346,
        3024.793388429752,
        4033.057851239669,
        5041.322314049587,
        6049.586776859504,
        7057.851239669421,
        8066.115702479338,
        9074.380165289256,
        10082.644628099173,
        11090.909090909092,
        12099.173553719009,
        13107.438016528926,
        14115.702479338843,
        15123.966942148762,
        16132.231404958677,
        17140.495867768594,
        18148.760330578512,
        19157.02479338843,
        20165.289256198346,
        21173.553719008265,
        22181.818181818184,
        23190.0826446281,
        24198.347107438018,
        25206.611570247933,
        26214.87603305785,
        27223.140495867767,
        28231.404958677685,
        29239.669421487604,
        30247.933884297523,
        31256.19834710744,
        32264.462809917353,
        33272.72727272727,
        34280.99173553719,
        35289.25619834711,
        36297.520661157025,
        37305.78512396695,
        38314.04958677686,
        39322.31404958678,
        40330.57851239669,
        41338.842975206615,
        42347.10743801653,
        43355.371900826445,
        44363.63636363637,
        45371.900826446275,
        46380.1652892562,
        47388.42975206611,
        48396.694214876035,
        49404.95867768595,
        50413.223140495866,
        51421.48760330579,
        52429.7520661157,
        53438.016528925626,
        54446.28099173553,
        55454.545454545456,
        56462.80991735537,
        57471.074380165286,
        58479.33884297521,
        59487.603305785124,
        60495.867768595046,
        61504.13223140496,
        62512.39669421488,
        63520.66115702479,
        64528.92561983471,
        65537.19008264464,
        66545.45454545454,
        67553.71900826447,
        68561.98347107437,
        69570.2479338843,
        70578.51239669422,
        71586.77685950413,
        72595.04132231405,
        73603.30578512397,
        74611.5702479339,
        75619.8347107438,
        76628.09917355372,
        77636.36363636363,
        78644.62809917355,
        79652.89256198348,
        80661.15702479339,
        81669.42148760331,
        82677.68595041323,
        83685.95041322314,
        84694.21487603306,
        85702.47933884298,
        86710.74380165289,
        87719.00826446281,
        88727.27272727274,
        89735.53719008266,
        90743.80165289255,
        91752.06611570247,
        92760.3305785124,
        93768.5950413223,
        94776.85950413223,
        95785.12396694215,
        96793.38842975207,
        97801.65289256198,
        98809.9173553719,
        99818.18181818182,
        100826.44628099173,
        101834.71074380165,
        102842.97520661158,
        103851.2396694215,
        104859.5041322314,
        105867.76859504133,
        106876.03305785125,
        107884.29752066114,
        108892.56198347107,
        109900.82644628099,
        110909.09090909091,
        111917.35537190082,
        112925.61983471074,
        113933.88429752066,
        114942.14876033057,
        115950.4132231405,
        116958.67768595042,
        117966.94214876034,
        118975.20661157025,
        119983.47107438017,
        120991.73553719009,
        122000.0
      ],
      "value": [
        8.4e6,
        8.38903813787564e6,
        8.37806242514295e6,
        8.367071938061968e6,
        8.35606727223894e6,
        8.345047933222815e6,
        8.334014082323137e6,
        8.322965661398975e6,
        8.311902390343104e6,
        8.300824654489036e6,
        8.289731725047177e6,
        8.2786244381364705e6,
        8.267501608870165e6,
        8.256364304488729e6,
        8.245211557816276e6,
        8.234043989654121e6,
        8.22286108133919e6,
        8.211662999726301e6,
        8.200449682219244e6,
        8.189220834061961e6,
        8.17797685643754e6,
        8.166716985153462e6,
        8.155442093046982e6,
        8.144150938498224e6,
        8.132844636332698e6,
        8.121522172464846e6,
        8.110184194700378e6,
        8.098830158155931e6,
        8.087460235523861e6,
        8.076074359267351e6,
        8.064672218697479e6,
        8.053254231944049e6,
        8.041819596489915e6,
        8.030369224632067e6,
        8.018901813394352e6,
        8.007418528797147e6,
        7.995918305974754e6,
        7.984401821728425e6,
        7.972868502708125e6,
        7.961318527750926e6,
        7.949751823822726e6,
        7.938168062857093e6,
        7.926567681131943e6,
        7.914949834538472e6,
        7.9033154778638715e6,
        7.891663241612974e6,
        7.879994346998888e6,
        7.868307674047496e6,
        7.856603930752915e6,
        7.844882512775813e6,
        7.833143605419594e6,
        7.821387129511526e6,
        7.8096127379754735e6,
        7.797820886555991e6,
        7.786010685885225e6,
        7.774183136600889e6,
        7.762336796901532e6,
        7.750472947634974e6,
        7.738590408859473e6,
        7.726689922193924e6,
        7.714770849465175e6,
        7.702833382778013e6,
        7.69087743607856e6,
        7.678902641428645e6,
        7.666909475490009e6,
        7.654896999501804e6,
        7.642866263690692e6,
        7.630815747435083e6,
        7.618746796169994e6,
        7.606658164508035e6,
        7.594550630392818e6,
        7.58242351859567e6,
        7.570277028369329e6,
        7.5581110659147855e6,
        7.545925240319805e6,
        7.533720050762916e6,
        7.521494504409747e6,
        7.509249705249627e6,
        7.496984046477154e6,
        7.484698943656651e6,
        7.472393079751737e6,
        7.460067272038256e6,
        7.447720804565767e6,
        7.435353884090037e6,
        7.42296640805624e6,
        7.410557960157591e6,
        7.398129063858022e6,
        7.38567866692498e6,
        7.373207931787735e6,
        7.360715157093675e6,
        7.348201834762863e6,
        7.335666569051633e6,
        7.323110219929856e6,
        7.310532026532127e6,
        7.297932203476095e6,
        7.285310638261972e6,
        7.272666886399594e6,
        7.260001497598715e6,
        7.247313354140394e6,
        7.23460368215631e6,
        7.221870676200281e6,
        7.209115911572705e6,
        7.196337905750342e6,
        7.183537565168882e6,
        7.170714079225912e6,
        7.157867670756552e6,
        7.144998215908411e6,
        7.13210523877589e6,
        7.119189317493542e6,
        7.106249261856612e6,
        7.093286367645305e6,
        7.080298714364504e6,
        7.06728796865564e6,
        7.054252551932954e6,
        7.041193421346329e6,
        7.02810971097877e6,
        7.015001652224608e6,
        7.001869108201713e6,
        6.9887115678199865e6,
        6.975529640067011e6,
        6.962322054157826e6,
        6.949090182270207e6
      ]
    }
  },