{
  "time": 70559.9999999562,
  "initial_nodal_pressure": {
    "1": 8.4e6,
    "2": 6.855658428636727e6
  },
  "initial_pipe_pressure": {
    "1": {
      "distance": [
        0.0,
        1008.2644628099173,
        2016.5289256198346,
        3024.793388429752,
        4033.057851239669,
        5041.322314049587,
        6049.586776859504,
        7057.851239669421,
        8066.115702479338,
        9074.380165289256,
        10082.644628099173,
        11090.909090909092,
        12099.173553719009,
        13107.438016528926,
        14115.702479338843,
        15123.966942148762,
        16132.231404958677,
        17140.495867768594,
        18148.760330578512,
        19157.02479338843,
        20165.289256198346,
        21173.553719008265,
        22181.818181818184,
        23190.0826446281,
        24198.347107438018,
        25206.611570247933,
        26214.87603305785,
        27223.140495867767,
        28231.404958677685,
        29239.669421487604,
        30247.933884297523,
        31256.19834710744,
        32264.462809917353,
        33272.72727272727,
        34280.99173553719,
        35289.25619834711,
        36297.520661157025,
        37305.78512396695,
        38314.04958677686,
        39322.31404958678,
        40330.57851239669,
        41338.842975206615,
        42347.10743801653,
        43355.371900826445,
        44363.63636363637,
        45371.900826446275,
        46380.1652892562,
        47388.42975206611,
        48396.694214876035,
        49404.95867768595,
        50413.223140495866,
        51421.48760330579,
        52429.7520661157,
        53438.016528925626,
        54446.28099173553,
        55454.545454545456,
        56462.80991735537,
        57471.074380165286,
        58479.33884297521,
        59487.603305785124,
        60495.867768595046,
        61504.13223140496,
        62512.39669421488,
        63520.66115702479,
        64528.92561983471,
        65537.19008264464,
        66545.45454545454,
        67553.71900826447,
        68561.98347107437,
        69570.2479338843,
        70578.51239669422,
        71586.77685950413,
        72595.04132231405,
        73603.30578512397,
        74611.5702479339,
        75619.8347107438,
        76628.09917355372,
        77636.36363636363,
        78644.62809917355,
        79652.89256198348,
        80661.15702479339,
        81669.42148760331,
        82677.68595041323,
        83685.95041322314,
        84694.21487603306,
        85702.47933884298,
        86710.74380165289,
        87719.00826446281,
        88727.27272727274,
        89735.53719008266,
        90743.80165289255,
        91752.06611570247,
        92760.3305785124,
        93768.5950413223,
        94776.85950413223,
        95785.12396694215,
        96793.38842975207,
        97801.65289256198,
        98809.9173553719,
        99818.18181818182,
        100826.44628099173,
        101834.71074380165,
        102842.97520661158,
        103851.2396694215,
        104859.5041322314,
        105867.76859504133,
        106876.03305785125,
        107884.29752066114,
        108892.56198347107,
        109900.82644628099,
        110909.09090909091,
        111917.35537190082,
        112925.61983471074,
        113933.88429752066,
        114942.14876033057,
        115950.4132231405,
        116958.67768595042,
        117966.94214876034,
        118975.20661157025,
        119983.47107438017,
        120991.73553719009,
        122000.0
      ],
      "value": [
        8.4e6,
        8.388056963239604e6,
        8.376097621892277e6,
        8.364121034081882e6,
        8.352128035554719e6,
        8.340118199066501e6,
        8.328091853140768e6,
        8.31604907572898e6,
        8.303989697561131e6,
        8.291914292093504e6,
        8.27982220193259e6,
        8.267714486111589e6,
        8.255590009006097e6,
        8.243450064686047e6,
        8.231293770574197e6,
        8.219121929361614e6,
        8.206934146857782e6,
        8.194730744384504e6,
        8.182511805872283e6,
        8.170277181465647e6,
        8.158027422773328e6,
        8.145761919115955e6,
        8.133481679182053e6,
        8.121185641961292e6,
        8.108875036207298e6,
        8.096549040037163e6,
        8.08420841794025e6,
        8.071852808063454e6,
        8.05948252118991e6,
        8.047097644699229e6,
        8.034698046318421e6,
        8.022284251777911e6,
        8.009855696466241e6,
        7.997413333522961e6,
        7.984956176758018e6,
        7.972485384058927e6,
        7.960000193489327e6,
        7.947501327080111e6,
        7.934988453294563e6,
        7.922461869071735e6,
        7.909921662296289e6,
        7.897367715568003e6,
        7.88480052523625e6,
        7.872219570274005e6,
        7.85962574458845e6,
        7.847018134169684e6,
        7.8343978225500705e6,
        7.821764104596401e6,
        7.809117656741189e6,
        7.796458174326325e6,
        7.783785937265201e6,
        7.771101030615068e6,
        7.7584033482214e6,
        7.7456933542378815e6,
        7.7329705667329235e6,
        7.7202358185098e6,
        7.707488261958903e6,
        7.694728905183515e6,
        7.681957094091162e6,
        7.669173457717097e6,
        7.656377713335875e6,
        7.64357012087534e6,
        7.630750758880558e6,
        7.617919527874157e6,
        7.605076857846875e6,
        7.592222299326321e6,
        7.579356624229617e6,
        7.56647904217352e6,
        7.553590487506375e6,
        7.540690348605302e6,
        7.5277792068640245e6,
        7.514856794965212e6,
        7.50192335021225e6,
        7.488978940644603e6,
        7.476023467942021e6,
        7.463057326964528e6,
        7.450080091801527e6,
        7.43709247604604e6,
        7.424093733760805e6,
        7.411084730263413e6,
        7.398064884865403e6,
        7.38503473282529e6,
        7.371994014079524e6,
        7.358942941084489e6,
        7.345881567118982e6,
        7.3328097885488e6,
        7.319727965274275e6,
        7.306635683699219e6,
        7.293533604224285e6,
        7.2804210087988535e6,
        7.267298701747542e6,
        7.254166118692858e6,
        7.2410237521870835e6,
        7.227871339599568e6,
        7.21470906681954e6,
        7.201536967893232e6,
        7.188354926455901e6,
        7.175163268878467e6,
        7.16196158021188e6,
        7.148750475556736e6,
        7.135529244270328e6,
        7.122298641256515e6,
        7.1090581006358685e6,
        7.095808077749419e6,
        7.082548295881875e6,
        7.069278913208404e6,
        7.055999939889851e6,
        7.042711238471324e6,
        7.029413104581308e6,
        7.016105105768902e6,
        7.002787822642049e6,
        6.989460527445199e6,
        6.97612394094673e6,
        6.96277747467039e6,
        6.949421554419765e6,
        6.936055876145846e6,
        6.922680569785972e6,
        6.909295616801208e6,
        6.895900849333468e6,
        6.882496536483324e6,
        6.869082209598342e6,
        6.855658428636727e6
      ]
    }
  },