{
  "time": 38880.00000002006,
  "initial_nodal_pressure": {
    "1": 8.400000000000002e6,
    "2": 4.800779628865399e6
  },
  "initial_pipe_pressure": {
    "1": {
      "distance": [
        0.0,
        1008.2644628099173,
        2016.5289256198346,
        3024.793388429752,
        4033.057851239669,
        5041.322314049587,
        6049.586776859504,
        7057.851239669421,
        8066.115702479338,
        9074.380165289256,
        10082.644628099173,
        11090.909090909092,
        12099.173553719009,
        13107.438016528926,
        14115.702479338843,
        15123.966942148762,
        16132.231404958677,
        17140.495867768594,
        18148.760330578512,
        19157.02479338843,
        20165.289256198346,
        21173.553719008265,
        22181.818181818184,
        23190.0826446281,
        24198.347107438018,
        25206.611570247933,
        26214.87603305785,
        27223.140495867767,
        28231.404958677685,
        29239.669421487604,
        30247.933884297523,
        31256.19834710744,
        32264.462809917353,
        33272.72727272727,
        34280.99173553719,
        35289.25619834711,
        36297.520661157025,
        37305.78512396695,
        38314.04958677686,
        39322.31404958678,
        40330.57851239669,
        41338.842975206615,
        42347.10743801653,
        43355.371900826445,
        44363.63636363637,
        45371.900826446275,
        46380.1652892562,
        47388.42975206611,
        48396.694214876035,
        49404.95867768595,
        50413.223140495866,
        51421.48760330579,
        52429.7520661157,
        53438.016528925626,
        54446.28099173553,
        55454.545454545456,
        56462.80991735537,
        57471.074380165286,
        58479.33884297521,
        59487.603305785124,
        60495.867768595046,
        61504.13223140496,
        62512.39669421488,
        63520.66115702479,
        64528.92561983471,
        65537.19008264464,
        66545.45454545454,
        67553.71900826447,
        68561.98347107437,
        69570.2479338843,
        70578.51239669422,
        71586.77685950413,
        72595.04132231405,
        73603.30578512397,
        74611.5702479339,
        75619.8347107438,
        76628.09917355372,
        77636.36363636363,
        78644.62809917355,
        79652.89256198348,
        80661.15702479339,
        81669.42148760331,
        82677.68595041323,
        83685.95041322314,
        84694.21487603306,
        85702.47933884298,
        86710.74380165289,
        87719.00826446281,
        88727.27272727274,
        89735.53719008266,
        90743.80165289255,
        91752.06611570247,
        92760.3305785124,
        93768.5950413223,
        94776.85950413223,
        95785.12396694215,
        96793.38842975207,
        97801.65289256198,
        98809.9173553719,
        99818.18181818182,
        100826.44628099173,
        101834.71074380165,
        102842.97520661158,
        103851.2396694215,
        104859.5041322314,
        105867.76859504133,
        106876.03305785125,
        107884.29752066114,
        108892.56198347107,
        109900.82644628099,
        110909.09090909091,
        111917.35537190082,
        112925.61983471074,
        113933.88429752066,
        114942.14876033057,
        115950.4132231405,
        116958.67768595042,
        117966.94214876034,
        118975.20661157025,
        119983.47107438017,
        120991.73553719009,
        122000.0
      ],
      "value": [
        8.400000000000002e6,
        8.377203518405426e6,
        8.354346758882233e6,
        8.331425200842447e6,
        8.308440968449252e6,
        8.285391366648933e6,
        8.262276604883966e6,
        8.239095904747734e6,
        8.215847466133218e6,
        8.192532522555595e6,
        8.169147165172142e6,
        8.145694739071875e6,
        8.122169122903821e6,
        8.098574790409796e6,
        8.074906560669615e6,
        8.051166829044892e6,
        8.027352492343102e6,
        8.003463760767146e6,
        7.979499715978803e6,
        7.95545827112524e6,
        7.931340804984095e6,
        7.907142816342336e6,
        7.882868098780306e6,
        7.858509613702379e6,
        7.834072447522369e6,
        7.809550631368354e6,
        7.784946872935751e6,
        7.760257577590544e6,
        7.735482947499118e6,
        7.710621889259074e6,
        7.685671966249933e6,
        7.660634719750981e6,
        7.635504934251001e6,
        7.610286926017534e6,
        7.5849725532675935e6,
        7.559567620668886e6,
        7.534065207592999e6,
        7.508468381991178e6,
        7.482772948954662e6,
        7.456979087453873e6,
        7.431085480426556e6,
        7.405089257295789e6,
        7.378992139266151e6,
        7.352788036779454e6,
        7.326481878586412e6,
        7.300064177231166e6,
        7.273541585537504e6,
        7.246906015763245e6,
        7.220160952124345e6,
        7.193301453564225e6,
        7.166327650312786e6,
        7.13923793263106e6,
        7.112028880419068e6,
        7.084702410803964e6,
        7.057251345220387e6,
        7.0296813349497365e6,
        7.001981222128364e6,
        6.974158670199967e6,
        6.946204133244915e6,
        6.918121577070228e6,
        6.889905113099683e6,
        6.861554779854209e6,
        6.833068573845308e6,
        6.804442361739951e6,
        6.77567826766096e6,
        6.74676772568364e6,
        6.717717246085011e6,
        6.688513552056732e6,
        6.659165524397387e6,
        6.629661752734684e6,
        6.600006759637351e6,
        6.570193421254444e6,
        6.5402216111552175e6,
        6.510088778620876e6,
        6.479789836431037e6,
        6.449327114288303e6,
        6.41869022939244e6,
        6.387886721781107e6,
        6.356900553069713e6,
        6.325742089145474e6,
        6.294397465938945e6,
        6.2628718458354715e6,
        6.231156441214481e6,
        6.199250832488302e6,
        6.167151678247515e6,
        6.134852567556192e6,
        6.102356005065911e6,
        6.0696491449102545e6,
        6.036740770947912e6,
        6.003611120847484e6,
        5.970272397942025e6,
        5.9367073891287455e6,
        5.902921978091663e6,
        5.8689050424606595e6,
        5.834655635824954e6,
        5.800169218579656e6,
        5.765437455868966e6,
        5.73046292879336e6,
        5.695229301901654e6,
        5.6597468664724035e6,
        5.623990613705903e6,
        5.587975052729286e6,
        5.551678179626979e6,
        5.515106647642127e6,
        5.478245880556806e6,
        5.441093954270921e6,
        5.403644400966727e6,
        5.365885918233668e6,
        5.327820901653975e6,
        5.289427778536993e6,
        5.250718647815854e6,
        5.211660669975534e6,
        5.172271275954112e6,
        5.132521168630423e6,
        5.092417685323703e6,
        5.051940770189755e6,
        5.011086579703099e6,
        4.969845288546662e6,
        4.928200640388237e6,
        4.886154159266152e6,
        4.843675774057258e6,
        4.800779628865399e6
      ]
    }
  },