{
  "time": 61920.000000001215,
  "initial_nodal_pressure": {
    "1": 8.400000000000002e6,
    "2": 6.346161070273942e6
  },
  "initial_pipe_pressure": {
    "1": {
      "distance": [
        0.0,
        1008.2644628099173,
        2016.5289256198346,
        3024.793388429752,
        4033.057851239669,
        5041.322314049587,
        6049.586776859504,
        7057.851239669421,
        8066.115702479338,
        9074.380165289256,
        10082.644628099173,
        11090.909090909092,
        12099.173553719009,
        13107.438016528926,
        14115.702479338843,
        15123.966942148762,
        16132.231404958677,
        17140.495867768594,
        18148.760330578512,
        19157.02479338843,
        20165.289256198346,
        21173.553719008265,
        22181.818181818184,
        23190.0826446281,
        24198.347107438018,
        25206.611570247933,
        26214.87603305785,
        27223.140495867767,
        28231.404958677685,
        29239.669421487604,
        30247.933884297523,
        31256.19834710744,
        32264.462809917353,
        33272.72727272727,
        34280.99173553719,
        35289.25619834711,
        36297.520661157025,
        37305.78512396695,
        38314.04958677686,
        39322.31404958678,
        40330.57851239669,
        41338.842975206615,
        42347.10743801653,
        43355.371900826445,
        44363.63636363637,
        45371.900826446275,
        46380.1652892562,
        47388.42975206611,
        48396.694214876035,
        49404.95867768595,
        50413.223140495866,
        51421.48760330579,
        52429.7520661157,
        53438.016528925626,
        54446.28099173553,
        55454.545454545456,
        56462.80991735537,
        57471.074380165286,
        58479.33884297521,
        59487.603305785124,
        60495.867768595046,
        61504.13223140496,
        62512.39669421488,
        63520.66115702479,
        64528.92561983471,
        65537.19008264464,
        66545.45454545454,
        67553.71900826447,
        68561.98347107437,
        69570.2479338843,
        70578.51239669422,
        71586.77685950413,
        72595.04132231405,
        73603.30578512397,
        74611.5702479339,
        75619.8347107438,
        76628.09917355372,
        77636.36363636363,
        78644.62809917355,
        79652.89256198348,
        80661.15702479339,
        81669.42148760331,
        82677.68595041323,
        83685.95041322314,
        84694.21487603306,
        85702.47933884298,
        86710.74380165289,
        87719.00826446281,
        88727.27272727274,
        89735.53719008266,
        90743.80165289255,
        91752.06611570247,
        92760.3305785124,
        93768.5950413223,
        94776.85950413223,
        95785.12396694215,
        96793.38842975207,
        97801.65289256198,
        98809.9173553719,
        99818.18181818182,
        100826.44628099173,
        101834.71074380165,
        102842.97520661158,
        103851.2396694215,
        104859.5041322314,
        105867.76859504133,
        106876.03305785125,
        107884.29752066114,
        108892.56198347107,
        109900.82644628099,
        110909.09090909091,
        111917.35537190082,
        112925.61983471074,
        113933.88429752066,
        114942.14876033057,
        115950.4132231405,
        116958.67768595042,
        117966.94214876034,
        118975.20661157025,
        119983.47107438017,
        120991.73553719009,
        122000.0
      ],
      "value": [
        8.400000000000002e6,
        8.382850879256658e6,
        8.365668734266318e6,
        8.348452284933288e6,
        8.331203807605119e6,
        8.313923110994094e6,
        8.296611467595173e6,
        8.2792696791409105e6,
        8.261898111152109e6,
        8.244498459051204e6,
        8.227070281692403e6,
        8.209616065407139e6,
        8.192134666020452e6,
        8.174628887202989e6,
        8.157098090933336e6,
        8.139544240643848e6,
        8.121967519538295e6,
        8.104369156309306e6,
        8.086750047278396e6,
        8.0691107949832445e6,
        8.051452897662466e6,
        8.033776443231601e6,
        8.016083417695995e6,
        7.99837350867959e6,
        7.980648857471509e6,
        7.962909514986132e6,
        7.945157070773424e6,
        7.9273920965139e6,
        7.909615745855432e6,
        7.89182899269421e6,
        7.8740326730608465e6,
        7.856228042086882e6,
        7.838415738727128e6,
        7.820597176135945e6,
        7.802772918787144e6,
        7.7849443612340735e6,
        7.767112272069674e6,
        7.749277808910547e6,
        7.73144193330255e6,
        7.713605689550291e6,
        7.695770105823052e6,
        7.677936238334609e6,
        7.6601050540010715e6,
        7.642277747520414e6,
        7.624455095382006e6,
        7.606638558443043e6,
        7.5888287134895185e6,
        7.571027053251252e6,
        7.553234251472258e6,
        7.535451646384252e6,
        7.517680136802551e6,
        7.4999207758017825e6,
        7.482174815927885e6,
        7.464442893979677e6,
        7.446726745151942e6,
        7.429026458684475e6,
        7.411344381302156e6,
        7.393680219905688e6,
        7.376036172199421e6,
        7.35841238588219e6,
        7.34081054694669e6,
        7.323231372522405e6,
        7.305675906054558e6,
        7.288145562070128e6,
        7.270640611423106e6,
        7.2531632930208035e6,
        7.235712976200479e6,
        7.2182928499255115e6,
        7.200901723568272e6,
        7.18354245310472e6,
        7.166214631663956e6,
        7.148920248295063e6,
        7.13165980456284e6,
        7.114434296253275e6,
        7.097245256070759e6,
        7.080092562342335e6,
        7.0629788993110545e6,
        7.045902906125773e6,
        7.028868536333221e6,
        7.0118737035354255e6,
        6.994921847770059e6,
        6.978011996452984e6,
        6.961146382570778e6,
        6.944325263359217e6,
        6.927549547837839e6,
        6.910820835773775e6,
        6.894138598795679e6,
        6.8775058883020785e6,
        6.860920628919586e6,
        6.844387428856806e6,
        6.827903340669647e6,
        6.811472289082254e6,
        6.795092745119122e6,
        6.778767115009484e6,
        6.7624953909460325e6,
        6.746278357969896e6,
        6.730117627620051e6,
        6.714012265794347e6,
        6.697965596757461e6,
        6.681974874324113e6,
        6.6660452238012245e6,
        6.650172905857766e6,
        6.634362210051199e6,
        6.618611082677957e6,
        6.60292202506848e6,
        6.5872947543640435e6,
        6.571729899476589e6,
        6.55622902805904e6,
        6.54079081818091e6,
        6.525418761910157e6,
        6.510109514026172e6,
        6.494868558956929e6,
        6.479691467866329e6,
        6.464582761484268e6,
        6.449539915544313e6,
        6.434565445855833e6,
        6.419658797099466e6,
        6.404820417841341e6,
        6.39005177979553e6,
        6.37535120844921e6,
        6.360722254214891e6,
        6.346161070273942e6
      ]
    }
  },