{
  "time": 43200.00000002409,
  "initial_nodal_pressure": {
    "1": 8.4e6,
    "2": 4.686826536431022e6
  },
  "initial_pipe_pressure": {
    "1": {
      "distance": [
        0.0,
        1008.2644628099173,
        2016.5289256198346,
        3024.793388429752,
        4033.057851239669,
        5041.322314049587,
        6049.586776859504,
        7057.851239669421,
        8066.115702479338,
        9074.380165289256,
        10082.644628099173,
        11090.909090909092,
        12099.173553719009,
        13107.438016528926,
        14115.702479338843,
        15123.966942148762,
        16132.231404958677,
        17140.495867768594,
        18148.760330578512,
        19157.02479338843,
        20165.289256198346,
        21173.553719008265,
        22181.818181818184,
        23190.0826446281,
        24198.347107438018,
        25206.611570247933,
        26214.87603305785,
        27223.140495867767,
        28231.404958677685,
        29239.669421487604,
        30247.933884297523,
        31256.19834710744,
        32264.462809917353,
        33272.72727272727,
        34280.99173553719,
        35289.25619834711,
        36297.520661157025,
        37305.78512396695,
        38314.04958677686,
        39322.31404958678,
        40330.57851239669,
        41338.842975206615,
        42347.10743801653,
        43355.371900826445,
        44363.63636363637,
        45371.900826446275,
        46380.1652892562,
        47388.42975206611,
        48396.694214876035,
        49404.95867768595,
        50413.223140495866,
        51421.48760330579,
        52429.7520661157,
        53438.016528925626,
        54446.28099173553,
        55454.545454545456,
        56462.80991735537,
        57471.074380165286,
        58479.33884297521,
        59487.603305785124,
        60495.867768595046,
        61504.13223140496,
        62512.39669421488,
        63520.66115702479,
        64528.92561983471,
        65537.19008264464,
        66545.45454545454,
        67553.71900826447,
        68561.98347107437,
        69570.2479338843,
        70578.51239669422,
        71586.77685950413,
        72595.04132231405,
        73603.30578512397,
        74611.5702479339,
        75619.8347107438,
        76628.09917355372,
        77636.36363636363,
        78644.62809917355,
        79652.89256198348,
        80661.15702479339,
        81669.42148760331,
        82677.68595041323,
        83685.95041322314,
        84694.21487603306,
        85702.47933884298,
        86710.74380165289,
        87719.00826446281,
        88727.27272727274,
        89735.53719008266,
        90743.80165289255,
        91752.06611570247,
        92760.3305785124,
        93768.5950413223,
        94776.85950413223,
        95785.12396694215,
        96793.38842975207,
        97801.65289256198,
        98809.9173553719,
        99818.18181818182,
        100826.44628099173,
        101834.71074380165,
        102842.97520661158,
        103851.2396694215,
        104859.5041322314,
        105867.76859504133,
        106876.03305785125,
        107884.29752066114,
        108892.56198347107,
        109900.82644628099,
        110909.09090909091,
        111917.35537190082,
        112925.61983471074,
        113933.88429752066,
        114942.14876033057,
        115950.4132231405,
        116958.67768595042,
        117966.94214876034,
        118975.20661157025,
        119983.47107438017,
        120991.73553719009,
        122000.0
      ],
      "value": [
        8.4e6,
        8.3764161391977165e6,
        8.352767855462139e6,
        8.329050408969547e6,
        8.305266155134848e6,
        8.281412311983757e6,
        8.2574891920134965e6,
        8.2334960573553e6,
        8.209431087671213e6,
        8.185295679454539e6,
        8.161085785414379e6,
        8.136805030882146e6,
        8.112447043063046e6,
        8.088016630610752e6,
        8.063508425330342e6,
        8.038925037606019e6,
        8.014263295773101e6,
        7.989523510475528e6,
        7.964704808283477e6,
        7.93980509365454e6,
        7.9148258980888e6,
        7.889762608141502e6,
        7.864619272224185e6,
        7.839388641686879e6,
        7.81407610438422e6,
        7.788675538395086e6,
        7.763189847470948e6,
        7.737615387695654e6,
        7.711952457695264e6,
        7.686200012635894e6,
        7.660355618663343e6,
        7.634420957442998e6,
        7.608390728544466e6,
        7.582269474298736e6,
        7.5560488864203e6,
        7.529735033599985e6,
        7.50332087775047e6,
        7.476809661167207e6,
        7.450197158883297e6,
        7.423483640676569e6,
        7.3966678405334e6,
        7.369746901356174e6,
        7.342722670140414e6,
        7.31558899973819e6,
        7.28835101301445e6,
        7.260999100145719e6,
        7.233540136995723e6,
        7.205965953805152e6,
        7.178280184646793e6,
        7.150477876463436e6,
        7.122559242440376e6,
        7.094522724377051e6,
        7.066364924493768e6,
        7.038087868525172e6,
        7.009684345814154e6,
        6.981160166883476e6,
        6.952504093513877e6,
        6.923723968239229e6,
        6.894810195803898e6,
        6.865766864503524e6,
        6.836588088551778e6,
        6.807273978407497e6,
        6.777822579166014e6,
        6.748229784773196e6,
        6.71849780754035e6,
        6.688618069845385e6,
        6.658597203759965e6,
        6.628421887218526e6,
        6.598101134119235e6,
        6.567623510003705e6,
        6.536993629362799e6,
        6.506204378835563e6,
        6.475255687892651e6,
        6.44414504526808e6,
        6.412867388356818e6,
        6.381425110049171e6,
        6.349807825093364e6,
        6.318023155696004e6,
        6.286055037549036e6,
        6.253913922999391e6,
        6.221585932970502e6,
        6.18907628710574e6,
        6.156376201567377e6,
        6.123485287841176e6,
        6.090400223231203e6,
        6.057114603778188e6,
        6.023630964759942e6,
        5.989936444162079e6,
        5.956039866379663e6,
        5.921921429445074e6,
        5.887593377808755e6,
        5.853038458925254e6,
        5.818262572448007e6,
        5.783254563747535e6,
        5.748013475621277e6,
        5.712534743238679e6,
        5.676809990597771e6,
        5.640841782207856e6,
        5.604613705141554e6,
        5.56813604643611e6,
        5.531383674642058e6,
        5.494371098069723e6,
        5.4570761782654645e6,
        5.419505529190961e6,
        5.38164444390931e6,
        5.343490908911797e6,
        5.305038336940992e6,
        5.266275270015614e6,
        5.227204006718138e6,
        5.187802731248904e6,
        5.14808348367718e6,
        5.1080130659217695e6,
        5.067608868894205e6,
        5.026841207187087e6,
        4.985717286715197e6,
        4.94421667825874e6,
        4.90233528056209e6,
        4.860062933168233e6,
        4.81738295015833e6,
        4.774296590277194e6,
        4.7307731221333e6,
        4.686826536431022e6
      ]
    }
  },