{
  "time": 86399.99999987365,
  "initial_nodal_pressure": {
    "1": 8.4e6,
    "2": 6.9463374889309695e6
  },
  "initial_pipe_pressure": {
    "1": {
      "distance": [
        0.0,
        1008.2644628099173,
        2016.5289256198346,
        3024.793388429752,
        4033.057851239669,
        5041.322314049587,
        6049.586776859504,
        7057.851239669421,
        8066.115702479338,
        9074.380165289256,
        10082.644628099173,
        11090.909090909092,
        12099.173553719009,
        13107.438016528926,
        14115.702479338843,
        15123.966942148762,
        16132.231404958677,
        17140.495867768594,
        18148.760330578512,
        19157.02479338843,
        20165.289256198346,
        21173.553719008265,
        22181.818181818184,
        23190.0826446281,
        24198.347107438018,
        25206.611570247933,
        26214.87603305785,
        27223.140495867767,
        28231.404958677685,
        29239.669421487604,
        30247.933884297523,
        31256.19834710744,
        32264.462809917353,
        33272.72727272727,
        34280.99173553719,
        35289.25619834711,
        36297.520661157025,
        37305.78512396695,
        38314.04958677686,
        39322.31404958678,
        40330.57851239669,
        41338.842975206615,
        42347.10743801653,
        43355.371900826445,
        44363.63636363637,
        45371.900826446275,
        46380.1652892562,
        47388.42975206611,
        48396.694214876035,
        49404.95867768595,
        50413.223140495866,
        51421.48760330579,
        52429.7520661157,
        53438.016528925626,
        54446.28099173553,
        55454.545454545456,
        56462.80991735537,
        57471.074380165286,
        58479.33884297521,
        59487.603305785124,
        60495.867768595046,
        61504.13223140496,
        62512.39669421488,
        63520.66115702479,
        64528.92561983471,
        65537.19008264464,
        66545.45454545454,
        67553.71900826447,
        68561.98347107437,
        69570.2479338843,
        70578.51239669422,
        71586.77685950413,
        72595.04132231405,
        73603.30578512397,
        74611.5702479339,
        75619.8347107438,
        76628.09917355372,
        77636.36363636363,
        78644.62809917355,
        79652.89256198348,
        80661.15702479339,
        81669.42148760331,
        82677.68595041323,
        83685.95041322314,
        84694.21487603306,
        85702.47933884298,
        86710.74380165289,
        87719.00826446281,
        88727.27272727274,
        89735.53719008266,
        90743.80165289255,
        91752.06611570247,
        92760.3305785124,
        93768.5950413223,
        94776.85950413223,
        95785.12396694215,
        96793.38842975207,
        97801.65289256198,
        98809.9173553719,
        99818.18181818182,
        100826.44628099173,
        101834.71074380165,
        102842.97520661158,
        103851.2396694215,
        104859.5041322314,
        105867.76859504133,
        106876.03305785125,
        107884.29752066114,
        108892.56198347107,
        109900.82644628099,
        110909.09090909091,
        111917.35537190082,
        112925.61983471074,
        113933.88429752066,
        114942.14876033057,
        115950.4132231405,
        116958.67768595042,
        117966.94214876034,
        118975.20661157025,
        119983.47107438017,
        120991.73553719009,
        122000.0
      ],
      "value": [
        8.4e6,
        8.389009160690749e6,
        8.378004401428971e6,
        8.366984798099379e6,
        8.355950953218434e6,
        8.344902374374891e6,
        8.333839227726682e6,
        8.322761459106608e6,
        8.311668791677861e6,
        8.300561616189649e6,
        8.289439206039132e6,
        8.278302403700651e6,
        8.267150025894914e6,
        8.255983146293323e6,
        8.244800800317956e6,
        8.233603613958152e6,
        8.222391072237161e6,
        8.21116334646501e6,
        8.199920378302195e6,
        8.188661877234361e6,
        8.177388248744584e6,
        8.166098733196743e6,
        8.154794207235466e6,
        8.143473434648582e6,
        8.1321375333973095e6,
        8.12078549510448e6,
        8.109417970857266e6,
        8.09803442114572e6,
        8.086635022630677e6,
        8.0752197122649485e6,
        8.063788184563856e6,
        8.052340860706939e6,
        8.040876945172809e6,
        8.029397351305318e6,
        8.017900785477821e6,
        8.006388413304487e6,
        7.994859178833831e6,
        7.983313760075859e6,
        7.971751590756449e6,
        7.960172853102084e6,
        7.948577478743527e6,
        7.9369651457556235e6,
        7.9253362920921e6,
        7.913690083113339e6,
        7.902027471710607e6,
        7.890347101766218e6,
        7.87865019033916e6,
        7.86693562962417e6,
        7.85520412660735e6,
        7.843455085715714e6,
        7.831688694973321e6,
        7.819904879982398e6,
        7.808103300701796e6,
        7.796284413067825e6,
        7.784447339650221e6,
        7.772593076101094e6,
        7.760720198049302e6,
        7.748829978281719e6,
        7.736921252277648e6,
        7.724994758313233e6,
        7.713049868630427e6,
        7.701086777300285e6,
        7.689105403081749e6,
        7.6771053859033445e6,
        7.665087201040656e6,
        7.65304992409133e6,
        7.640994597100487e6,
        7.628919720887476e6,
        7.616826628814167e6,
        7.604714094108276e6,
        7.592582888947999e6,
        7.580432350095217e6,
        7.5682626779346615e6,
        7.556073783439074e6,
        7.543865284313161e6,
        7.531637676696549e6,
        7.519389984441455e6,
        7.507123300098985e6,
        7.494836042200993e6,
        7.482529610180588e6,
        7.470202708692897e6,
        7.457856146771535e6,
        7.445489221925522e6,
        7.433102141135801e6,
        7.420694806493074e6,
        7.408266810956424e6,
        7.395818673244958e6,
        7.3833493600000385e6,
        7.370860018945569e6,
        7.358348977771631e6,
        7.345817708228304e6,
        7.333264839159204e6,
        7.320691219798492e6,
        7.308096104067957e6,
        7.295479705840031e6,
        7.282841917043628e6,
        7.270182302981765e6,
        7.257501406884604e6,
        7.244798131903659e6,
        7.232073686242314e6,
        7.219326296931105e6,
        7.206557515151527e6,
        7.193765885616905e6,
        7.18095230155793e6,
        7.168115968310415e6,
        7.155257106940871e6,
        7.142375597713432e6,
        7.129470974901225e6,
        7.11654380842225e6,
        7.103592930696308e6,
        7.090619616455373e6,
        7.077621980759997e6,
        7.064601662348936e6,
        7.051557112207744e6,
        7.038489271880245e6,
        7.025397292325744e6,
        7.012281402105852e6,
        6.999141468043648e6,
        6.985976989451433e6,
        6.972788565390187e6,
        6.9595749491583835e6,
        6.9463374889309695e6
      ]
    }
  },