{
  "time": 23040.00000000526,
  "initial_nodal_pressure": {
    "1": 8.400000000000002e6,
    "2": 6.76881593145448e6
  },
  "initial_pipe_pressure": {
    "1": {
      "distance": [
        0.0,
        1008.2644628099173,
        2016.5289256198346,
        3024.793388429752,
        4033.057851239669,
        5041.322314049587,
        6049.586776859504,
        7057.851239669421,
        8066.115702479338,
        9074.380165289256,
        10082.644628099173,
        11090.909090909092,
        12099.173553719009,
        13107.438016528926,
        14115.702479338843,
        15123.966942148762,
        16132.231404958677,
        17140.495867768594,
        18148.760330578512,
        19157.02479338843,
        20165.289256198346,
        21173.553719008265,
        22181.818181818184,
        23190.0826446281,
        24198.347107438018,
        25206.611570247933,
        26214.87603305785,
        27223.140495867767,
        28231.404958677685,
        29239.669421487604,
        30247.933884297523,
        31256.19834710744,
        32264.462809917353,
        33272.72727272727,
        34280.99173553719,
        35289.25619834711,
        36297.520661157025,
        37305.78512396695,
        38314.04958677686,
        39322.31404958678,
        40330.57851239669,
        41338.842975206615,
        42347.10743801653,
        43355.371900826445,
        44363.63636363637,
        45371.900826446275,
        46380.1652892562,
        47388.42975206611,
        48396.694214876035,
        49404.95867768595,
        50413.223140495866,
        51421.48760330579,
        52429.7520661157,
        53438.016528925626,
        54446.28099173553,
        55454.545454545456,
        56462.80991735537,
        57471.074380165286,
        58479.33884297521,
        59487.603305785124,
        60495.867768595046,
        61504.13223140496,
        62512.39669421488,
        63520.66115702479,
        64528.92561983471,
        65537.19008264464,
        66545.45454545454,
        67553.71900826447,
        68561.98347107437,
        69570.2479338843,
        70578.51239669422,
        71586.77685950413,
        72595.04132231405,
        73603.30578512397,
        74611.5702479339,
        75619.8347107438,
        76628.09917355372,
        77636.36363636363,
        78644.62809917355,
        79652.89256198348,
        80661.15702479339,
        81669.42148760331,
        82677.68595041323,
        83685.95041322314,
        84694.21487603306,
        85702.47933884298,
        86710.74380165289,
        87719.00826446281,
        88727.27272727274,
        89735.53719008266,
        90743.80165289255,
        91752.06611570247,
        92760.3305785124,
        93768.5950413223,
        94776.85950413223,
        95785.12396694215,
        96793.38842975207,
        97801.65289256198,
        98809.9173553719,
        99818.18181818182,
        100826.44628099173,
        101834.71074380165,
        102842.97520661158,
        103851.2396694215,
        104859.5041322314,
        105867.76859504133,
        106876.03305785125,
        107884.29752066114,
        108892.56198347107,
        109900.82644628099,
        110909.09090909091,
        111917.35537190082,
        112925.61983471074,
        113933.88429752066,
        114942.14876033057,
        115950.4132231405,
        116958.67768595042,
        117966.94214876034,
        118975.20661157025,
        119983.47107438017,
        120991.73553719009,
        122000.0
      ],
      "value": [
        8.400000000000002e6,
        8.388913145833895e6,
        8.3778119193038335e6,
        8.366695141044401e6,
        8.355563224446263e6,
        8.344415420438414e6,
        8.333251684105175e6,
        8.322071729834423e6,
        8.310875018718589e6,
        8.299661762882922e6,
        8.28843089243006e6,
        8.277183152872886e6,
        8.265916904745693e6,
        8.254633186338312e6,
        8.243330581883282e6,
        8.23200960793634e6,
        8.220669367792948e6,
        8.209309816493452e6,
        8.197930614827156e6,
        8.186531114357695e6,
        8.17511157403657e6,
        8.16367069749407e6,
        8.152209385066603e6,
        8.140725645167005e6,
        8.129220728616114e6,
        8.117692909181922e6,
        8.106142801379036e6,
        8.094569302655851e6,
        8.082972341907825e6,
        8.071351488284752e6,
        8.059705932170804e6,
        8.0480359660728155e6,
        8.036339984992569e6,
        8.024619060485957e6,
        8.012870730898275e6,
        8.001096494177375e6,
        7.9892942043194e6,
        7.977464579280575e6,
        7.965606229115165e6,
        7.953719027424454e6,
        7.941802403359582e6,
        7.9298553164274935e6,
        7.917878083340128e6,
        7.9058686738716755e6,
        7.893828366708797e6,
        7.881754059796575e6,
        7.869647560929492e6,
        7.85750614844626e6,
        7.845330661304391e6,
        7.833119308995262e6,
        7.820871875045119e6,
        7.80858758517298e6,
        7.796265073119491e6,
        7.783904673698173e6,
        7.771503768042092e6,
        7.759063901426432e6,
        7.746581090324484e6,
        7.734057549939866e6,
        7.721489763473077e6,
        7.708878722140037e6,
        7.696222077411226e6,
        7.683519478022432e6,
        7.670769860189648e6,
        7.657971400638825e6,
        7.6451244478350775e6,
        7.632225564933287e6,
        7.619276652171253e6,
        7.606272504458743e6,
        7.59321588616778e6,
        7.58010217578072e6,
        7.566932563325444e6,
        7.553703920353747e6,
        7.5404156986448215e6,
        7.527066423632293e6,
        7.513653629217121e6,
        7.500177671151828e6,
        7.486633968647942e6,
        7.473024901285269e6,
        7.459343557992862e6,
        7.445593451470382e6,
        7.431768412857549e6,
        7.417869893819825e6,
        7.403893666274576e6,
        7.389838891834737e6,
        7.375703506923193e6,
        7.361484131349919e6,
        7.347181112205834e6,
        7.332788250780534e6,
        7.318308575636024e6,
        7.303732765374752e6,
        7.289065356567237e6,
        7.274297984820663e6,
        7.25943244141909e6,
        7.244462923472393e6,
        7.229388152755099e6,
        7.214205202365518e6,
        7.19890936661828e6,
        7.183500942081988e6,
        7.167971400326069e6,
        7.152324645398696e6,
        7.136547889447356e6,
        7.120647072470957e6,
        7.104610652665757e6,
        7.088440847058288e6,
        7.072129543050441e6,
        7.055674766869181e6,
        7.03907228404275e6,
        7.022315410229769e6,
        7.005404288218107e6,
        6.988326945218947e6,
        6.971088456590864e6,
        6.9536709180727955e6,
        6.936082196423719e6,
        6.918306018082724e6,
        6.900345096714225e6,
        6.882187815769679e6,
        6.863831041798434e6,
        6.845268470592061e6,
        6.826490343483946e6,
        6.8074964038193375e6,
        6.788269394234839e6,
        6.76881593145448e6
      ]
    }
  },