{
  "time": 54720.00000003485,
  "initial_nodal_pressure": {
    "1": 8.400000000000002e6,
    "2": 4.655064201480403e6
  },
  "initial_pipe_pressure": {
    "1": {
      "distance": [
        0.0,
        1008.2644628099173,
        2016.5289256198346,
        3024.793388429752,
        4033.057851239669,
        5041.322314049587,
        6049.586776859504,
        7057.851239669421,
        8066.115702479338,
        9074.380165289256,
        10082.644628099173,
        11090.909090909092,
        12099.173553719009,
        13107.438016528926,
        14115.702479338843,
        15123.966942148762,
        16132.231404958677,
        17140.495867768594,
        18148.760330578512,
        19157.02479338843,
        20165.289256198346,
        21173.553719008265,
        22181.818181818184,
        23190.0826446281,
        24198.347107438018,
        25206.611570247933,
        26214.87603305785,
        27223.140495867767,
        28231.404958677685,
        29239.669421487604,
        30247.933884297523,
        31256.19834710744,
        32264.462809917353,
        33272.72727272727,
        34280.99173553719,
        35289.25619834711,
        36297.520661157025,
        37305.78512396695,
        38314.04958677686,
        39322.31404958678,
        40330.57851239669,
        41338.842975206615,
        42347.10743801653,
        43355.371900826445,
        44363.63636363637,
        45371.900826446275,
        46380.1652892562,
        47388.42975206611,
        48396.694214876035,
        49404.95867768595,
        50413.223140495866,
        51421.48760330579,
        52429.7520661157,
        53438.016528925626,
        54446.28099173553,
        55454.545454545456,
        56462.80991735537,
        57471.074380165286,
        58479.33884297521,
        59487.603305785124,
        60495.867768595046,
        61504.13223140496,
        62512.39669421488,
        63520.66115702479,
        64528.92561983471,
        65537.19008264464,
        66545.45454545454,
        67553.71900826447,
        68561.98347107437,
        69570.2479338843,
        70578.51239669422,
        71586.77685950413,
        72595.04132231405,
        73603.30578512397,
        74611.5702479339,
        75619.8347107438,
        76628.09917355372,
        77636.36363636363,
        78644.62809917355,
        79652.89256198348,
        80661.15702479339,
        81669.42148760331,
        82677.68595041323,
        83685.95041322314,
        84694.21487603306,
        85702.47933884298,
        86710.74380165289,
        87719.00826446281,
        88727.27272727274,
        89735.53719008266,
        90743.80165289255,
        91752.06611570247,
        92760.3305785124,
        93768.5950413223,
        94776.85950413223,
        95785.12396694215,
        96793.38842975207,
        97801.65289256198,
        98809.9173553719,
        99818.18181818182,
        100826.44628099173,
        101834.71074380165,
        102842.97520661158,
        103851.2396694215,
        104859.5041322314,
        105867.76859504133,
        106876.03305785125,
        107884.29752066114,
        108892.56198347107,
        109900.82644628099,
        110909.09090909091,
        111917.35537190082,
        112925.61983471074,
        113933.88429752066,
        114942.14876033057,
        115950.4132231405,
        116958.67768595042,
        117966.94214876034,
        118975.20661157025,
        119983.47107438017,
        120991.73553719009,
        122000.0
      ],
      "value": [
        8.400000000000002e6,
        8.3755825235045105e6,
        8.35109607915421e6,
        8.326535682662339e6,
        8.301903939327004e6,
        8.277197967751132e6,
        8.252418189905877e6,
        8.227563908819207e6,
        8.202633278270999e6,
        8.177627871040957e6,
        8.152543483908121e6,
        8.127384048713879e6,
        8.102142912288432e6,
        8.07682525124268e6,
        8.0514254885307215e6,
        8.025946471117227e6,
        8.000384950865638e6,
        7.974741349496969e6,
        7.949014843926804e6,
        7.923203330479634e6,
        7.897308511899438e6,
        7.871325654191409e6,
        7.845259091564792e6,
        7.819101349795655e6,
        7.79285815578344e6,
        7.766523228471972e6,
        7.74009969702993e6,
        7.713583876428534e6,
        7.686976185091088e6,
        7.660275648023462e6,
        7.63347985447917e6,
        7.606590659086026e6,
        7.579602697895401e6,
        7.552520780545683e6,
        7.525336460064186e6,
        7.498056115184354e6,
        7.4706726320771035e6,
        7.443189475717548e6,
        7.415602446410059e6,
        7.387911962170526e6,
        7.36011687280436e6,
        7.332214410140372e6,
        7.304206615233809e6,
        7.276087388413694e6,
        7.247862110214892e6,
        7.219521198074344e6,
        7.191071812074283e6,
        7.162505873420046e6,
        7.133827259177687e6,
        7.105031185053788e6,
        7.0761180906961495e6,
        7.04708664556811e6,
        7.017933691815981e6,
        6.988661518298791e6,
        6.959263204262144e6,
        6.929744829688638e6,
        6.900095540736225e6,
        6.87032344474287e6,
        6.840419403920482e6,
        6.8103878229023665e6,
        6.780223310781687e6,
        6.749926398267252e6,
        6.719495622998492e6,
        6.6889274677312765e6,
        6.658224584434111e6,
        6.6273792324376535e6,
        6.596398366682605e6,
        6.565269847879593e6,
        6.534002938533822e6,
        6.50258748385137e6,
        6.471028597314608e6,
        6.439320395583652e6,
        6.40746367230119e6,
        6.375457007532887e6,
        6.343296709894235e6,
        6.310986011438128e6,
        6.278516579623776e6,
        6.245896480408839e6,
        6.213112597149017e6,
        6.18017558972795e6,
        6.147074666252954e6,
        6.11381593423629e6,
        6.080393441990337e6,
        6.046808618040306e6,
        6.013060517304139e6,
        5.979145787665232e6,
        5.945068635575702e6,
        5.910820858830133e6,
        5.876411931711462e6,
        5.841828773140588e6,
        5.807083670679197e6,
        5.772166287468849e6,
        5.737084156435273e6,
        5.701832298858281e6,
        5.666413503553067e6,
        5.6308282078064075e6,
        5.595074530141497e6,
        5.55915832273052e6,
        5.523073184360322e6,
        5.4868303082812e6,
        5.450419016059069e6,
        5.413853300039215e6,
        5.377125695765471e6,
        5.340245748796175e6,
        5.303211582758942e6,
        5.266028616413877e6,
        5.228700343267571e6,
        5.191228504936511e6,
        5.153621618874884e6,
        5.115878350254445e6,
        5.078011743958667e6,
        5.040018163586051e6,
        5.001912868941842e6,
        4.963695816946428e6,
        4.925379158971206e6,
        4.886967866426086e6,
        4.848471884159517e6,
        4.809900404194825e6,
        4.771262290612005e6,
        4.732569926600454e6,
        4.693832470537166e6,
        4.655064201480403e6
      ]
    }
  },