{
  "time": 4320.0000000004,
  "initial_nodal_pressure": {
    "1": 8.400000000000002e6,
    "2": 6.963271082485535e6
  },
  "initial_pipe_pressure": {
    "1": {
      "distance": [
        0.0,
        1008.2644628099173,
        2016.5289256198346,
        3024.793388429752,
        4033.057851239669,
        5041.322314049587,
        6049.586776859504,
        7057.851239669421,
        8066.115702479338,
        9074.380165289256,
        10082.644628099173,
        11090.909090909092,
        12099.173553719009,
        13107.438016528926,
        14115.702479338843,
        15123.966942148762,
        16132.231404958677,
        17140.495867768594,
        18148.760330578512,
        19157.02479338843,
        20165.289256198346,
        21173.553719008265,
        22181.818181818184,
        23190.0826446281,
        24198.347107438018,
        25206.611570247933,
        26214.87603305785,
        27223.140495867767,
        28231.404958677685,
        29239.669421487604,
        30247.933884297523,
        31256.19834710744,
        32264.462809917353,
        33272.72727272727,
        34280.99173553719,
        35289.25619834711,
        36297.520661157025,
        37305.78512396695,
        38314.04958677686,
        39322.31404958678,
        40330.57851239669,
        41338.842975206615,
        42347.10743801653,
        43355.371900826445,
        44363.63636363637,
        45371.900826446275,
        46380.1652892562,
        47388.42975206611,
        48396.694214876035,
        49404.95867768595,
        50413.223140495866,
        51421.48760330579,
        52429.7520661157,
        53438.016528925626,
        54446.28099173553,
        55454.545454545456,
        56462.80991735537,
        57471.074380165286,
        58479.33884297521,
        59487.603305785124,
        60495.867768595046,
        61504.13223140496,
        62512.39669421488,
        63520.66115702479,
        64528.92561983471,
        65537.19008264464,
        66545.45454545454,
        67553.71900826447,
        68561.98347107437,
        69570.2479338843,
        70578.51239669422,
        71586.77685950413,
        72595.04132231405,
        73603.30578512397,
        74611.5702479339,
        75619.8347107438,
        76628.09917355372,
        77636.36363636363,
        78644.62809917355,
        79652.89256198348,
        80661.15702479339,
        81669.42148760331,
        82677.68595041323,
        83685.95041322314,
        84694.21487603306,
        85702.47933884298,
        86710.74380165289,
        87719.00826446281,
        88727.27272727274,
        89735.53719008266,
        90743.80165289255,
        91752.06611570247,
        92760.3305785124,
        93768.5950413223,
        94776.85950413223,
        95785.12396694215,
        96793.38842975207,
        97801.65289256198,
        98809.9173553719,
        99818.18181818182,
        100826.44628099173,
        101834.71074380165,
        102842.97520661158,
        103851.2396694215,
        104859.5041322314,
        105867.76859504133,
        106876.03305785125,
        107884.29752066114,
        108892.56198347107,
        109900.82644628099,
        110909.09090909091,
        111917.35537190082,
        112925.61983471074,
        113933.88429752066,
        114942.14876033057,
        115950.4132231405,
        116958.67768595042,
        117966.94214876034,
        118975.20661157025,
        119983.47107438017,
        120991.73553719009,
        122000.0
      ],
      "value": [
        8.400000000000002e6,
        8.389187468666567e6,
        8.378361441076107e6,
        8.367520995284278e6,
        8.356666691474995e6,
        8.345798024648533e6,
        8.334915131229569e6,
        8.324017932657735e6,
        8.313106131991237e6,
        8.302180086800981e6,
        8.291239056973147e6,
        8.280283846100829e6,
        8.269313260892458e6,
        8.25832833570775e6,
        8.247328089911666e6,
        8.236313117751981e6,
        8.22528288157879e6,
        8.214237525400661e6,
        8.2031769647664465e6,
        8.1921008831140855e6,
        8.181009659609616e6,
        8.169902506582819e6,
        8.158780277442151e6,
        8.147641702663477e6,
        8.136487881121528e6,
        8.125317769312965e6,
        8.114131998287163e6,
        8.102929995521221e6,
        8.09171191336678e6,
        8.080477661242246e6,
        8.069226901716471e6,
        8.057960037323348e6,
        8.046676229548962e6,
        8.035376385432512e6,
        8.024059153860026e6,
        8.012725703080709e6,
        8.001374922352773e6,
        7.990007482357069e6,
        7.978622773359767e6,
        7.967220956823589e6,
        7.955801935762823e6,
        7.944365350549858e6,
        7.932911628910396e6,
        7.921439878029119e6,
        7.909951062532336e6,
        7.898443744091707e6,
        7.886919165379079e6,
        7.875376143815613e6,
        7.863815392641692e6,
        7.852236262434144e6,
        7.840638924537314e6,
        7.829023275240444e6,
        7.817388931293179e6,
        7.805736347488723e6,
        7.794064573046112e6,
        7.782374634292052e6,
        7.770664999738432e6,
        7.758936991741496e6,
        7.747189351010162e6,
        7.735422836380303e6,
        7.723636756087285e6,
        7.711831292122608e6,
        7.700006333665837e6,
        7.688161472292087e6,
        7.676297191791686e6,
        7.664412479499409e6,
        7.652508427735697e6,
        7.640583405514991e6,
        7.628638820388246e6,
        7.616673331136824e6,
        7.604687745350269e6,
        7.592681326053116e6,
        7.580654266636058e6,
        7.568606448699502e6,
        7.556537436932667e6,
        7.54444774611057e6,
        7.53233629744837e6,
        7.520204253765334e6,
        7.508049877755004e6,
        7.495874667969441e6,
        7.483677195623898e6,
        7.471458320362155e6,
        7.459217256855032e6,
        7.446954210620518e6,
        7.434669055099114e6,
        7.422361326179127e6,
        7.410031571672252e6,
        7.39767864204087e6,
        7.385303775362836e6,
        7.37290512057966e6,
        7.360484273410541e6,
        7.3480397113349205e6,
        7.335572349521147e6,
        7.323081350797186e6,
        7.310566933500079e6,
        7.298028962184635e6,
        7.285466941763202e6,
        7.272881455209963e6,
        7.26027127709866e6,
        7.2476377258372065e6,
        7.234978828418351e6,
        7.222296284337775e6,
        7.209588470498653e6,
        7.196856361270687e6,
        7.184099063709834e6,
        7.17131680961233e6,
        7.1585094537335485e6,
        7.145676467502331e6,
        7.132818471268042e6,
        7.119934157942144e6,
        7.10702493172028e6,
        7.09408868848035e6,
        7.081127238656393e6,
        7.068138850884001e6,
        7.055124562665571e6,
        7.042083420795384e6,
        7.029015671098236e6,
        7.0159211573734945e6,
        7.002799314633366e6,
        6.989650802919518e6,
        6.976474226895474e6,
        6.963271082485535e6
      ]
    }
  },