{
  "time": 25920.000000007953,
  "initial_nodal_pressure": {
    "1": 8.400000000000002e6,
    "2": 5.9979447691396e6
  },
  "initial_pipe_pressure": {
    "1": {
      "distance": [
        0.0,
        1008.2644628099173,
        2016.5289256198346,
        3024.793388429752,
        4033.057851239669,
        5041.322314049587,
        6049.586776859504,
        7057.851239669421,
        8066.115702479338,
        9074.380165289256,
        10082.644628099173,
        11090.909090909092,
        12099.173553719009,
        13107.438016528926,
        14115.702479338843,
        15123.966942148762,
        16132.231404958677,
        17140.495867768594,
        18148.760330578512,
        19157.02479338843,
        20165.289256198346,
        21173.553719008265,
        22181.818181818184,
        23190.0826446281,
        24198.347107438018,
        25206.611570247933,
        26214.87603305785,
        27223.140495867767,
        28231.404958677685,
        29239.669421487604,
        30247.933884297523,
        31256.19834710744,
        32264.462809917353,
        33272.72727272727,
        34280.99173553719,
        35289.25619834711,
        36297.520661157025,
        37305.78512396695,
        38314.04958677686,
        39322.31404958678,
        40330.57851239669,
        41338.842975206615,
        42347.10743801653,
        43355.371900826445,
        44363.63636363637,
        45371.900826446275,
        46380.1652892562,
        47388.42975206611,
        48396.694214876035,
        49404.95867768595,
        50413.223140495866,
        51421.48760330579,
        52429.7520661157,
        53438.016528925626,
        54446.28099173553,
        55454.545454545456,
        56462.80991735537,
        57471.074380165286,
        58479.33884297521,
        59487.603305785124,
        60495.867768595046,
        61504.13223140496,
        62512.39669421488,
        63520.66115702479,
        64528.92561983471,
        65537.19008264464,
        66545.45454545454,
        67553.71900826447,
        68561.98347107437,
        69570.2479338843,
        70578.51239669422,
        71586.77685950413,
        72595.04132231405,
        73603.30578512397,
        74611.5702479339,
        75619.8347107438,
        76628.09917355372,
        77636.36363636363,
        78644.62809917355,
        79652.89256198348,
        80661.15702479339,
        81669.42148760331,
        82677.68595041323,
        83685.95041322314,
        84694.21487603306,
        85702.47933884298,
        86710.74380165289,
        87719.00826446281,
        88727.27272727274,
        89735.53719008266,
        90743.80165289255,
        91752.06611570247,
        92760.3305785124,
        93768.5950413223,
        94776.85950413223,
        95785.12396694215,
        96793.38842975207,
        97801.65289256198,
        98809.9173553719,
        99818.18181818182,
        100826.44628099173,
        101834.71074380165,
        102842.97520661158,
        103851.2396694215,
        104859.5041322314,
        105867.76859504133,
        106876.03305785125,
        107884.29752066114,
        108892.56198347107,
        109900.82644628099,
        110909.09090909091,
        111917.35537190082,
        112925.61983471074,
        113933.88429752066,
        114942.14876033057,
        115950.4132231405,
        116958.67768595042,
        117966.94214876034,
        118975.20661157025,
        119983.47107438017,
        120991.73553719009,
        122000.0
      ],
      "value": [
        8.400000000000002e6,
        8.386211732190163e6,
        8.3724005640528565e6,
        8.358563892114648e6,
        8.344701703165597e6,
        8.3308120290579535e6,
        8.316894102256366e6,
        8.302946730803561e6,
        8.288968246384884e6,
        8.274958378745939e6,
        8.260914407320727e6,
        8.2468371341498885e6,
        8.2327226294752e6,
        8.218572344481902e6,
        8.204382715174055e6,
        8.190154184681021e6,
        8.175884209246693e6,
        8.161572063262546e6,
        8.147216382906081e6,
        8.132815106657031e6,
        8.118368216891682e6,
        8.103872141966268e6,
        8.089328383846576e6,
        8.074731678937837e6,
        8.06008441641358e6,
        8.045381891126906e6,
        8.030625033230962e6,
        8.015810596212298e6,
        8.000937864224965e6,
        7.986005235432387e6,
        7.971010152087784e6,
        7.955952852104953e6,
        7.94082873031565e6,
        7.925640069193345e6,
        7.910380000273488e6,
        7.895051976043365e6,
        7.879649907246343e6,
        7.864175259597053e6,
        7.848623915436122e6,
        7.832995130883702e6,
        7.817286981860669e6,
        7.801496280056458e6,
        7.785623529110433e6,
        7.769662848548299e6,
        7.753617416916075e6,
        7.737478400014448e6,
        7.721250489437492e6,
        7.704925890011671e6,
        7.688506674711823e6,
        7.671987634362742e6,
        7.655367952536909e6,
        7.638645276151805e6,
        7.621815612665455e6,
        7.6048797512935875e6,
        7.5878302196236e6,
        7.57067125261617e6,
        7.55339157601077e6,
        7.535997360671215e6,
        7.518478684214512e6,
        7.500838328307479e6,
        7.483069706469137e6,
        7.465171877090622e6,
        7.447141923181383e6,
        7.428974824900894e6,
        7.410671689439284e6,
        7.392223041480167e6,
        7.373634389612169e6,
        7.354891402019322e6,
        7.336002050529135e6,
        7.316953738677901e6,
        7.297750095888298e6,
        7.278382789914932e6,
        7.258850690973299e6,
        7.23915014749379e6,
        7.219274826514591e6,
        7.199226201004708e6,
        7.178992261877976e6,
        7.1585800797252925e6,
        7.137971465488575e6,
        7.117176615673231e6,
        7.09617955226613e6,
        7.074984937472851e6,
        7.053582217810587e6,
        7.031969996715831e6,
        7.010143669032437e6,
        6.988095219596977e6,
        6.965826550869295e6,
        6.943322431475932e6,
        6.920591868666367e6,
        6.897611776857733e6,
        6.874395125860076e6,
        6.850921634249079e6,
        6.827197233441323e6,
        6.803208525247709e6,
        6.778953737223581e6,
        6.754427017103601e6,
        6.729618176402985e6,
        6.704529617849473e6,
        6.679141974497331e6,
        6.653466662929538e6,
        6.627474321158975e6,
        6.601181388311979e6,
        6.574562043472575e6,
        6.547623768446576e6,
        6.520349465087377e6,
        6.492736802899275e6,
        6.464778251222288e6,
        6.436460747954409e6,
        6.407787237210468e6,
        6.378732935723588e6,
        6.349312237805994e6,
        6.319487572392948e6,
        6.289279706824464e6,
        6.2586555119852815e6,
        6.22762430375073e6,
        6.1961640013109865e6,
        6.164271343640341e6,
        6.131936390933948e6,
        6.099142083584673e6,
        6.065891805951673e6,
        6.032153370210356e6,
        5.9979447691396e6
      ]
    }
  },