{
  "time": 18720.000000001226,
  "initial_nodal_pressure": {
    "1": 8.400000000000002e6,
    "2": 6.949343481429609e6
  },
  "initial_pipe_pressure": {
    "1": {
      "distance": [
        0.0,
        1008.2644628099173,
        2016.5289256198346,
        3024.793388429752,
        4033.057851239669,
        5041.322314049587,
        6049.586776859504,
        7057.851239669421,
        8066.115702479338,
        9074.380165289256,
        10082.644628099173,
        11090.909090909092,
        12099.173553719009,
        13107.438016528926,
        14115.702479338843,
        15123.966942148762,
        16132.231404958677,
        17140.495867768594,
        18148.760330578512,
        19157.02479338843,
        20165.289256198346,
        21173.553719008265,
        22181.818181818184,
        23190.0826446281,
        24198.347107438018,
        25206.611570247933,
        26214.87603305785,
        27223.140495867767,
        28231.404958677685,
        29239.669421487604,
        30247.933884297523,
        31256.19834710744,
        32264.462809917353,
        33272.72727272727,
        34280.99173553719,
        35289.25619834711,
        36297.520661157025,
        37305.78512396695,
        38314.04958677686,
        39322.31404958678,
        40330.57851239669,
        41338.842975206615,
        42347.10743801653,
        43355.371900826445,
        44363.63636363637,
        45371.900826446275,
        46380.1652892562,
        47388.42975206611,
        48396.694214876035,
        49404.95867768595,
        50413.223140495866,
        51421.48760330579,
        52429.7520661157,
        53438.016528925626,
        54446.28099173553,
        55454.545454545456,
        56462.80991735537,
        57471.074380165286,
        58479.33884297521,
        59487.603305785124,
        60495.867768595046,
        61504.13223140496,
        62512.39669421488,
        63520.66115702479,
        64528.92561983471,
        65537.19008264464,
        66545.45454545454,
        67553.71900826447,
        68561.98347107437,
        69570.2479338843,
        70578.51239669422,
        71586.77685950413,
        72595.04132231405,
        73603.30578512397,
        74611.5702479339,
        75619.8347107438,
        76628.09917355372,
        77636.36363636363,
        78644.62809917355,
        79652.89256198348,
        80661.15702479339,
        81669.42148760331,
        82677.68595041323,
        83685.95041322314,
        84694.21487603306,
        85702.47933884298,
        86710.74380165289,
        87719.00826446281,
        88727.27272727274,
        89735.53719008266,
        90743.80165289255,
        91752.06611570247,
        92760.3305785124,
        93768.5950413223,
        94776.85950413223,
        95785.12396694215,
        96793.38842975207,
        97801.65289256198,
        98809.9173553719,
        99818.18181818182,
        100826.44628099173,
        101834.71074380165,
        102842.97520661158,
        103851.2396694215,
        104859.5041322314,
        105867.76859504133,
        106876.03305785125,
        107884.29752066114,
        108892.56198347107,
        109900.82644628099,
        110909.09090909091,
        111917.35537190082,
        112925.61983471074,
        113933.88429752066,
        114942.14876033057,
        115950.4132231405,
        116958.67768595042,
        117966.94214876034,
        118975.20661157025,
        119983.47107438017,
        120991.73553719009,
        122000.0
      ],
      "value": [
        8.400000000000002e6,
        8.389040804501666e6,
        8.378067764766847e6,
        8.367079957089667e6,
        8.356077976441045e6,
        8.345061328182062e6,
        8.334030173176391e6,
        8.322984452917583e6,
        8.311923886997494e6,
        8.3008488602517005e6,
        8.289758643689176e6,
        8.278654072844701e6,
        8.267533962683185e6,
        8.256399379854094e6,
        8.245249356942243e6,
        8.234084514272057e6,
        8.222904332841233e6,
        8.211708979094942e6,
        8.200498390045499e6,
        8.1892722705466375e6,
        8.178031021386189e6,
        8.166773877952306e6,
        8.15550171273247e6,
        8.144213283609021e6,
        8.132909705119571e6,
        8.121589962653199e6,
        8.11025470371413e6,
        8.098903382924658e6,
        8.087536172612279e6,
        8.076153004827292e6,
        8.064753568402081e6,
        8.053338281186181e6,
        8.041906340018802e6,
        8.03045865710105e6,
        8.018993928596481e6,
        8.007513320563307e6,
        7.996015767315648e6,
        7.984501945543901e6,
        7.97297128124709e6,
        7.961423952950668e6,
        7.949859887191539e6,
        7.938278755338374e6,
        7.92668099351516e6,
        7.915065756741943e6,
        7.903433999980654e6,
        7.891784352505335e6,
        7.880118035911604e6,
        7.868433929105798e6,
        7.856732740174993e6,
        7.84501386397341e6,
        7.833277485554297e6,
        7.821523525305734e6,
        7.809751635504431e6,
        7.797962271877456e6,
        7.786154543958705e6,
        7.774329452844725e6,
        7.762485555130466e6,
        7.750624132405488e6,
        7.738744003309302e6,
        7.726845909768423e6,
        7.714929212651504e6,
        7.702994103882485e6,
        7.69104049696471e6,
        7.679068023236265e6,
        7.667077159486426e6,
        7.655066965633306e6,
        7.643038492656284e6,
        7.630990217961096e6,
        7.618923488093507e6,
        7.606837055953383e6,
        7.594731700014741e6,
        7.582606743945631e6,
        7.570462386894563e6,
        7.558298534623407e6,
        7.546114795426994e6,
        7.533911668763352e6,
        7.52168816026268e6,
        7.509445374966574e6,
        7.497181703738227e6,
        7.484898563626015e6,
        7.472594635597558e6,
        7.460270737686859e6,
        7.44792615270487e6,
        7.435561087386419e6,
        7.423175438748998e6,
        7.410768789633005e6,
        7.39834166393871e6,
        7.385893007696603e6,
        7.373423984688814e6,
        7.360932890890006e6,
        7.348421220075949e6,
        7.335887574240168e6,
        7.323332814340104e6,
        7.310756178149283e6,
        7.298157880353583e6,
        7.2855378080453e6,
        7.27289551583269e6,
        7.260231554021416e6,
        7.247544802971492e6,
        7.234836490464095e6,
        7.222104808063827e6,
        7.209351333290298e6,
        7.196574581113234e6,
        7.183775459183138e6,
        7.170953155430284e6,
        7.1581078928520875e6,
        7.145239547216798e6,
        7.132347641681493e6,
        7.1194327551364545e6,
        7.10649369529405e6,
        7.093531759871245e6,
        7.080545025099779e6,
        7.067535160188754e6,
        7.054500583829984e6,
        7.041442254609247e6,
        7.028359305055557e6,
        7.015251966823398e6,
        7.002120102688978e6,
        6.988963200604039e6,
        6.975781870469322e6,
        6.962574839282268e6,
        6.949343481429609e6
      ]
    }
  },