{
  "time": 10079.999999998927,
  "initial_nodal_pressure": {
    "1": 8.4e6,
    "2": 6.952645338846917e6
  },
  "initial_pipe_pressure": {
    "1": {
      "distance": [
        0.0,
        1008.2644628099173,
        2016.5289256198346,
        3024.793388429752,
        4033.057851239669,
        5041.322314049587,
        6049.586776859504,
        7057.851239669421,
        8066.115702479338,
        9074.380165289256,
        10082.644628099173,
        11090.909090909092,
        12099.173553719009,
        13107.438016528926,
        14115.702479338843,
        15123.966942148762,
        16132.231404958677,
        17140.495867768594,
        18148.760330578512,
        19157.02479338843,
        20165.289256198346,
        21173.553719008265,
        22181.818181818184,
        23190.0826446281,
        24198.347107438018,
        25206.611570247933,
        26214.87603305785,
        27223.140495867767,
        28231.404958677685,
        29239.669421487604,
        30247.933884297523,
        31256.19834710744,
        32264.462809917353,
        33272.72727272727,
        34280.99173553719,
        35289.25619834711,
        36297.520661157025,
        37305.78512396695,
        38314.04958677686,
        39322.31404958678,
        40330.57851239669,
        41338.842975206615,
        42347.10743801653,
        43355.371900826445,
        44363.63636363637,
        45371.900826446275,
        46380.1652892562,
        47388.42975206611,
        48396.694214876035,
        49404.95867768595,
        50413.223140495866,
        51421.48760330579,
        52429.7520661157,
        53438.016528925626,
        54446.28099173553,
        55454.545454545456,
        56462.80991735537,
        57471.074380165286,
        58479.33884297521,
        59487.603305785124,
        60495.867768595046,
        61504.13223140496,
        62512.39669421488,
        63520.66115702479,
        64528.92561983471,
        65537.19008264464,
        66545.45454545454,
        67553.71900826447,
        68561.98347107437,
        69570.2479338843,
        70578.51239669422,
        71586.77685950413,
        72595.04132231405,
        73603.30578512397,
        74611.5702479339,
        75619.8347107438,
        76628.09917355372,
        77636.36363636363,
        78644.62809917355,
        79652.89256198348,
        80661.15702479339,
        81669.42148760331,
        82677.68595041323,
        83685.95041322314,
        84694.21487603306,
        85702.47933884298,
        86710.74380165289,
        87719.00826446281,
        88727.27272727274,
        89735.53719008266,
        90743.80165289255,
        91752.06611570247,
        92760.3305785124,
        93768.5950413223,
        94776.85950413223,
        95785.12396694215,
        96793.38842975207,
        97801.65289256198,
        98809.9173553719,
        99818.18181818182,
        100826.44628099173,
        101834.71074380165,
        102842.97520661158,
        103851.2396694215,
        104859.5041322314,
        105867.76859504133,
        106876.03305785125,
        107884.29752066114,
        108892.56198347107,
        109900.82644628099,
        110909.09090909091,
        111917.35537190082,
        112925.61983471074,
        113933.88429752066,
        114942.14876033057,
        115950.4132231405,
        116958.67768595042,
        117966.94214876034,
        118975.20661157025,
        119983.47107438017,
        120991.73553719009,
        122000.0
      ],
      "value": [
        8.4e6,
        8.389075567863962e6,
        8.378137374410632e6,
        8.367184496371275e6,
        8.3562175204432225e6,
        8.345235949536482e6,
        8.3342399387067305e6,
        8.323229424685022e6,
        8.312204123140827e6,
        8.301164412425374e6,
        8.29010956091844e6,
        8.279040396550505e6,
        8.267955732346068e6,
        8.256856627262943e6,
        8.245742110761798e6,
        8.234612796959335e6,
        8.223468162430953e6,
        8.212308368286789e6,
        8.201133346439285e6,
        8.189942796657586e6,
        8.178737114583572e6,
        8.16751553013846e6,
        8.15627891125962e6,
        8.145026009337217e6,
        8.133757935166314e6,
        8.12247366728651e6,
        8.111173849279399e6,
        8.099857929324751e6,
        8.088526074998913e6,
        8.077178212974001e6,
        8.065814025845333e6,
        8.05443392781476e6,
        8.0430371073327465e6,
        8.031624475357554e6,
        8.020194716838726e6,
        8.008748998335044e6,
        7.997286243470802e6,
        7.985807127496633e6,
        7.974311067929376e6,
        7.962798239236721e6,
        7.951268562367052e6,
        7.939721701328979e6,
        7.928158090244081e6,
        7.916576872779821e6,
        7.904979006179906e6,
        7.893363103677899e6,
        7.881730391859017e6,
        7.870079735039417e6,
        7.858411842521027e6,
        7.846726098649174e6,
        7.835022685219159e6,
        7.8233015168970665e6,
        7.811562237526995e6,
        7.799805302610044e6,
        7.7880298073678985e6,
        7.776236758879161e6,
        7.764424692839576e6,
        7.752594900507859e6,
        7.740746182033595e6,
        7.72887928335374e6,
        7.716993552849521e6,
        7.705089180088429e6,
        7.693166072803672e6,
        7.681223852900956e6,
        7.669262998832099e6,
        7.6572825532977935e6,
        7.645283577087721e6,
        7.63326452189684e6,
        7.621226748747072e6,
        7.609168988215209e6,
        7.597092025687088e6,
        7.584995170450482e6,
        7.5728786202941425e6,
        7.560742275255251e6,
        7.548585733292446e6,
        7.536409497504646e6,
        7.524212553507884e6,
        7.511996020056592e6,
        7.499758257624439e6,
        7.487500702600297e6,
        7.475222009932962e6,
        7.46292300753573e6,
        7.450602962071892e6,
        7.438262080000051e6,
        7.425900252759665e6,
        7.413517052071174e6,
        7.40111300751851e6,
        7.388687042487077e6,
        7.376240338389228e6,
        7.363771156355818e6,
        7.3512810143474545e6,
        7.338768484856095e6,
        7.326234441707672e6,
        7.313678104927855e6,
        7.301099690086429e6,
        7.28849907895258e6,
        7.275875814375375e6,
        7.263230454422919e6,
        7.250561854405184e6,
        7.237871263601059e6,
        7.225156834598115e6,
        7.212420173841515e6,
        7.199659763608702e6,
        7.186876527381417e6,
        7.174069633952127e6,
        7.161239308426716e6,
        7.148385421619691e6,
        7.135507484459119e6,
        7.122606085680979e6,
        7.109680005831167e6,
        7.096730567872024e6,
        7.083755805347077e6,
        7.070757420938236e6,
        7.057733797828777e6,
        7.044685913319643e6,
        7.031612879666472e6,
        7.018514931907121e6,
        7.0053919283530945e6,
        6.992243344451428e6,
        6.979069802001961e6,
        6.965869999071979e6,
        6.952645338846917e6
      ]
    }
  },