{
  "time": 77759.99999991867,
  "initial_nodal_pressure": {
    "1": 8.400000000000002e6,
    "2": 6.930729172257827e6
  },
  "initial_pipe_pressure": {
    "1": {
      "distance": [
        0.0,
        1008.2644628099173,
        2016.5289256198346,
        3024.793388429752,
        4033.057851239669,
        5041.322314049587,
        6049.586776859504,
        7057.851239669421,
        8066.115702479338,
        9074.380165289256,
        10082.644628099173,
        11090.909090909092,
        12099.173553719009,
        13107.438016528926,
        14115.702479338843,
        15123.966942148762,
        16132.231404958677,
        17140.495867768594,
        18148.760330578512,
        19157.02479338843,
        20165.289256198346,
        21173.553719008265,
        22181.818181818184,
        23190.0826446281,
        24198.347107438018,
        25206.611570247933,
        26214.87603305785,
        27223.140495867767,
        28231.404958677685,
        29239.669421487604,
        30247.933884297523,
        31256.19834710744,
        32264.462809917353,
        33272.72727272727,
        34280.99173553719,
        35289.25619834711,
        36297.520661157025,
        37305.78512396695,
        38314.04958677686,
        39322.31404958678,
        40330.57851239669,
        41338.842975206615,
        42347.10743801653,
        43355.371900826445,
        44363.63636363637,
        45371.900826446275,
        46380.1652892562,
        47388.42975206611,
        48396.694214876035,
        49404.95867768595,
        50413.223140495866,
        51421.48760330579,
        52429.7520661157,
        53438.016528925626,
        54446.28099173553,
        55454.545454545456,
        56462.80991735537,
        57471.074380165286,
        58479.33884297521,
        59487.603305785124,
        60495.867768595046,
        61504.13223140496,
        62512.39669421488,
        63520.66115702479,
        64528.92561983471,
        65537.19008264464,
        66545.45454545454,
        67553.71900826447,
        68561.98347107437,
        69570.2479338843,
        70578.51239669422,
        71586.77685950413,
        72595.04132231405,
        73603.30578512397,
        74611.5702479339,
        75619.8347107438,
        76628.09917355372,
        77636.36363636363,
        78644.62809917355,
        79652.89256198348,
        80661.15702479339,
        81669.42148760331,
        82677.68595041323,
        83685.95041322314,
        84694.21487603306,
        85702.47933884298,
        86710.74380165289,
        87719.00826446281,
        88727.27272727274,
        89735.53719008266,
        90743.80165289255,
        91752.06611570247,
        92760.3305785124,
        93768.5950413223,
        94776.85950413223,
        95785.12396694215,
        96793.38842975207,
        97801.65289256198,
        98809.9173553719,
        99818.18181818182,
        100826.44628099173,
        101834.71074380165,
        102842.97520661158,
        103851.2396694215,
        104859.5041322314,
        105867.76859504133,
        106876.03305785125,
        107884.29752066114,
        108892.56198347107,
        109900.82644628099,
        110909.09090909091,
        111917.35537190082,
        112925.61983471074,
        113933.88429752066,
        114942.14876033057,
        115950.4132231405,
        116958.67768595042,
        117966.94214876034,
        118975.20661157025,
        119983.47107438017,
        120991.73553719009,
        122000.0
      ],
      "value": [
        8.400000000000002e6,
        8.388844925864216e6,
        8.377675535159495e6,
        8.366490901466924e6,
        8.355291666684183e6,
        8.344077349906154e6,
        8.332848144880602e6,
        8.3216040200221455e6,
        8.310344717041432e6,
        8.2990706575493105e6,
        8.287781127257244e6,
        8.27647700492544e6,
        8.265157116222993e6,
        8.253822571579236e6,
        8.242472421039005e6,
        8.231107320209887e6,
        8.219726775006524e6,
        8.208330982117682e6,
        8.196919907417702e6,
        8.185493284484947e6,
        8.174051543339902e6,
        8.162593950157476e6,
        8.151121403394303e6,
        8.139632697420166e6,
        8.128128968226009e6,
        8.116609239766804e6,
        8.105074181915326e6,
        8.093523285663915e6,
        8.081956750294347e6,
        8.070374538308561e6,
        8.05877637380035e6,
        8.0471626953800535e6,
        8.03553274722435e6,
        8.023887448785417e6,
        8.012225559453354e6,
        8.0005482427186705e6,
        7.988854493206275e6,
        7.9771449959162595e6,
        7.9654192247634195e6,
        7.95367738129692e6,
        7.941919423689374e6,
        7.930145064920355e6,
        7.918354752549243e6,
        7.906547705700058e6,
        7.894724866618121e6,
        7.882884955109267e6,
        7.871029164772057e6,
        7.859156456879986e6,
        7.84726753278249e6,
        7.8353618466949705e6,
        7.823439602141418e6,
        7.811500751872477e6,
        7.799544995813432e6,
        7.787572791043752e6,
        7.775583327909425e6,
        7.763577573823029e6,
        7.751554203352724e6,
        7.7395144435856305e6,
        7.727457217537645e6,
        7.715383244546318e6,
        7.703291955980185e6,
        7.691183557089221e6,
        7.679057993960804e6,
        7.666914951178366e6,
        7.654754896159071e6,
        7.642576985988129e6,
        7.6303822162800385e6,
        7.618169209525325e6,
        7.605939230562158e6,
        7.593691158242786e6,
        7.581425732009373e6,
        7.56914235664415e6,
        7.556841238928187e6,
        7.544522316879822e6,
        7.5321852570631085e6,
        7.519830538333735e6,
        7.507457279178704e6,
        7.495066507200817e6,
        7.4826567846322395e6,
        7.470229419326471e6,
        7.457783238936619e6,
        7.445319005669382e6,
        7.432836093313434e6,
        7.420334710049175e6,
        7.407814784235857e6,
        7.395275961300887e6,
        7.382718732961119e6,
        7.3701421728020245e6,
        7.357547345052276e6,
        7.344932741988778e6,
        7.3322997208780935e6,
        7.319647049861119e6,
        7.306975517183263e6,
        7.29428446047641e6,
        7.28157408925897e6,
        7.268844320431301e6,
        7.256094774667868e6,
        7.243325958331467e6,
        7.230536892707506e6,
        7.2177286842488665e6,
        7.204899743861087e6,
        7.192051485901427e6,
        7.179182609235175e6,
        7.166293932112337e6,
        7.153384749983925e6,
        7.140455273720025e6,
        7.127505406719397e6,
        7.114534740715845e6,
        7.10154379890755e6,
        7.088531541632519e6,
        7.0754991242493335e6,
        7.0624448629175015e6,
        7.049370238207661e6,
        7.0362738682907475e6,
        7.023156606164137e6,
        7.0100176980862785e6,
        6.996857356367975e6,
        6.983675468577052e6,
        6.970471592657766e6,
        6.957246271282451e6,
        6.943998393759885e6,
        6.930729172257827e6
      ]
    }
  },