{
  "time": 1439.9999999999782,
  "initial_nodal_pressure": {
    "1": 8.400000000000002e6,
    "2": 6.977053819391773e6
  },
  "initial_pipe_pressure": {
    "1": {
      "distance": [
        0.0,
        1008.2644628099173,
        2016.5289256198346,
        3024.793388429752,
        4033.057851239669,
        5041.322314049587,
        6049.586776859504,
        7057.851239669421,
        8066.115702479338,
        9074.380165289256,
        10082.644628099173,
        11090.909090909092,
        12099.173553719009,
        13107.438016528926,
        14115.702479338843,
        15123.966942148762,
        16132.231404958677,
        17140.495867768594,
        18148.760330578512,
        19157.02479338843,
        20165.289256198346,
        21173.553719008265,
        22181.818181818184,
        23190.0826446281,
        24198.347107438018,
        25206.611570247933,
        26214.87603305785,
        27223.140495867767,
        28231.404958677685,
        29239.669421487604,
        30247.933884297523,
        31256.19834710744,
        32264.462809917353,
        33272.72727272727,
        34280.99173553719,
        35289.25619834711,
        36297.520661157025,
        37305.78512396695,
        38314.04958677686,
        39322.31404958678,
        40330.57851239669,
        41338.842975206615,
        42347.10743801653,
        43355.371900826445,
        44363.63636363637,
        45371.900826446275,
        46380.1652892562,
        47388.42975206611,
        48396.694214876035,
        49404.95867768595,
        50413.223140495866,
        51421.48760330579,
        52429.7520661157,
        53438.016528925626,
        54446.28099173553,
        55454.545454545456,
        56462.80991735537,
        57471.074380165286,
        58479.33884297521,
        59487.603305785124,
        60495.867768595046,
        61504.13223140496,
        62512.39669421488,
        63520.66115702479,
        64528.92561983471,
        65537.19008264464,
        66545.45454545454,
        67553.71900826447,
        68561.98347107437,
        69570.2479338843,
        70578.51239669422,
        71586.77685950413,
        72595.04132231405,
        73603.30578512397,
        74611.5702479339,
        75619.8347107438,
        76628.09917355372,
        77636.36363636363,
        78644.62809917355,
        79652.89256198348,
        80661.15702479339,
        81669.42148760331,
        82677.68595041323,
        83685.95041322314,
        84694.21487603306,
        85702.47933884298,
        86710.74380165289,
        87719.00826446281,
        88727.27272727274,
        89735.53719008266,
        90743.80165289255,
        91752.06611570247,
        92760.3305785124,
        93768.5950413223,
        94776.85950413223,
        95785.12396694215,
        96793.38842975207,
        97801.65289256198,
        98809.9173553719,
        99818.18181818182,
        100826.44628099173,
        101834.71074380165,
        102842.97520661158,
        103851.2396694215,
        104859.5041322314,
        105867.76859504133,
        106876.03305785125,
        107884.29752066114,
        108892.56198347107,
        109900.82644628099,
        110909.09090909091,
        111917.35537190082,
        112925.61983471074,
        113933.88429752066,
        114942.14876033057,
        115950.4132231405,
        116958.67768595042,
        117966.94214876034,
        118975.20661157025,
        119983.47107438017,
        120991.73553719009,
        122000.0
      ],
      "value": [
        8.400000000000002e6,
        8.389329167136211e6,
        8.378645172689925e6,
        8.367947099751342e6,
        8.357235478130614e6,
        8.346509796397868e6,
        8.335770170621188e6,
        8.325016506257751e6,
        8.314248494063308e6,
        8.303466468033786e6,
        8.292669681794502e6,
        8.2818589097819235e6,
        8.271032956419702e6,
        8.260192825670053e6,
        8.24933752964174e6,
        8.23846763883022e6,
        8.227582602091591e6,
        8.2166825442282865e6,
        8.205767363159235e6,
        8.194836725503668e6,
        8.183890990825859e6,
        8.172929354802595e6,
        8.161952651498402e6,
        8.150959592614077e6,
        8.139951259512961e6,
        8.128926587609405e6,
        8.117886191288769e6,
        8.106829476485955e6,
        8.095756577408346e6,
        8.084667383816221e6,
        8.073561536254851e6,
        8.062439421902794e6,
        8.051300173870434e6,
        8.040144690640161e6,
        8.028971583821786e6,
        8.017782018411108e6,
        8.006574847073599e6,
        7.995350731663615e6,
        7.984109031870633e6,
        7.97284989216597e6,
        7.961573193629178e6,
        7.950278548806587e6,
        7.938966374838389e6,
        7.927635737500658e6,
        7.916287604972215e6,
        7.904920481107641e6,
        7.893535621342131e6,
        7.882131789360043e6,
        7.870709698469562e6,
        7.859268658803983e6,
        7.847808826211163e6,
        7.836330072751834e6,
        7.824831981170544e6,
        7.813315001247336e6,
        7.801778126669747e6,
        7.790222401043297e6,
        7.778646212733528e6,
        7.767050914917018e6,
        7.755435176086433e6,
        7.743799765363693e6,
        7.732143940162731e6,
        7.720467869102084e6,
        7.708771415129192e6,
        7.697054129599832e6,
        7.685316497920442e6,
        7.6735574371152e6,
        7.661778072286787e6,
        7.649976668751043e6,
        7.638154685058756e6,
        7.6263106885206755e6,
        7.614445508713109e6,
        7.602558347425011e6,
        7.590649387700642e6,
        7.578718483540547e6,
        7.5667651535963025e6,
        7.5547899221174e6,
        7.5427916252020765e6,
        7.53077147568661e6,
        7.518727608658725e6,
        7.506661595780479e6,
        7.494571897565477e6,
        7.482459408816413e6,
        7.47032327310658e6,
        7.458163689747871e6,
        7.445980504183624e6,
        7.433773201314686e6,
        7.421542347552378e6,
        7.409286694181681e6,
        7.397007547962817e6,
        7.384702907079813e6,
        7.37237446389468e6,
        7.360020566948297e6,
        7.347642180988843e6,
        7.335238389076196e6,
        7.322809408693704e6,
        7.310355077241814e6,
        7.297874845016325e6,
        7.285369323848169e6,
        7.272837176655213e6,
        7.260279810052729e6,
        7.247695079126428e6,
        7.235084804147758e6,
        7.222447216881045e6,
        7.209783356496113e6,
        7.197092243412059e6,
        7.184374115083808e6,
        7.171628801348598e6,
        7.158855717075384e6,
        7.146055522535392e6,
        7.133226788884969e6,
        7.1203710280952975e6,
        7.107485946229341e6,
        7.0945734981443435e6,
        7.08163179416066e6,
        7.068661951942992e6,
        7.055662927076638e6,
        7.042634978495181e6,
        7.029577928705838e6,
        7.01649115611802e6,
        7.003375372065837e6,
        6.990229052385167e6,
        6.977053819391773e6
      ]
    }
  },