{
  "time": 59040.000000016225,
  "initial_nodal_pressure": {
    "1": 8.4e6,
    "2": 5.885564864337746e6
  },
  "initial_pipe_pressure": {
    "1": {
      "distance": [
        0.0,
        1008.2644628099173,
        2016.5289256198346,
        3024.793388429752,
        4033.057851239669,
        5041.322314049587,
        6049.586776859504,
        7057.851239669421,
        8066.115702479338,
        9074.380165289256,
        10082.644628099173,
        11090.909090909092,
        12099.173553719009,
        13107.438016528926,
        14115.702479338843,
        15123.966942148762,
        16132.231404958677,
        17140.495867768594,
        18148.760330578512,
        19157.02479338843,
        20165.289256198346,
        21173.553719008265,
        22181.818181818184,
        23190.0826446281,
        24198.347107438018,
        25206.611570247933,
        26214.87603305785,
        27223.140495867767,
        28231.404958677685,
        29239.669421487604,
        30247.933884297523,
        31256.19834710744,
        32264.462809917353,
        33272.72727272727,
        34280.99173553719,
        35289.25619834711,
        36297.520661157025,
        37305.78512396695,
        38314.04958677686,
        39322.31404958678,
        40330.57851239669,
        41338.842975206615,
        42347.10743801653,
        43355.371900826445,
        44363.63636363637,
        45371.900826446275,
        46380.1652892562,
        47388.42975206611,
        48396.694214876035,
        49404.95867768595,
        50413.223140495866,
        51421.48760330579,
        52429.7520661157,
        53438.016528925626,
        54446.28099173553,
        55454.545454545456,
        56462.80991735537,
        57471.074380165286,
        58479.33884297521,
        59487.603305785124,
        60495.867768595046,
        61504.13223140496,
        62512.39669421488,
        63520.66115702479,
        64528.92561983471,
        65537.19008264464,
        66545.45454545454,
        67553.71900826447,
        68561.98347107437,
        69570.2479338843,
        70578.51239669422,
        71586.77685950413,
        72595.04132231405,
        73603.30578512397,
        74611.5702479339,
        75619.8347107438,
        76628.09917355372,
        77636.36363636363,
        78644.62809917355,
        79652.89256198348,
        80661.15702479339,
        81669.42148760331,
        82677.68595041323,
        83685.95041322314,
        84694.21487603306,
        85702.47933884298,
        86710.74380165289,
        87719.00826446281,
        88727.27272727274,
        89735.53719008266,
        90743.80165289255,
        91752.06611570247,
        92760.3305785124,
        93768.5950413223,
        94776.85950413223,
        95785.12396694215,
        96793.38842975207,
        97801.65289256198,
        98809.9173553719,
        99818.18181818182,
        100826.44628099173,
        101834.71074380165,
        102842.97520661158,
        103851.2396694215,
        104859.5041322314,
        105867.76859504133,
        106876.03305785125,
        107884.29752066114,
        108892.56198347107,
        109900.82644628099,
        110909.09090909091,
        111917.35537190082,
        112925.61983471074,
        113933.88429752066,
        114942.14876033057,
        115950.4132231405,
        116958.67768595042,
        117966.94214876034,
        118975.20661157025,
        119983.47107438017,
        120991.73553719009,
        122000.0
      ],
      "value": [
        8.4e6,
        8.378637297088923e6,
        8.357223240801352e6,
        8.33575569718971e6,
        8.314238076786935e6,
        8.292669937164654e6,
        8.271053131839731e6,
        8.249388779404404e6,
        8.227677312108377e6,
        8.205921272410692e6,
        8.18411981381543e6,
        8.162276758581441e6,
        8.140390131000046e6,
        8.118464288683942e6,
        8.096498063120667e6,
        8.074494488071237e6,
        8.052453722437256e6,
        8.030377629943613e6,
        8.008267541086925e6,
        7.986124310827005e6,
        7.963950277761241e6,
        7.941745457010079e6,
        7.919513023888136e6,
        7.89725233043424e6,
        7.874966844918659e6,
        7.852656533932355e6,
        7.830323971427007e6,
        7.807970015707532e6,
        7.78559652775744e6,
        7.763205072939853e6,
        7.740796988694247e6,
        7.718374354405848e6,
        7.695938181532529e6,
        7.6734908619934805e6,
        7.651033286983799e6,
        7.628567855078811e6,
        7.6060958387975795e6,
        7.583619245453009e6,
        7.56113972198051e6,
        7.538659094670574e6,
        7.516179169496001e6,
        7.4937018099502055e6,
        7.471228757330203e6,
        7.448762138364627e6,
        7.426303397814303e6,
        7.403855159232418e6,
        7.381418543134156e6,
        7.358996274611028e6,
        7.33658966086013e6,
        7.314201197798104e6,
        7.291832616741768e6,
        7.269485939757949e6,
        7.247163566485307e6,
        7.224866793401474e6,
        7.202598938914939e6,
        7.180360315660762e6,
        7.158155416904277e6,
        7.135983861547051e6,
        7.113849916042455e6,
        7.091754031519418e6,
        7.069699561016336e6,
        7.047688046391273e6,
        7.025721659709304e6,
        7.003803296149474e6,
        6.9819336750369975e6,
        6.960117310650318e6,
        6.938353194562183e6,
        6.916647728124764e6,
        6.894998816176268e6,
        6.873412261569259e6,
        6.851887495442209e6,
        6.830428663122192e6,
        6.809036990224622e6,
        6.787714686550137e6,
        6.766465040284606e6,
        6.74528804799205e6,
        6.7241893271999005e6,
        6.703166385133573e6,
        6.682227432812454e6,
        6.661368499007184e6,
        6.640596796410391e6,
        6.619910590479555e6,
        6.599314670873059e6,
        6.578809801282232e6,
        6.558398078027693e6,
        6.538083019199417e6,
        6.517863763484456e6,
        6.497746832744561e6,
        6.477728151232146e6,
        6.457817485747528e6,
        6.43800892393339e6,
        6.418310832153116e6,
        6.398720217738157e6,
        6.379242291339877e6,
        6.359877215534361e6,
        6.340626804273056e6,
        6.321494599940634e6,
        6.302478790806463e6,
        6.283586511314814e6,
        6.264812108445407e6,
        6.246166507381103e6,
        6.2276419281169325e6,
        6.209247524776573e6,
        6.190979042732397e6,
        6.172841842805043e6,
        6.154835386121351e6,
        6.1369610496702045e6,
        6.119222184886212e6,
        6.1016160114399e6,
        6.084149928849617e6,
        6.066816843970343e6,
        6.049628344568854e6,
        6.032575016318074e6,
        6.015666372105502e6,
        5.998897003427339e6,
        5.982272145208116e6,
        5.965790524760028e6,
        5.949452975033967e6,
        5.933262470297928e6,
        5.917215337502372e6,
        5.901318889773447e6,
        5.885564864337746e6
      ]
    }
  },