{
  "time": 33120.000000014676,
  "initial_nodal_pressure": {
    "1": 8.400000000000002e6,
    "2": 5.090494442976391e6
  },
  "initial_pipe_pressure": {
    "1": {
      "distance": [
        0.0,
        1008.2644628099173,
        2016.5289256198346,
        3024.793388429752,
        4033.057851239669,
        5041.322314049587,
        6049.586776859504,
        7057.851239669421,
        8066.115702479338,
        9074.380165289256,
        10082.644628099173,
        11090.909090909092,
        12099.173553719009,
        13107.438016528926,
        14115.702479338843,
        15123.966942148762,
        16132.231404958677,
        17140.495867768594,
        18148.760330578512,
        19157.02479338843,
        20165.289256198346,
        21173.553719008265,
        22181.818181818184,
        23190.0826446281,
        24198.347107438018,
        25206.611570247933,
        26214.87603305785,
        27223.140495867767,
        28231.404958677685,
        29239.669421487604,
        30247.933884297523,
        31256.19834710744,
        32264.462809917353,
        33272.72727272727,
        34280.99173553719,
        35289.25619834711,
        36297.520661157025,
        37305.78512396695,
        38314.04958677686,
        39322.31404958678,
        40330.57851239669,
        41338.842975206615,
        42347.10743801653,
        43355.371900826445,
        44363.63636363637,
        45371.900826446275,
        46380.1652892562,
        47388.42975206611,
        48396.694214876035,
        49404.95867768595,
        50413.223140495866,
        51421.48760330579,
        52429.7520661157,
        53438.016528925626,
        54446.28099173553,
        55454.545454545456,
        56462.80991735537,
        57471.074380165286,
        58479.33884297521,
        59487.603305785124,
        60495.867768595046,
        61504.13223140496,
        62512.39669421488,
        63520.66115702479,
        64528.92561983471,
        65537.19008264464,
        66545.45454545454,
        67553.71900826447,
        68561.98347107437,
        69570.2479338843,
        70578.51239669422,
        71586.77685950413,
        72595.04132231405,
        73603.30578512397,
        74611.5702479339,
        75619.8347107438,
        76628.09917355372,
        77636.36363636363,
        78644.62809917355,
        79652.89256198348,
        80661.15702479339,
        81669.42148760331,
        82677.68595041323,
        83685.95041322314,
        84694.21487603306,
        85702.47933884298,
        86710.74380165289,
        87719.00826446281,
        88727.27272727274,
        89735.53719008266,
        90743.80165289255,
        91752.06611570247,
        92760.3305785124,
        93768.5950413223,
        94776.85950413223,
        95785.12396694215,
        96793.38842975207,
        97801.65289256198,
        98809.9173553719,
        99818.18181818182,
        100826.44628099173,
        101834.71074380165,
        102842.97520661158,
        103851.2396694215,
        104859.5041322314,
        105867.76859504133,
        106876.03305785125,
        107884.29752066114,
        108892.56198347107,
        109900.82644628099,
        110909.09090909091,
        111917.35537190082,
        112925.61983471074,
        113933.88429752066,
        114942.14876033057,
        115950.4132231405,
        116958.67768595042,
        117966.94214876034,
        118975.20661157025,
        119983.47107438017,
        120991.73553719009,
        122000.0
      ],
      "value": [
        8.400000000000002e6,
        8.379289506164167e6,
        8.358529014349792e6,
        8.337714522067496e6,
        8.316847556400431e6,
        8.295925610911908e6,
        8.27494861548282e6,
        8.253915665974189e6,
        8.232824984950404e6,
        8.211677381395746e6,
        8.1904692556748465e6,
        8.169203245509637e6,
        8.147873809191803e6,
        8.126484584037107e6,
        8.105030810473762e6,
        8.08351433905145e6,
        8.061932200305431e6,
        8.0402843349083625e6,
        8.0185696872349605e6,
        7.9967861594673935e6,
        7.974934739072271e6,
        7.9530111553473575e6,
        7.931018573903318e6,
        7.908950410680823e6,
        7.886811019397934e6,
        7.864594749332542e6,
        7.842303822475444e6,
        7.819934720543709e6,
        7.797487389340889e6,
        7.774960587960802e6,
        7.752351834782316e6,
        7.729662318003949e6,
        7.706886970183696e6,
        7.684029567525984e6,
        7.6610822908017095e6,
        7.638050325880404e6,
        7.614926962250801e6,
        7.591714848056935e6,
        7.568409806135587e6,
        7.5450117759107975e6,
        7.521519284764192e6,
        7.4979293838616675e6,
        7.47424348486974e6,
        7.450455562078932e6,
        7.426570100260235e6,
        7.402577798551552e6,
        7.378484814347815e6,
        7.354283159950767e6,
        7.329975972532426e6,
        7.305558271184723e6,
        7.281029968066803e6,
        7.256389293533847e6,
        7.231632718888925e6,
        7.206761901244431e6,
        7.181769643377822e6,
        7.156661256445126e6,
        7.13142563435738e6,
        7.106070076943086e6,
        7.080585031190504e6,
        7.054974195793249e6,
        7.029231589788617e6,
        7.003357061696701e6,
        6.977348450342322e6,
        6.951201490303912e6,
        6.92491810255708e6,
        6.89848962808649e6,
        6.871922348153057e6,
        6.845202913338981e6,
        6.818339979480554e6,
        6.791322034025988e6,
        6.764153420311362e6,
        6.736826882155572e6,
        6.709342141544978e6,
        6.68169650432124e6,
        6.653884741954301e6,
        6.625909048010152e6,
        6.597758892162873e6,
        6.569441703224329e6,
        6.540941273680617e6,
        6.512267887433809e6,
        6.483407512452752e6,
        6.454365229673776e6,
        6.425132106303923e6,
        6.395707627517483e6,
        6.366088345575512e6,
        6.336267727892566e6,
        6.306248226156771e6,
        6.276016835888047e6,
        6.245582353996883e6,
        6.214924814524397e6,
        6.184056482403297e6,
        6.152959974364781e6,
        6.121641205389275e6,
        6.090088951677094e6,
        6.058302262136648e6,
        6.026276573658456e6,
        5.994003508818477e6,
        5.961485708999505e6,
        5.928706760933527e6,
        5.895677101788336e6,
        5.862371617830654e6,
        5.828805019531237e6,
        5.794955266897815e6,
        5.760829186159456e6,
        5.726412264456244e6,
        5.691702735839323e6,
        5.65669428987786e6,
        5.621375789386588e6,
        5.585749868812179e6,
        5.549795159909176e6,
        5.513524060641241e6,
        5.476904019824114e6,
        5.439952805184789e6,
        5.402641522865542e6,
        5.364977895919552e6,
        5.326942373416251e6,
        5.288531604417585e6,
        5.249736333903118e6,
        5.210540982943247e6,
        5.170947659011077e6,
        5.130927256223804e6,
        5.090494442976391e6
      ]
    }
  },