{
  "time": 41760.00000002275,
  "initial_nodal_pressure": {
    "1": 8.4e6,
    "2": 4.718287553249497e6
  },
  "initial_pipe_pressure": {
    "1": {
      "distance": [
        0.0,
        1008.2644628099173,
        2016.5289256198346,
        3024.793388429752,
        4033.057851239669,
        5041.322314049587,
        6049.586776859504,
        7057.851239669421,
        8066.115702479338,
        9074.380165289256,
        10082.644628099173,
        11090.909090909092,
        12099.173553719009,
        13107.438016528926,
        14115.702479338843,
        15123.966942148762,
        16132.231404958677,
        17140.495867768594,
        18148.760330578512,
        19157.02479338843,
        20165.289256198346,
        21173.553719008265,
        22181.818181818184,
        23190.0826446281,
        24198.347107438018,
        25206.611570247933,
        26214.87603305785,
        27223.140495867767,
        28231.404958677685,
        29239.669421487604,
        30247.933884297523,
        31256.19834710744,
        32264.462809917353,
        33272.72727272727,
        34280.99173553719,
        35289.25619834711,
        36297.520661157025,
        37305.78512396695,
        38314.04958677686,
        39322.31404958678,
        40330.57851239669,
        41338.842975206615,
        42347.10743801653,
        43355.371900826445,
        44363.63636363637,
        45371.900826446275,
        46380.1652892562,
        47388.42975206611,
        48396.694214876035,
        49404.95867768595,
        50413.223140495866,
        51421.48760330579,
        52429.7520661157,
        53438.016528925626,
        54446.28099173553,
        55454.545454545456,
        56462.80991735537,
        57471.074380165286,
        58479.33884297521,
        59487.603305785124,
        60495.867768595046,
        61504.13223140496,
        62512.39669421488,
        63520.66115702479,
        64528.92561983471,
        65537.19008264464,
        66545.45454545454,
        67553.71900826447,
        68561.98347107437,
        69570.2479338843,
        70578.51239669422,
        71586.77685950413,
        72595.04132231405,
        73603.30578512397,
        74611.5702479339,
        75619.8347107438,
        76628.09917355372,
        77636.36363636363,
        78644.62809917355,
        79652.89256198348,
        80661.15702479339,
        81669.42148760331,
        82677.68595041323,
        83685.95041322314,
        84694.21487603306,
        85702.47933884298,
        86710.74380165289,
        87719.00826446281,
        88727.27272727274,
        89735.53719008266,
        90743.80165289255,
        91752.06611570247,
        92760.3305785124,
        93768.5950413223,
        94776.85950413223,
        95785.12396694215,
        96793.38842975207,
        97801.65289256198,
        98809.9173553719,
        99818.18181818182,
        100826.44628099173,
        101834.71074380165,
        102842.97520661158,
        103851.2396694215,
        104859.5041322314,
        105867.76859504133,
        106876.03305785125,
        107884.29752066114,
        108892.56198347107,
        109900.82644628099,
        110909.09090909091,
        111917.35537190082,
        112925.61983471074,
        113933.88429752066,
        114942.14876033057,
        115950.4132231405,
        116958.67768595042,
        117966.94214876034,
        118975.20661157025,
        119983.47107438017,
        120991.73553719009,
        122000.0
      ],
      "value": [
        8.4e6,
        8.376631597752226e6,
        8.353199921274215e6,
        8.3297002920806715e6,
        8.30613500203587e6,
        8.282501293868332e6,
        8.258799452063888e6,
        8.235028728096629e6,
        8.211187307866208e6,
        8.187276543168328e6,
        8.163292425865869e6,
        8.139238503914506e6,
        8.115108475215114e6,
        8.090907055747213e6,
        8.066628930211934e6,
        8.042276649676981e6,
        8.01784706229152e6,
        7.993340451343167e6,
        7.968755931562759e6,
        7.944091410575633e6,
        7.919348377857387e6,
        7.894522252181981e6,
        7.869617011256737e6,
        7.8446254661931405e6,
        7.819552920973478e6,
        7.794393297527642e6,
        7.769149445273696e6,
        7.743817735031152e6,
        7.718398439105151e6,
        7.69289049984422e6,
        7.6672914835288795e6,
        7.641603033046799e6,
        7.615819872973474e6,
        7.589946482523409e6,
        7.563974601679245e6,
        7.537910225135131e6,
        7.511746349268132e6,
        7.485486167776971e6,
        7.459125465369025e6,
        7.432664487006519e6,
        7.4061019532214515e6,
        7.37943500424643e6,
        7.352665452173012e6,
        7.32578716768225e6,
        7.298805218977607e6,
        7.271710032909779e6,
        7.244508422186575e6,
        7.217192242224369e6,
        7.189765084999516e6,
        7.162222002433478e6,
        7.134563185025528e6,
        7.106787061061273e6,
        7.078890227843577e6,
        7.050874680800218e6,
        7.022733220498811e6,
        6.99447161204877e6,
        6.966078642995855e6,
        6.93756210435062e6,
        6.90891241760047e6,
        6.880133636239446e6,
        6.851219875739707e6,
        6.822171226908279e6,
        6.792985722266503e6,
        6.763659249735288e6,
        6.73419399682729e6,
        6.704581392062845e6,
        6.674828032039952e6,
        6.644920611623469e6,
        6.614868105343932e6,
        6.584659089264219e6,
        6.554298151254812e6,
        6.523778177577464e6,
        6.493099082527355e6,
        6.462258344996024e6,
        6.431250897470822e6,
        6.400079114853161e6,
        6.368732616226859e6,
        6.337218998841587e6,
        6.3055222111274e6,
        6.273652678338978e6,
        6.241596530445946e6,
        6.209358969800425e6,
        6.176931214759551e6,
        6.144312868647661e6,
        6.111500605026902e6,
        6.078488020507803e6,
        6.045277641357067e6,
        6.0118566147895465e6,
        5.97823375129016e6,
        5.944389267098958e6,
        5.910335391408308e6,
        5.876054889030355e6,
        5.841553653543688e6,
        5.806820543635084e6,
        5.771854605894607e6,
        5.736651284594968e6,
        5.7012022186570335e6,
        5.665509976797655e6,
        5.629558174101105e6,
        5.593357095616617e6,
        5.556881653791361e6,
        5.520146352475567e6,
        5.483129099497161e6,
        5.445836518005581e6,
        5.408253943705872e6,
        5.370379389545732e6,
        5.332206304879367e6,
        5.293723280349328e6,
        5.254932641649378e6,
        5.215812650231803e6,
        5.1763753589833705e6,
        5.136587684078305e6,
        5.096467021999693e6,
        5.055983808925743e6,
        5.015145286048189e6,
        4.973931138315146e6,
        4.9323373398944065e6,
        4.890353830067304e6,
        4.847964052031827e6,
        4.805169340408731e6,
        4.761939164070725e6,
        4.718287553249497e6
      ]
    }
  },