{
  "time": 57600.00000002373,
  "initial_nodal_pressure": {
    "1": 8.400000000000002e6,
    "2": 5.519000386571754e6
  },
  "initial_pipe_pressure": {
    "1": {
      "distance": [
        0.0,
        1008.2644628099173,
        2016.5289256198346,
        3024.793388429752,
        4033.057851239669,
        5041.322314049587,
        6049.586776859504,
        7057.851239669421,
        8066.115702479338,
        9074.380165289256,
        10082.644628099173,
        11090.909090909092,
        12099.173553719009,
        13107.438016528926,
        14115.702479338843,
        15123.966942148762,
        16132.231404958677,
        17140.495867768594,
        18148.760330578512,
        19157.02479338843,
        20165.289256198346,
        21173.553719008265,
        22181.818181818184,
        23190.0826446281,
        24198.347107438018,
        25206.611570247933,
        26214.87603305785,
        27223.140495867767,
        28231.404958677685,
        29239.669421487604,
        30247.933884297523,
        31256.19834710744,
        32264.462809917353,
        33272.72727272727,
        34280.99173553719,
        35289.25619834711,
        36297.520661157025,
        37305.78512396695,
        38314.04958677686,
        39322.31404958678,
        40330.57851239669,
        41338.842975206615,
        42347.10743801653,
        43355.371900826445,
        44363.63636363637,
        45371.900826446275,
        46380.1652892562,
        47388.42975206611,
        48396.694214876035,
        49404.95867768595,
        50413.223140495866,
        51421.48760330579,
        52429.7520661157,
        53438.016528925626,
        54446.28099173553,
        55454.545454545456,
        56462.80991735537,
        57471.074380165286,
        58479.33884297521,
        59487.603305785124,
        60495.867768595046,
        61504.13223140496,
        62512.39669421488,
        63520.66115702479,
        64528.92561983471,
        65537.19008264464,
        66545.45454545454,
        67553.71900826447,
        68561.98347107437,
        69570.2479338843,
        70578.51239669422,
        71586.77685950413,
        72595.04132231405,
        73603.30578512397,
        74611.5702479339,
        75619.8347107438,
        76628.09917355372,
        77636.36363636363,
        78644.62809917355,
        79652.89256198348,
        80661.15702479339,
        81669.42148760331,
        82677.68595041323,
        83685.95041322314,
        84694.21487603306,
        85702.47933884298,
        86710.74380165289,
        87719.00826446281,
        88727.27272727274,
        89735.53719008266,
        90743.80165289255,
        91752.06611570247,
        92760.3305785124,
        93768.5950413223,
        94776.85950413223,
        95785.12396694215,
        96793.38842975207,
        97801.65289256198,
        98809.9173553719,
        99818.18181818182,
        100826.44628099173,
        101834.71074380165,
        102842.97520661158,
        103851.2396694215,
        104859.5041322314,
        105867.76859504133,
        106876.03305785125,
        107884.29752066114,
        108892.56198347107,
        109900.82644628099,
        110909.09090909091,
        111917.35537190082,
        112925.61983471074,
        113933.88429752066,
        114942.14876033057,
        115950.4132231405,
        116958.67768595042,
        117966.94214876034,
        118975.20661157025,
        119983.47107438017,
        120991.73553719009,
        122000.0
      ],
      "value": [
        8.400000000000002e6,
        8.376660182969635e6,
        8.353258312591033e6,
        8.329790955577549e6,
        8.306261438336105e6,
        8.282668308538861e6,
        8.259012979974897e6,
        8.235295929215155e6,
        8.211516716922813e6,
        8.1876776924671475e6,
        8.163776627585894e6,
        8.139817683587577e6,
        8.115796912949629e6,
        8.09171934409623e6,
        8.067582021488888e6,
        8.043388170125629e6,
        8.019136675445799e6,
        7.994829032794524e6,
        7.97046589852111e6,
        7.946047119300643e6,
        7.9215750450228965e6,
        7.8970479628289845e6,
        7.872469830513817e6,
        7.847837473978446e6,
        7.823155603256921e6,
        7.798421973742204e6,
        7.773639714127138e6,
        7.748808228072042e6,
        7.723929167752104e6,
        7.699003484050326e6,
        7.674031468883838e6,
        7.649015507685215e6,
        7.623954661025124e6,
        7.598852623335042e6,
        7.573707366683674e6,
        7.548523165160438e6,
        7.523298829241594e6,
        7.498037367592006e6,
        7.472738956412626e6,
        7.4474054913427355e6,
        7.422038365242104e6,
        7.396638529885698e6,
        7.371208428584371e6,
        7.345748256652654e6,
        7.320261322968827e6,
        7.294747273565683e6,
        7.269209738310875e6,
        7.2436490607709745e6,
        7.218068061212616e6,
        7.192468027411521e6,
        7.166851190258218e6,
        7.141219563238616e6,
        7.115575031103745e6,
        7.089920090821084e6,
        7.064256548883968e6,
        7.038587118065136e6,
        7.012913820763337e6,
        6.987239310922985e6,
        6.961566088265288e6,
        6.935896647261936e6,
        6.910233808955298e6,
        6.884580219035787e6,
        6.858938706989508e6,
        6.833312409860568e6,
        6.807703821971687e6,
        6.782116942770479e6,
        6.756553555487453e6,
        6.731018925297391e6,
        6.705514236151582e6,
        6.680044891122503e6,
        6.654612816057366e6,
        6.629222837464258e6,
        6.603878045351312e6,
        6.578582257279975e6,
        6.553340183981074e6,
        6.528154165270368e6,
        6.503031024120947e6,
        6.4779711165882675e6,
        6.452983904705104e6,
        6.428068407739263e6,
        6.403233716842031e6,
        6.378480791614026e6,
        6.353816898806596e6,
        6.32924548362442e6,
        6.304771419238498e6,
        6.280401216062095e6,
        6.256136747121501e6,
        6.231988200771906e6,
        6.207953807080422e6,
        6.1840480763859665e6,
        6.1602669510259675e6,
        6.136623838642376e6,
        6.113118127556492e6,
        6.089759752340052e6,
        6.066552204003778e6,
        6.0435012435433855e6,
        6.020615146258737e6,
        5.997894770752723e6,
        5.975353878761884e6,
        5.952987673904289e6,
        5.930816121814394e6,
        5.908831008119866e6,
        5.887050205393653e6,
        5.865470698132634e6,
        5.844104858937728e6,
        5.822955588322253e6,
        5.802028976901004e6,
        5.781334559792169e6,
        5.760871360278722e6,
        5.740656259852681e6,
        5.720680434749137e6,
        5.700968808646044e6,
        5.681507955445295e6,
        5.662319484340435e6,
        5.643397004729987e6,
        5.624754388883531e6,
        5.60639295766833e6,
        5.588318096896451e6,
        5.570539478195655e6,
        5.55305329088929e6,
        5.5358781487697605e6,
        5.519000386571754e6
      ]
    }
  },