{
  "time": 48960.000000029475,
  "initial_nodal_pressure": {
    "1": 8.4e6,
    "2": 4.604154404233513e6
  },
  "initial_pipe_pressure": {
    "1": {
      "distance": [
        0.0,
        1008.2644628099173,
        2016.5289256198346,
        3024.793388429752,
        4033.057851239669,
        5041.322314049587,
        6049.586776859504,
        7057.851239669421,
        8066.115702479338,
        9074.380165289256,
        10082.644628099173,
        11090.909090909092,
        12099.173553719009,
        13107.438016528926,
        14115.702479338843,
        15123.966942148762,
        16132.231404958677,
        17140.495867768594,
        18148.760330578512,
        19157.02479338843,
        20165.289256198346,
        21173.553719008265,
        22181.818181818184,
        23190.0826446281,
        24198.347107438018,
        25206.611570247933,
        26214.87603305785,
        27223.140495867767,
        28231.404958677685,
        29239.669421487604,
        30247.933884297523,
        31256.19834710744,
        32264.462809917353,
        33272.72727272727,
        34280.99173553719,
        35289.25619834711,
        36297.520661157025,
        37305.78512396695,
        38314.04958677686,
        39322.31404958678,
        40330.57851239669,
        41338.842975206615,
        42347.10743801653,
        43355.371900826445,
        44363.63636363637,
        45371.900826446275,
        46380.1652892562,
        47388.42975206611,
        48396.694214876035,
        49404.95867768595,
        50413.223140495866,
        51421.48760330579,
        52429.7520661157,
        53438.016528925626,
        54446.28099173553,
        55454.545454545456,
        56462.80991735537,
        57471.074380165286,
        58479.33884297521,
        59487.603305785124,
        60495.867768595046,
        61504.13223140496,
        62512.39669421488,
        63520.66115702479,
        64528.92561983471,
        65537.19008264464,
        66545.45454545454,
        67553.71900826447,
        68561.98347107437,
        69570.2479338843,
        70578.51239669422,
        71586.77685950413,
        72595.04132231405,
        73603.30578512397,
        74611.5702479339,
        75619.8347107438,
        76628.09917355372,
        77636.36363636363,
        78644.62809917355,
        79652.89256198348,
        80661.15702479339,
        81669.42148760331,
        82677.68595041323,
        83685.95041322314,
        84694.21487603306,
        85702.47933884298,
        86710.74380165289,
        87719.00826446281,
        88727.27272727274,
        89735.53719008266,
        90743.80165289255,
        91752.06611570247,
        92760.3305785124,
        93768.5950413223,
        94776.85950413223,
        95785.12396694215,
        96793.38842975207,
        97801.65289256198,
        98809.9173553719,
        99818.18181818182,
        100826.44628099173,
        101834.71074380165,
        102842.97520661158,
        103851.2396694215,
        104859.5041322314,
        105867.76859504133,
        106876.03305785125,
        107884.29752066114,
        108892.56198347107,
        109900.82644628099,
        110909.09090909091,
        111917.35537190082,
        112925.61983471074,
        113933.88429752066,
        114942.14876033057,
        115950.4132231405,
        116958.67768595042,
        117966.94214876034,
        118975.20661157025,
        119983.47107438017,
        120991.73553719009,
        122000.0
      ],
      "value": [
        8.4e6,
        8.375857073236834e6,
        8.351646692012199e6,
        8.327363952507784e6,
        8.303011375900983e6,
        8.27858611278326e6,
        8.25408854757463e6,
        8.229517968421874e6,
        8.204872536216769e6,
        8.180153763696004e6,
        8.155357497359929e6,
        8.130487565680368e6,
        8.105537405574899e6,
        8.080512069749064e6,
        8.055406046749469e6,
        8.030222102489473e6,
        8.004957009927712e6,
        7.979611150132399e6,
        7.954183678678765e6,
        7.92867248885891e6,
        7.903079221961222e6,
        7.877399175393547e6,
        7.851636584446585e6,
        7.825784037036498e6,
        7.799847143571347e6,
        7.773819661093113e6,
        7.747704636721522e6,
        7.721498383655392e6,
        7.695201268443997e6,
        7.668812277686134e6,
        7.6423289738201955e6,
        7.615753140351656e6,
        7.589079405393211e6,
        7.562312479544374e6,
        7.535443919252334e6,
        7.508479991522431e6,
        7.481413560207562e6,
        7.454247996861743e6,
        7.426979045979953e6,
        7.399607041503143e6,
        7.372130750326729e6,
        7.344547318416791e6,
        7.316858685011739e6,
        7.289058648946403e6,
        7.261152480523172e6,
        7.23313046284655e6,
        7.204999643411424e6,
        7.176751776899088e6,
        7.148390610547575e6,
        7.119911171983051e6,
        7.091313733097362e6,
        7.0625967684587585e6,
        7.033756888511649e6,
        7.004796199712135e6,
        6.97570745306733e6,
        6.946496583688005e6,
        6.917152272302322e6,
        6.887682504427678e6,
        6.858077629143711e6,
        6.828341829742921e6,
        6.798469209504975e6,
        6.76845992965153e6,
        6.738312065102113e6,
        6.708021519935943e6,
        6.677590573208779e6,
        6.647010620218208e6,
        6.616288393036539e6,
        6.585410508484537e6,
        6.554386093581326e6,
        6.523203671684872e6,
        6.491867931776299e6,
        6.460371751985214e6,
        6.428715100599107e6,
        6.396895488195767e6,
        6.364907857908163e6,
        6.332754651834946e6,
        6.300425459539e6,
        6.2679279772163015e6,
        6.235246086077539e6,
        6.202390321637739e6,
        6.1693467625641385e6,
        6.136120679398885e6,
        6.102703270276193e6,
        6.069094166454756e6,
        6.035290049612847e6,
        6.001284504803442e6,
        5.967080092960017e6,
        5.93266390975356e6,
        5.898044826242961e6,
        5.863202965140476e6,
        5.828150625573275e6,
        5.7928704848787775e6,
        5.757368464813388e6,
        5.721633358977178e6,
        5.685664196978867e6,
        5.649456381830754e6,
        5.613001484687664e6,
        5.5763020602328675e6,
        5.53934159670018e6,
        5.502130398101392e6,
        5.464643179430004e6,
        5.426894478232022e6,
        5.388861999557309e6,
        5.3505523392438e6,
        5.311950653150279e6,
        5.273054851210171e6,
        5.233858235811187e6,
        5.194349199265293e6,
        5.154529967270721e6,
        5.114378482003999e6,
        5.073906762501811e6,
        5.033081251708069e6,
        4.991919346291235e6,
        4.950390985759633e6,
        4.908503286533391e6,
        4.866235476224632e6,
        4.82358323825896e6,
        4.780536121576552e6,
        4.737077059634352e6,
        4.693207100683994e6,
        4.648894916690401e6,
        4.604154404233513e6
      ]
    }
  },