{
  "time": 11519.999999998061,
  "initial_nodal_pressure": {
    "1": 8.4e6,
    "2": 6.951565161723177e6
  },
  "initial_pipe_pressure": {
    "1": {
      "distance": [
        0.0,
        1008.2644628099173,
        2016.5289256198346,
        3024.793388429752,
        4033.057851239669,
        5041.322314049587,
        6049.586776859504,
        7057.851239669421,
        8066.115702479338,
        9074.380165289256,
        10082.644628099173,
        11090.909090909092,
        12099.173553719009,
        13107.438016528926,
        14115.702479338843,
        15123.966942148762,
        16132.231404958677,
        17140.495867768594,
        18148.760330578512,
        19157.02479338843,
        20165.289256198346,
        21173.553719008265,
        22181.818181818184,
        23190.0826446281,
        24198.347107438018,
        25206.611570247933,
        26214.87603305785,
        27223.140495867767,
        28231.404958677685,
        29239.669421487604,
        30247.933884297523,
        31256.19834710744,
        32264.462809917353,
        33272.72727272727,
        34280.99173553719,
        35289.25619834711,
        36297.520661157025,
        37305.78512396695,
        38314.04958677686,
        39322.31404958678,
        40330.57851239669,
        41338.842975206615,
        42347.10743801653,
        43355.371900826445,
        44363.63636363637,
        45371.900826446275,
        46380.1652892562,
        47388.42975206611,
        48396.694214876035,
        49404.95867768595,
        50413.223140495866,
        51421.48760330579,
        52429.7520661157,
        53438.016528925626,
        54446.28099173553,
        55454.545454545456,
        56462.80991735537,
        57471.074380165286,
        58479.33884297521,
        59487.603305785124,
        60495.867768595046,
        61504.13223140496,
        62512.39669421488,
        63520.66115702479,
        64528.92561983471,
        65537.19008264464,
        66545.45454545454,
        67553.71900826447,
        68561.98347107437,
        69570.2479338843,
        70578.51239669422,
        71586.77685950413,
        72595.04132231405,
        73603.30578512397,
        74611.5702479339,
        75619.8347107438,
        76628.09917355372,
        77636.36363636363,
        78644.62809917355,
        79652.89256198348,
        80661.15702479339,
        81669.42148760331,
        82677.68595041323,
        83685.95041322314,
        84694.21487603306,
        85702.47933884298,
        86710.74380165289,
        87719.00826446281,
        88727.27272727274,
        89735.53719008266,
        90743.80165289255,
        91752.06611570247,
        92760.3305785124,
        93768.5950413223,
        94776.85950413223,
        95785.12396694215,
        96793.38842975207,
        97801.65289256198,
        98809.9173553719,
        99818.18181818182,
        100826.44628099173,
        101834.71074380165,
        102842.97520661158,
        103851.2396694215,
        104859.5041322314,
        105867.76859504133,
        106876.03305785125,
        107884.29752066114,
        108892.56198347107,
        109900.82644628099,
        110909.09090909091,
        111917.35537190082,
        112925.61983471074,
        113933.88429752066,
        114942.14876033057,
        115950.4132231405,
        116958.67768595042,
        117966.94214876034,
        118975.20661157025,
        119983.47107438017,
        120991.73553719009,
        122000.0
      ],
      "value": [
        8.4e6,
        8.38906419472701e6,
        8.378114601039086e6,
        8.367150295525929e6,
        8.356171867589817e6,
        8.345178820943079e6,
        8.334171312540578e6,
        8.323149280670944e6,
        8.312112442286762e6,
        8.301061177859254e6,
        8.289994756628986e6,
        8.27891400901203e6,
        8.2678177486690255e6,
        8.256707037071581e6,
        8.245580904703263e6,
        8.234439967709898e6,
        8.223283704113638e6,
        8.212112276768959e6,
        8.20092561925599e6,
        8.189723433006895e6,
        8.178506115345696e6,
        8.167272897982227e6,
        8.156024650340529e6,
        8.144760125935264e6,
        8.133480436783747e6,
        8.122184563666566e6,
        8.110873151447094e6,
        8.099545650412389e6,
        8.088202229692105e6,
        8.076842817716979e6,
        8.065467099122141e6,
        8.054075489301591e6,
        8.042667179449798e6,
        8.031243080930195e6,
        8.019801882360806e6,
        8.00834475013519e6,
        7.996870611374405e6,
        7.985380141798986e6,
        7.973872761700041e6,
        7.962348646871863e6,
        7.950807720090298e6,
        7.9392496477710195e6,
        7.92767486468984e6,
        7.91608251822749e6,
        7.904473564880365e6,
        7.892846623128902e6,
        7.881202917925265e6,
        7.86954131835796e6,
        7.857862533330855e6,
        7.846165950626481e6,
        7.834451753105347e6,
        7.8227198573048115e6,
        7.810969909826998e6,
        7.799202366246472e6,
        7.787416326466292e6,
        7.775612795607877e6,
        7.7637903162030345e6,
        7.751950176347306e6,
        7.740091182238249e6,
        7.728214078500766e6,
        7.716318217600623e6,
        7.704403789875987e6,
        7.692470704947405e6,
        7.680518587805903e6,
        7.668547916359435e6,
        7.656557738940608e6,
        7.644549113130139e6,
        7.632520499033216e6,
        7.620473252936635e6,
        7.608406112719354e6,
        7.596319861506507e6,
        7.584213813289986e6,
        7.5720881663035955e6,
        7.55994282245743e6,
        7.547777383091546e6,
        7.535592350114251e6,
        7.523386715688913e6,
        7.511161594084723e6,
        7.498915355716784e6,
        7.486649430647851e6,
        7.474362482338579e6,
        7.46205533547114e6,
        7.449727261991742e6,
        7.43737846845004e6,
        7.425008848110942e6,
        7.412617976333326e6,
        7.400206380842612e6,
        7.387772992433023e6,
        7.375318986750317e6,
        7.362842636325014e6,
        7.350345451206857e6,
        7.337826013540027e6,
        7.325285192941635e6,
        7.3127222152446015e6,
        7.300137295730675e6,
        7.287530317911656e6,
        7.2749008284849115e6,
        7.262249382980218e6,
        7.249574844904255e6,
        7.2368784565039035e6,
        7.22415838312013e6,
        7.211416221735901e6,
        7.198650465326137e6,
        7.18586203219441e6,
        7.173050097396207e6,
        7.160214885349074e6,
        7.147356268489877e6,
        7.134473761749499e6,
        7.121567950644083e6,
        7.108637624609988e6,
        7.095684098350946e6,
        7.082705419379944e6,
        7.0697032794281505e6,
        7.056676073299374e6,
        7.043624772172517e6,
        7.030548494938855e6,
        7.017447475531011e6,
        7.004321573723342e6,
        6.991170269056712e6,
        6.977994179439129e6,
        6.9647920124068335e6,
        6.951565161723177e6
      ]
    }
  },