{
  "time": 60480.000000008724,
  "initial_nodal_pressure": {
    "1": 8.4e6,
    "2": 6.145644400150567e6
  },
  "initial_pipe_pressure": {
    "1": {
      "distance": [
        0.0,
        1008.2644628099173,
        2016.5289256198346,
        3024.793388429752,
        4033.057851239669,
        5041.322314049587,
        6049.586776859504,
        7057.851239669421,
        8066.115702479338,
        9074.380165289256,
        10082.644628099173,
        11090.909090909092,
        12099.173553719009,
        13107.438016528926,
        14115.702479338843,
        15123.966942148762,
        16132.231404958677,
        17140.495867768594,
        18148.760330578512,
        19157.02479338843,
        20165.289256198346,
        21173.553719008265,
        22181.818181818184,
        23190.0826446281,
        24198.347107438018,
        25206.611570247933,
        26214.87603305785,
        27223.140495867767,
        28231.404958677685,
        29239.669421487604,
        30247.933884297523,
        31256.19834710744,
        32264.462809917353,
        33272.72727272727,
        34280.99173553719,
        35289.25619834711,
        36297.520661157025,
        37305.78512396695,
        38314.04958677686,
        39322.31404958678,
        40330.57851239669,
        41338.842975206615,
        42347.10743801653,
        43355.371900826445,
        44363.63636363637,
        45371.900826446275,
        46380.1652892562,
        47388.42975206611,
        48396.694214876035,
        49404.95867768595,
        50413.223140495866,
        51421.48760330579,
        52429.7520661157,
        53438.016528925626,
        54446.28099173553,
        55454.545454545456,
        56462.80991735537,
        57471.074380165286,
        58479.33884297521,
        59487.603305785124,
        60495.867768595046,
        61504.13223140496,
        62512.39669421488,
        63520.66115702479,
        64528.92561983471,
        65537.19008264464,
        66545.45454545454,
        67553.71900826447,
        68561.98347107437,
        69570.2479338843,
        70578.51239669422,
        71586.77685950413,
        72595.04132231405,
        73603.30578512397,
        74611.5702479339,
        75619.8347107438,
        76628.09917355372,
        77636.36363636363,
        78644.62809917355,
        79652.89256198348,
        80661.15702479339,
        81669.42148760331,
        82677.68595041323,
        83685.95041322314,
        84694.21487603306,
        85702.47933884298,
        86710.74380165289,
        87719.00826446281,
        88727.27272727274,
        89735.53719008266,
        90743.80165289255,
        91752.06611570247,
        92760.3305785124,
        93768.5950413223,
        94776.85950413223,
        95785.12396694215,
        96793.38842975207,
        97801.65289256198,
        98809.9173553719,
        99818.18181818182,
        100826.44628099173,
        101834.71074380165,
        102842.97520661158,
        103851.2396694215,
        104859.5041322314,
        105867.76859504133,
        106876.03305785125,
        107884.29752066114,
        108892.56198347107,
        109900.82644628099,
        110909.09090909091,
        111917.35537190082,
        112925.61983471074,
        113933.88429752066,
        114942.14876033057,
        115950.4132231405,
        116958.67768595042,
        117966.94214876034,
        118975.20661157025,
        119983.47107438017,
        120991.73553719009,
        122000.0
      ],
      "value": [
        8.4e6,
        8.38091070372518e6,
        8.361780525118951e6,
        8.342607912013274e6,
        8.323395714094007e6,
        8.3041437326045055e6,
        8.2848535788331665e6,
        8.26552628492745e6,
        8.2461623484318415e6,
        8.226763904739801e6,
        8.207330467337455e6,
        8.187865142114698e6,
        8.168366593145177e6,
        8.14883831204585e6,
        8.1292795940053165e6,
        8.10969290331671e6,
        8.090078545623145e6,
        8.070438095362574e6,
        8.050772727831729e6,
        8.031083269836563e6,
        8.011371620718578e6,
        7.991638006501391e6,
        7.971884900287346e6,
        7.952112078646637e6,
        7.932322186567686e6,
        7.91251544801338e6,
        7.892693858262956e6,
        7.872858259208951e6,
        7.853010150211661e6,
        7.83315083359522e6,
        7.813281470696461e6,
        7.793403662635191e6,
        7.773518394508795e6,
        7.753627400683801e6,
        7.733731655451218e6,
        7.713832830487954e6,
        7.693932138265606e6,
        7.67403102037752e6,
        7.654130869977396e6,
        7.634233065896776e6,
        7.614339010648231e6,
        7.594450190700918e6,
        7.57456784353119e6,
        7.554693736405351e6,
        7.534828764625832e6,
        7.514975151834013e6,
        7.4951334808250675e6,
        7.475305981668023e6,
        7.455493460455326e6,
        7.4356978544986e6,
        7.415920369851902e6,
        7.396162470291471e6,
        7.376425940135383e6,
        7.356711587273546e6,
        7.337021953808664e6,
        7.317357008255768e6,
        7.297720230798836e6,
        7.278111020219249e6,
        7.258532613963706e6,
        7.238985109294264e6,
        7.219470954086386e6,
        7.199991124443689e6,
        7.180547094385356e6,
        7.161140899021903e6,
        7.141772854571326e6,
        7.122446234613733e6,
        7.103160014486161e6,
        7.083918884475083e6,
        7.064720995655132e6,
        7.045570536616373e6,
        7.026466838229527e6,
        7.007412796573901e6,
        6.988409099421655e6,
        6.969457169917739e6,
        6.950559227507663e6,
        6.931715044548538e6,
        6.912928544037804e6,
        6.894197672838769e6,
        6.875528225920902e6,
        6.85691708592116e6,
        6.838369287443252e6,
        6.819883361522202e6,
        6.801462562284861e6,
        6.783107235170863e6,
        6.764818685598232e6,
        6.746599234809805e6,
        6.728448076216877e6,
        6.710369663096434e6,
        6.692360919062272e6,
        6.674428579938036e6,
        6.656568292321573e6,
        6.638785785331229e6,
        6.621078789042313e6,
        6.6034508025762e6,
        6.585901786336731e6,
        6.568432861936202e6,
        6.551046360171184e6,
        6.533740884812025e6,
        6.516521269829827e6,
        6.499383468499966e6,
        6.482334942996293e6,
        6.465370195871552e6,
        6.44849546151909e6,
        6.431707706591187e6,
        6.415010547923877e6,
        6.398403536559085e6,
        6.381887552732703e6,
        6.365464843555935e6,
        6.349133442646749e6,
        6.332898395886635e6,
        6.316754789644974e6,
        6.300710561965113e6,
        6.2847592234563995e6,
        6.268907300885721e6,
        6.253151076306157e6,
        6.237494154021518e6,
        6.221935675404127e6,
        6.206476237684281e6,
        6.191117919584657e6,
        6.175858236875397e6,
        6.160702273623193e6,
        6.145644400150567e6
      ]
    }
  },