{
  "time": 37440.000000018714,
  "initial_nodal_pressure": {
    "1": 8.400000000000002e6,
    "2": 4.854576502235557e6
  },
  "initial_pipe_pressure": {
    "1": {
      "distance": [
        0.0,
        1008.2644628099173,
        2016.5289256198346,
        3024.793388429752,
        4033.057851239669,
        5041.322314049587,
        6049.586776859504,
        7057.851239669421,
        8066.115702479338,
        9074.380165289256,
        10082.644628099173,
        11090.909090909092,
        12099.173553719009,
        13107.438016528926,
        14115.702479338843,
        15123.966942148762,
        16132.231404958677,
        17140.495867768594,
        18148.760330578512,
        19157.02479338843,
        20165.289256198346,
        21173.553719008265,
        22181.818181818184,
        23190.0826446281,
        24198.347107438018,
        25206.611570247933,
        26214.87603305785,
        27223.140495867767,
        28231.404958677685,
        29239.669421487604,
        30247.933884297523,
        31256.19834710744,
        32264.462809917353,
        33272.72727272727,
        34280.99173553719,
        35289.25619834711,
        36297.520661157025,
        37305.78512396695,
        38314.04958677686,
        39322.31404958678,
        40330.57851239669,
        41338.842975206615,
        42347.10743801653,
        43355.371900826445,
        44363.63636363637,
        45371.900826446275,
        46380.1652892562,
        47388.42975206611,
        48396.694214876035,
        49404.95867768595,
        50413.223140495866,
        51421.48760330579,
        52429.7520661157,
        53438.016528925626,
        54446.28099173553,
        55454.545454545456,
        56462.80991735537,
        57471.074380165286,
        58479.33884297521,
        59487.603305785124,
        60495.867768595046,
        61504.13223140496,
        62512.39669421488,
        63520.66115702479,
        64528.92561983471,
        65537.19008264464,
        66545.45454545454,
        67553.71900826447,
        68561.98347107437,
        69570.2479338843,
        70578.51239669422,
        71586.77685950413,
        72595.04132231405,
        73603.30578512397,
        74611.5702479339,
        75619.8347107438,
        76628.09917355372,
        77636.36363636363,
        78644.62809917355,
        79652.89256198348,
        80661.15702479339,
        81669.42148760331,
        82677.68595041323,
        83685.95041322314,
        84694.21487603306,
        85702.47933884298,
        86710.74380165289,
        87719.00826446281,
        88727.27272727274,
        89735.53719008266,
        90743.80165289255,
        91752.06611570247,
        92760.3305785124,
        93768.5950413223,
        94776.85950413223,
        95785.12396694215,
        96793.38842975207,
        97801.65289256198,
        98809.9173553719,
        99818.18181818182,
        100826.44628099173,
        101834.71074380165,
        102842.97520661158,
        103851.2396694215,
        104859.5041322314,
        105867.76859504133,
        106876.03305785125,
        107884.29752066114,
        108892.56198347107,
        109900.82644628099,
        110909.09090909091,
        111917.35537190082,
        112925.61983471074,
        113933.88429752066,
        114942.14876033057,
        115950.4132231405,
        116958.67768595042,
        117966.94214876034,
        118975.20661157025,
        119983.47107438017,
        120991.73553719009,
        122000.0
      ],
      "value": [
        8.400000000000002e6,
        8.377581866301856e6,
        8.3551053947038455e6,
        8.332566165217394e6,
        8.309966191918344e6,
        8.287302818313306e6,
        8.264576203720111e6,
        8.241785548769376e6,
        8.218929060648965e6,
        8.196007894982215e6,
        8.173018205021334e6,
        8.149963203705025e6,
        8.12683688388324e6,
        8.103643562071798e6,
        8.080378141578342e6,
        8.05704291619592e6,
        8.033634811904749e6,
        8.010153990260332e6,
        7.986599509832009e6,
        7.962969285234182e6,
        7.939264622747391e6,
        7.91548106986625e6,
        7.891622301198008e6,
        7.867681371155952e6,
        7.843663226228985e6,
        7.819561964264039e6,
        7.795380201211374e6,
        7.771114361821768e6,
        7.746764601722162e6,
        7.722329802593864e6,
        7.69780752345073e6,
        7.673199239446379e6,
        7.648499769791923e6,
        7.623713326566329e6,
        7.598831838661848e6,
        7.57386099002403e6,
        7.548793908475521e6,
        7.523633581346417e6,
        7.498375823220052e6,
        7.473020769388959e6,
        7.447567076550552e6,
        7.422011864198058e6,
        7.396356794829041e6,
        7.370595799477497e6,
        7.344733719018801e6,
        7.318761113862181e6,
        7.292684537048731e6,
        7.266495930898011e6,
        7.240198711439499e6,
        7.213787937616531e6,
        7.187263699818038e6,
        7.160624361581419e6,
        7.133866488057586e6,
        7.106991946271091e6,
        7.079993564754487e6,
        7.052876924647023e6,
        7.025630893807494e6,
        6.998263058320946e6,
        6.970763884923926e6,
        6.943137285028595e6,
        6.915377361857189e6,
        6.887484119312678e6,
        6.859455528158273e6,
        6.831287437091016e6,
        6.802981930198705e6,
        6.774530437185042e6,
        6.745939417193932e6,
        6.717195599697543e6,
        6.6883078116569165e6,
        6.659264640917945e6,
        6.630070570942618e6,
        6.600718464393745e6,
        6.5712081676230775e6,
        6.5415371077616075e6,
        6.511700179588782e6,
        6.4816996848794995e6,
        6.451525229588155e6,
        6.421184322741734e6,
        6.390660919258152e6,
        6.359965355219087e6,
        6.32908375701927e6,
        6.298021265107966e6,
        6.266769079122238e6,
        6.235326763440395e6,
        6.203690963033735e6,
        6.171855255251994e6,
        6.139822132232119e6,
        6.107578739594677e6,
        6.075133851348063e6,
        6.042467699288063e6,
        6.009592480652305e6,
        5.976490979092e6,
        5.943169076471578e6,
        5.909615650777986e6,
        5.875829758018639e6,
        5.84180686333511e6,
        5.807538639318751e6,
        5.7730276762584625e6,
        5.73825765296919e6,
        5.703238873524706e6,
        5.667946353203477e6,
        5.632394617482972e6,
        5.596561695210593e6,
        5.560454263914797e6,
        5.524057787113885e6,
        5.487370377100617e6,
        5.45038561035316e6,
        5.413092238966419e6,
        5.375492703407813e6,
        5.3375655118463775e6,
        5.299322802812229e6,
        5.260731854982226e6,
        5.221810136914391e6,
        5.182528486760085e6,
        5.142894307589065e6,
        5.102887682998234e6,
        5.062504877236434e6,
        5.021736199488255e6,
        4.980565561514632e6,
        4.93899460433147e6,
        4.89699350903706e6,
        4.854576502235557e6
      ]
    }
  },