{
  "time": 27360.0000000093,
  "initial_nodal_pressure": {
    "1": 8.400000000000002e6,
    "2": 5.724246760097815e6
  },
  "initial_pipe_pressure": {
    "1": {
      "distance": [
        0.0,
        1008.2644628099173,
        2016.5289256198346,
        3024.793388429752,
        4033.057851239669,
        5041.322314049587,
        6049.586776859504,
        7057.851239669421,
        8066.115702479338,
        9074.380165289256,
        10082.644628099173,
        11090.909090909092,
        12099.173553719009,
        13107.438016528926,
        14115.702479338843,
        15123.966942148762,
        16132.231404958677,
        17140.495867768594,
        18148.760330578512,
        19157.02479338843,
        20165.289256198346,
        21173.553719008265,
        22181.818181818184,
        23190.0826446281,
        24198.347107438018,
        25206.611570247933,
        26214.87603305785,
        27223.140495867767,
        28231.404958677685,
        29239.669421487604,
        30247.933884297523,
        31256.19834710744,
        32264.462809917353,
        33272.72727272727,
        34280.99173553719,
        35289.25619834711,
        36297.520661157025,
        37305.78512396695,
        38314.04958677686,
        39322.31404958678,
        40330.57851239669,
        41338.842975206615,
        42347.10743801653,
        43355.371900826445,
        44363.63636363637,
        45371.900826446275,
        46380.1652892562,
        47388.42975206611,
        48396.694214876035,
        49404.95867768595,
        50413.223140495866,
        51421.48760330579,
        52429.7520661157,
        53438.016528925626,
        54446.28099173553,
        55454.545454545456,
        56462.80991735537,
        57471.074380165286,
        58479.33884297521,
        59487.603305785124,
        60495.867768595046,
        61504.13223140496,
        62512.39669421488,
        63520.66115702479,
        64528.92561983471,
        65537.19008264464,
        66545.45454545454,
        67553.71900826447,
        68561.98347107437,
        69570.2479338843,
        70578.51239669422,
        71586.77685950413,
        72595.04132231405,
        73603.30578512397,
        74611.5702479339,
        75619.8347107438,
        76628.09917355372,
        77636.36363636363,
        78644.62809917355,
        79652.89256198348,
        80661.15702479339,
        81669.42148760331,
        82677.68595041323,
        83685.95041322314,
        84694.21487603306,
        85702.47933884298,
        86710.74380165289,
        87719.00826446281,
        88727.27272727274,
        89735.53719008266,
        90743.80165289255,
        91752.06611570247,
        92760.3305785124,
        93768.5950413223,
        94776.85950413223,
        95785.12396694215,
        96793.38842975207,
        97801.65289256198,
        98809.9173553719,
        99818.18181818182,
        100826.44628099173,
        101834.71074380165,
        102842.97520661158,
        103851.2396694215,
        104859.5041322314,
        105867.76859504133,
        106876.03305785125,
        107884.29752066114,
        108892.56198347107,
        109900.82644628099,
        110909.09090909091,
        111917.35537190082,
        112925.61983471074,
        113933.88429752066,
        114942.14876033057,
        115950.4132231405,
        116958.67768595042,
        117966.94214876034,
        118975.20661157025,
        119983.47107438017,
        120991.73553719009,
        122000.0
      ],
      "value": [
        8.400000000000002e6,
        8.384199111094671e6,
        8.368368458452015e6,
        8.3525049705678215e6,
        8.336608918601838e6,
        8.320678075959143e6,
        8.304711741940782e6,
        8.288708681299941e6,
        8.272667070620615e6,
        8.25658681756455e6,
        8.240464819790886e6,
        8.224302284798657e6,
        8.20809466950529e6,
        8.19184394937377e6,
        8.175546056179523e6,
        8.159201734268627e6,
        8.1428081635819515e6,
        8.126364691881516e6,
        8.109869913336963e6,
        8.09332160744964e6,
        8.076719954919047e6,
        8.060060988774507e6,
        8.043346655114175e6,
        8.026571055401712e6,
        8.009737151970919e6,
        7.992839727228573e6,
        7.975880051352539e6,
        7.958854612510798e6,
        7.941762799126617e6,
        7.92460299523684e6,
        7.907372510227838e6,
        7.890071821836032e6,
        7.872695955012119e6,
        7.855247687183409e6,
        7.837719544887251e6,
        7.820115607836936e6,
        7.80242931717783e6,
        7.784662530548469e6,
        7.766810919178522e6,
        7.748873899002477e6,
        7.730849591345365e6,
        7.71273474115987e6,
        7.694530149569998e6,
        7.676229651041614e6,
        7.657836966476649e6,
        7.639342769501751e6,
        7.620752416750266e6,
        7.6020577639206415e6,
        7.583261329536281e6,
        7.56435780674196e6,
        7.545346618393547e6,
        7.526225552769378e6,
        7.506990667205567e6,
        7.487643115130476e6,
        7.468175305425628e6,
        7.448592039805447e6,
        7.428881781830263e6,
        7.40905136250234e6,
        7.389090736661988e6,
        7.369003171775221e6,
        7.348782172029231e6,
        7.328427135127408e6,
        7.307935420417111e6,
        7.287302233670741e6,
        7.2665291111462135e6,
        7.2456067274689665e6,
        7.224541134598133e6,
        7.2033181185471285e6,
        7.181946231367469e6,
        7.1604131113532e6,
        7.138722880119245e6,
        7.116867570432926e6,
        7.094846503548575e6,
        7.072656475050303e6,
        7.050291614757016e6,
        7.027753870453581e6,
        7.005031766679889e6,
        6.9821328154494595e6,
        6.959039497632801e6,
        6.93576239716286e6,
        6.912286272573672e6,
        6.888616223228811e6,
        6.864742419624206e6,
        6.8406640210215915e6,
        6.81637706133499e6,
        6.791874275239208e6,
        6.767158040109408e6,
        6.74221415009701e6,
        6.717051837121997e6,
        6.691649404640237e6,
        6.666019863602829e6,
        6.640144300366005e6,
        6.61402893150042e6,
        6.587661500229463e6,
        6.561040853897327e6,
        6.534161957974217e6,
        6.50701567437375e6,
        6.479604796569626e6,
        6.451911539360448e6,
        6.423947174352781e6,
        6.39568455739568e6,
        6.367139633206773e6,
        6.3382886435399195e6,
        6.309139064353246e6,
        6.279675346922115e6,
        6.249895748863447e6,
        6.219793659058669e6,
        6.189357304630036e6,
        6.158589800190022e6,
        6.127468460278905e6,
        6.096006980405178e6,
        6.064170801999017e6,
        6.031979456709826e6,
        5.999402489151563e6,
        5.966448736127483e6,
        5.93309793375847e6,
        5.899347200800372e6,
        5.865187438043685e6,
        5.830602920782322e6,
        5.795596783067285e6,
        5.760139214605379e6,
        5.724246760097815e6
      ]
    }
  },