{
  "time": 69119.9999999637,
  "initial_nodal_pressure": {
    "1": 8.4e6,
    "2": 6.820185680782726e6
  },
  "initial_pipe_pressure": {
    "1": {
      "distance": [
        0.0,
        1008.2644628099173,
        2016.5289256198346,
        3024.793388429752,
        4033.057851239669,
        5041.322314049587,
        6049.586776859504,
        7057.851239669421,
        8066.115702479338,
        9074.380165289256,
        10082.644628099173,
        11090.909090909092,
        12099.173553719009,
        13107.438016528926,
        14115.702479338843,
        15123.966942148762,
        16132.231404958677,
        17140.495867768594,
        18148.760330578512,
        19157.02479338843,
        20165.289256198346,
        21173.553719008265,
        22181.818181818184,
        23190.0826446281,
        24198.347107438018,
        25206.611570247933,
        26214.87603305785,
        27223.140495867767,
        28231.404958677685,
        29239.669421487604,
        30247.933884297523,
        31256.19834710744,
        32264.462809917353,
        33272.72727272727,
        34280.99173553719,
        35289.25619834711,
        36297.520661157025,
        37305.78512396695,
        38314.04958677686,
        39322.31404958678,
        40330.57851239669,
        41338.842975206615,
        42347.10743801653,
        43355.371900826445,
        44363.63636363637,
        45371.900826446275,
        46380.1652892562,
        47388.42975206611,
        48396.694214876035,
        49404.95867768595,
        50413.223140495866,
        51421.48760330579,
        52429.7520661157,
        53438.016528925626,
        54446.28099173553,
        55454.545454545456,
        56462.80991735537,
        57471.074380165286,
        58479.33884297521,
        59487.603305785124,
        60495.867768595046,
        61504.13223140496,
        62512.39669421488,
        63520.66115702479,
        64528.92561983471,
        65537.19008264464,
        66545.45454545454,
        67553.71900826447,
        68561.98347107437,
        69570.2479338843,
        70578.51239669422,
        71586.77685950413,
        72595.04132231405,
        73603.30578512397,
        74611.5702479339,
        75619.8347107438,
        76628.09917355372,
        77636.36363636363,
        78644.62809917355,
        79652.89256198348,
        80661.15702479339,
        81669.42148760331,
        82677.68595041323,
        83685.95041322314,
        84694.21487603306,
        85702.47933884298,
        86710.74380165289,
        87719.00826446281,
        88727.27272727274,
        89735.53719008266,
        90743.80165289255,
        91752.06611570247,
        92760.3305785124,
        93768.5950413223,
        94776.85950413223,
        95785.12396694215,
        96793.38842975207,
        97801.65289256198,
        98809.9173553719,
        99818.18181818182,
        100826.44628099173,
        101834.71074380165,
        102842.97520661158,
        103851.2396694215,
        104859.5041322314,
        105867.76859504133,
        106876.03305785125,
        107884.29752066114,
        108892.56198347107,
        109900.82644628099,
        110909.09090909091,
        111917.35537190082,
        112925.61983471074,
        113933.88429752066,
        114942.14876033057,
        115950.4132231405,
        116958.67768595042,
        117966.94214876034,
        118975.20661157025,
        119983.47107438017,
        120991.73553719009,
        122000.0
      ],
      "value": [
        8.4e6,
        8.38768593989941e6,
        8.375354590184337e6,
        8.363004999000956e6,
        8.350638096038244e6,
        8.3382534782556975e6,
        8.325851538864318e6,
        8.3134324079149375e6,
        8.300995957893859e6,
        8.288542835796788e6,
        8.276072409543581e6,
        8.263585826527972e6,
        8.251081966641935e6,
        8.238562214580527e6,
        8.226025717625011e6,
        8.213473350521291e6,
        8.200904765702146e6,
        8.188320344708041e6,
        8.175720227991473e6,
        8.163104320956806e6,
        8.15047323462554e6,
        8.137826415632253e6,
        8.125164927827255e6,
        8.112487776708708e6,
        8.099796238427129e6,
        8.0870895628018705e6,
        8.074368561492436e6,
        8.061632942171708e6,
        8.048883069775863e6,
        8.036119091696832e6,
        8.023340944116992e6,
        8.01054919582084e6,
        7.997743372374519e6,
        7.984924445471013e6,
        7.972091548331033e6,
        7.959245839100449e6,
        7.946386670571019e6,
        7.9335147843615385e6,
        7.920629941332515e6,
        7.907732484898108e6,
        7.894822565333073e6,
        7.881900146227478e6,
        7.8689657485706145e6,
        7.856018974528761e6,
        7.843060697099863e6,
        7.8300901754070725e6,
        7.817108442956913e6,
        7.804114952634356e6,
        7.79111037059301e6,
        7.778094506867517e6,
        7.765067678597446e6,
        7.752030034344687e6,
        7.7389815604702905e6,
        7.725922725560335e6,
        7.712853203287098e6,
        7.699773763920076e6,
        7.68668378634364e6,
        7.673584176130128e6,
        7.660474479781635e6,
        7.647355284425204e6,
        7.634226443196321e6,
        7.62108824253306e6,
        7.607940824226671e6,
        7.594784191502738e6,
        7.581618757129265e6,
        7.568444258270399e6,
        7.555261361336623e6,
        7.542069554210093e6,
        7.528869615043164e6,
        7.515661173670489e6,
        7.502444736805516e6,
        7.489220192498371e6,
        7.475987792548307e6,
        7.462747666549905e6,
        7.449499827444904e6,
        7.436244630190601e6,
        7.422981864411926e6,
        7.409712094784858e6,
        7.396434902593887e6,
        7.383150943298988e6,
        7.36985991583875e6,
        7.356562247575584e6,
        7.343257851165449e6,
        7.329946940479254e6,
        7.316629627224147e6,
        7.303305925721169e6,
        7.289976132750142e6,
        7.276640076310051e6,
        7.263298225012257e6,
        7.249950232998083e6,
        7.236596642299016e6,
        7.223237202722556e6,
        7.209872266018234e6,
        7.196501757043927e6,
        7.183125849242187e6,
        7.169744630581181e6,
        7.156358107305961e6,
        7.142966519445071e6,
        7.129569716239912e6,
        7.116168079669937e6,
        7.102761311200991e6,
        7.089349853467487e6,
        7.075933484903533e6,
        7.062512488226805e6,
        7.049086786050042e6,
        7.035656509792137e6,
        7.0222217177624395e6,
        7.008782397630552e6,
        6.995338736014229e6,
        6.981890583264651e6,
        6.968438248063784e6,
        6.954981448706635e6,
        6.941520547366439e6,
        6.928055324893995e6,
        6.914586004501963e6,
        6.901112490126995e6,
        6.887634870551906e6,
        6.874153168507988e6,
        6.8606673416078035e6,
        6.847177528382601e6,
        6.833683557213293e6,
        6.820185680782726e6
      ]
    }
  },