{
  "time": 34560.00000001602,
  "initial_nodal_pressure": {
    "1": 8.4e6,
    "2": 4.996781506017629e6
  },
  "initial_pipe_pressure": {
    "1": {
      "distance": [
        0.0,
        1008.2644628099173,
        2016.5289256198346,
        3024.793388429752,
        4033.057851239669,
        5041.322314049587,
        6049.586776859504,
        7057.851239669421,
        8066.115702479338,
        9074.380165289256,
        10082.644628099173,
        11090.909090909092,
        12099.173553719009,
        13107.438016528926,
        14115.702479338843,
        15123.966942148762,
        16132.231404958677,
        17140.495867768594,
        18148.760330578512,
        19157.02479338843,
        20165.289256198346,
        21173.553719008265,
        22181.818181818184,
        23190.0826446281,
        24198.347107438018,
        25206.611570247933,
        26214.87603305785,
        27223.140495867767,
        28231.404958677685,
        29239.669421487604,
        30247.933884297523,
        31256.19834710744,
        32264.462809917353,
        33272.72727272727,
        34280.99173553719,
        35289.25619834711,
        36297.520661157025,
        37305.78512396695,
        38314.04958677686,
        39322.31404958678,
        40330.57851239669,
        41338.842975206615,
        42347.10743801653,
        43355.371900826445,
        44363.63636363637,
        45371.900826446275,
        46380.1652892562,
        47388.42975206611,
        48396.694214876035,
        49404.95867768595,
        50413.223140495866,
        51421.48760330579,
        52429.7520661157,
        53438.016528925626,
        54446.28099173553,
        55454.545454545456,
        56462.80991735537,
        57471.074380165286,
        58479.33884297521,
        59487.603305785124,
        60495.867768595046,
        61504.13223140496,
        62512.39669421488,
        63520.66115702479,
        64528.92561983471,
        65537.19008264464,
        66545.45454545454,
        67553.71900826447,
        68561.98347107437,
        69570.2479338843,
        70578.51239669422,
        71586.77685950413,
        72595.04132231405,
        73603.30578512397,
        74611.5702479339,
        75619.8347107438,
        76628.09917355372,
        77636.36363636363,
        78644.62809917355,
        79652.89256198348,
        80661.15702479339,
        81669.42148760331,
        82677.68595041323,
        83685.95041322314,
        84694.21487603306,
        85702.47933884298,
        86710.74380165289,
        87719.00826446281,
        88727.27272727274,
        89735.53719008266,
        90743.80165289255,
        91752.06611570247,
        92760.3305785124,
        93768.5950413223,
        94776.85950413223,
        95785.12396694215,
        96793.38842975207,
        97801.65289256198,
        98809.9173553719,
        99818.18181818182,
        100826.44628099173,
        101834.71074380165,
        102842.97520661158,
        103851.2396694215,
        104859.5041322314,
        105867.76859504133,
        106876.03305785125,
        107884.29752066114,
        108892.56198347107,
        109900.82644628099,
        110909.09090909091,
        111917.35537190082,
        112925.61983471074,
        113933.88429752066,
        114942.14876033057,
        115950.4132231405,
        116958.67768595042,
        117966.94214876034,
        118975.20661157025,
        119983.47107438017,
        120991.73553719009,
        122000.0
      ],
      "value": [
        8.4e6,
        8.378601917275342e6,
        8.357150560284031e6,
        8.335641765452487e6,
        8.31407725386119e6,
        8.29245446319062e6,
        8.270773416174886e6,
        8.249033252685773e6,
        8.227232192355672e6,
        8.20537118263206e6,
        8.183446530653119e6,
        8.161461101483703e6,
        8.1394091755151395e6,
        8.117294657508713e6,
        8.095112660291432e6,
        8.072865209803648e6,
        8.050549299535629e6,
        8.02816495919165e6,
        8.005711180878855e6,
        7.983185875272359e6,
        7.96059015644514e6,
        7.937919687591374e6,
        7.915177833776615e6,
        7.892357876302176e6,
        7.869464400032343e6,
        7.846491662284268e6,
        7.823442039698984e6,
        7.800311996678341e6,
        7.777101563307739e6,
        7.753809549795806e6,
        7.730433494673378e6,
        7.70697469935633e6,
        7.683428058769766e6,
        7.65979751800289e6,
        7.636075168855234e6,
        7.612266388808917e6,
        7.58836441279024e6,
        7.564372020738539e6,
        7.540285038484325e6,
        7.516103483928787e6,
        7.491825938403652e6,
        7.467449484821106e6,
        7.442975633063657e6,
        7.418398349104965e6,
        7.393722253424273e6,
        7.368938003518529e6,
        7.344051905790758e6,
        7.31905595641124e6,
        7.293953399341217e6,
        7.268739276963371e6,
        7.2434135727738915e6,
        7.217974572947212e6,
        7.192418791485392e6,
        7.166747966902316e6,
        7.140954922883595e6,
        7.115045070584037e6,
        7.089007309895833e6,
        7.062849044212324e6,
        7.036560742508097e6,
        7.0101461829885375e6,
        6.983599427152764e6,
        6.956920385824521e6,
        6.9301069537421325e6,
        6.903154917396355e6,
        6.876066260121992e6,
        6.848832371186477e6,
        6.821459593693306e6,
        6.793934629553611e6,
        6.7662661902643945e6,
        6.738442820532261e6,
        6.710468913383427e6,
        6.682337271027416e6,
        6.654047665737991e6,
        6.625597456028907e6,
        6.596981470650914e6,
        6.568201943422774e6,
        6.539248414465457e6,
        6.510128333922815e6,
        6.480825583782717e6,
        6.451350453872551e6,
        6.421688996976514e6,
        6.391846310741681e6,
        6.361813529333591e6,
        6.331590171027144e6,
        6.3011728310772395e6,
        6.270555031539618e6,
        6.239739237428333e6,
        6.208712525038143e6,
        6.177483669736216e6,
        6.1460328163850065e6,
        6.114372185260301e6,
        6.082484488028903e6,
        6.0503756187602775e6,
        6.018034413443049e6,
        5.985459927078353e6,
        5.952647616931342e6,
        5.919589140895564e6,
        5.886287117962477e6,
        5.852725200369407e6,
        5.8189137578912815e6,
        5.784827771926282e6,
        5.750481858111441e6,
        5.7158540434973845e6,
        5.680951087195692e6,
        5.645758495013529e6,
        5.610274459538482e6,
        5.574492640403317e6,
        5.538401880214731e6,
        5.502004736646731e6,
        5.465279835248833e6,
        5.4282394545922475e6,
        5.39085104054719e6,
        5.353132216569203e6,
        5.3150540425451575e6,
        5.276624108036138e6,
        5.237822762195909e6,
        5.198646516958994e6,
        5.159085972158044e6,
        5.119125388112418e6,
        5.078766694821714e6,
        5.037980575088832e6,
        4.996781506017629e6
      ]
    }
  },