{
  "time": 67679.9999999712,
  "initial_nodal_pressure": {
    "1": 8.400000000000002e6,
    "2": 6.771767937679907e6
  },
  "initial_pipe_pressure": {
    "1": {
      "distance": [
        0.0,
        1008.2644628099173,
        2016.5289256198346,
        3024.793388429752,
        4033.057851239669,
        5041.322314049587,
        6049.586776859504,
        7057.851239669421,
        8066.115702479338,
        9074.380165289256,
        10082.644628099173,
        11090.909090909092,
        12099.173553719009,
        13107.438016528926,
        14115.702479338843,
        15123.966942148762,
        16132.231404958677,
        17140.495867768594,
        18148.760330578512,
        19157.02479338843,
        20165.289256198346,
        21173.553719008265,
        22181.818181818184,
        23190.0826446281,
        24198.347107438018,
        25206.611570247933,
        26214.87603305785,
        27223.140495867767,
        28231.404958677685,
        29239.669421487604,
        30247.933884297523,
        31256.19834710744,
        32264.462809917353,
        33272.72727272727,
        34280.99173553719,
        35289.25619834711,
        36297.520661157025,
        37305.78512396695,
        38314.04958677686,
        39322.31404958678,
        40330.57851239669,
        41338.842975206615,
        42347.10743801653,
        43355.371900826445,
        44363.63636363637,
        45371.900826446275,
        46380.1652892562,
        47388.42975206611,
        48396.694214876035,
        49404.95867768595,
        50413.223140495866,
        51421.48760330579,
        52429.7520661157,
        53438.016528925626,
        54446.28099173553,
        55454.545454545456,
        56462.80991735537,
        57471.074380165286,
        58479.33884297521,
        59487.603305785124,
        60495.867768595046,
        61504.13223140496,
        62512.39669421488,
        63520.66115702479,
        64528.92561983471,
        65537.19008264464,
        66545.45454545454,
        67553.71900826447,
        68561.98347107437,
        69570.2479338843,
        70578.51239669422,
        71586.77685950413,
        72595.04132231405,
        73603.30578512397,
        74611.5702479339,
        75619.8347107438,
        76628.09917355372,
        77636.36363636363,
        78644.62809917355,
        79652.89256198348,
        80661.15702479339,
        81669.42148760331,
        82677.68595041323,
        83685.95041322314,
        84694.21487603306,
        85702.47933884298,
        86710.74380165289,
        87719.00826446281,
        88727.27272727274,
        89735.53719008266,
        90743.80165289255,
        91752.06611570247,
        92760.3305785124,
        93768.5950413223,
        94776.85950413223,
        95785.12396694215,
        96793.38842975207,
        97801.65289256198,
        98809.9173553719,
        99818.18181818182,
        100826.44628099173,
        101834.71074380165,
        102842.97520661158,
        103851.2396694215,
        104859.5041322314,
        105867.76859504133,
        106876.03305785125,
        107884.29752066114,
        108892.56198347107,
        109900.82644628099,
        110909.09090909091,
        111917.35537190082,
        112925.61983471074,
        113933.88429752066,
        114942.14876033057,
        115950.4132231405,
        116958.67768595042,
        117966.94214876034,
        118975.20661157025,
        119983.47107438017,
        120991.73553719009,
        122000.0
      ],
      "value": [
        8.400000000000002e6,
        8.387181095779715e6,
        8.374343511135805e6,
        8.361486277650491e6,
        8.348610455403961e6,
        8.335715672979085e6,
        8.322802412681661e6,
        8.309870875793214e6,
        8.296920991235681e6,
        8.283953508015224e6,
        8.270967826704661e6,
        8.257965218421618e6,
        8.244944581034952e6,
        8.231907426799991e6,
        8.21885294137028e6,
        8.205782100342934e6,
        8.192694618895522e6,
        8.179590961945541e6,
        8.166471347634741e6,
        8.153335756714296e6,
        8.140184883204076e6,
        8.127018250696906e6,
        8.113837001519687e6,
        8.100640229567694e6,
        8.087429279464805e6,
        8.074203497268933e6,
        8.06096376157126e6,
        8.047709874608863e6,
        8.034442276635733e6,
        8.021161197817031e6,
        8.0078666681263205e6,
        7.994559317057838e6,
        7.981238792675041e6,
        7.967906094903024e6,
        7.9545605185298035e6,
        7.941203225358964e6,
        7.92783372396683e6,
        7.914452785018742e6,
        7.901060295664571e6,
        7.887656664184471e6,
        7.874242127040259e6,
        7.860816759038111e6,
        7.847381116550207e6,
        7.83393496992381e6,
        7.820479165955239e6,
        7.807013199595955e6,
        7.793538038591239e6,
        7.780053351434336e6,
        7.766559792075047e6,
        7.753057327627742e6,
        7.7395463272963725e6,
        7.726027027327551e6,
        7.712499541158579e6,
        7.698964344772803e6,
        7.6854213246897785e6,
        7.671871167388326e6,
        7.658313561127894e6,
        7.644749273087037e6,
        7.631178123981235e6,
        7.61760064490004e6,
        7.604016875066347e6,
        7.590427137980367e6,
        7.5768316625248855e6,
        7.563230592791262e6,
        7.549624318821237e6,
        7.536012833094709e6,
        7.522396658722748e6,
        7.508775663923486e6,
        7.495150414224316e6,
        7.481520869538564e6,
        7.4678874350708695e6,
        7.454250211373757e6,
        7.440609470367419e6,
        7.426965425969488e6,
        7.413318243272353e6,
        7.399668222897503e6,
        7.386015448918314e6,
        7.372360282678486e6,
        7.358702752326898e6,
        7.345043226649208e6,
        7.33138178631907e6,
        7.317718711158739e6,
        7.304054149423137e6,
        7.29038831659578e6,
        7.276721403782172e6,
        7.263053585901078e6,
        7.2493850730626155e6,
        7.2357160224773735e6,
        7.2220466403658725e6,
        7.208377088103209e6,
        7.194707549048462e6,
        7.181038200852423e6,
        7.167369202298151e6,
        7.153700733020816e6,
        7.140032948470965e6,
        7.126366009061793e6,
        7.112700087035685e6,
        7.099035303532419e6,
        7.08537186652583e6,
        7.071709839051331e6,
        7.058049482504197e6,
        7.044390812767622e6,
        7.030734075541436e6,
        7.01707931695207e6,
        7.003426729209843e6,
        6.989776405588772e6,
        6.976128468093614e6,
        6.962483072669532e6,
        6.9488402558165565e6,
        6.935200250230889e6,
        6.921562993088283e6,
        6.907928806410032e6,
        6.894297563229176e6,
        6.880669543520464e6,
        6.867044693247658e6,
        6.853423196147976e6,
        6.839805082753627e6,
        6.826190429267578e6,
        6.81257936079768e6,
        6.798971836381687e6,
        6.785368084020309e6,
        6.771767937679907e6
      ]
    }
  },