{
  "time": 2880.0000000001614,
  "initial_nodal_pressure": {
    "1": 8.400000000000002e6,
    "2": 6.968986826287272e6
  },
  "initial_pipe_pressure": {
    "1": {
      "distance": [
        0.0,
        1008.2644628099173,
        2016.5289256198346,
        3024.793388429752,
        4033.057851239669,
        5041.322314049587,
        6049.586776859504,
        7057.851239669421,
        8066.115702479338,
        9074.380165289256,
        10082.644628099173,
        11090.909090909092,
        12099.173553719009,
        13107.438016528926,
        14115.702479338843,
        15123.966942148762,
        16132.231404958677,
        17140.495867768594,
        18148.760330578512,
        19157.02479338843,
        20165.289256198346,
        21173.553719008265,
        22181.818181818184,
        23190.0826446281,
        24198.347107438018,
        25206.611570247933,
        26214.87603305785,
        27223.140495867767,
        28231.404958677685,
        29239.669421487604,
        30247.933884297523,
        31256.19834710744,
        32264.462809917353,
        33272.72727272727,
        34280.99173553719,
        35289.25619834711,
        36297.520661157025,
        37305.78512396695,
        38314.04958677686,
        39322.31404958678,
        40330.57851239669,
        41338.842975206615,
        42347.10743801653,
        43355.371900826445,
        44363.63636363637,
        45371.900826446275,
        46380.1652892562,
        47388.42975206611,
        48396.694214876035,
        49404.95867768595,
        50413.223140495866,
        51421.48760330579,
        52429.7520661157,
        53438.016528925626,
        54446.28099173553,
        55454.545454545456,
        56462.80991735537,
        57471.074380165286,
        58479.33884297521,
        59487.603305785124,
        60495.867768595046,
        61504.13223140496,
        62512.39669421488,
        63520.66115702479,
        64528.92561983471,
        65537.19008264464,
        66545.45454545454,
        67553.71900826447,
        68561.98347107437,
        69570.2479338843,
        70578.51239669422,
        71586.77685950413,
        72595.04132231405,
        73603.30578512397,
        74611.5702479339,
        75619.8347107438,
        76628.09917355372,
        77636.36363636363,
        78644.62809917355,
        79652.89256198348,
        80661.15702479339,
        81669.42148760331,
        82677.68595041323,
        83685.95041322314,
        84694.21487603306,
        85702.47933884298,
        86710.74380165289,
        87719.00826446281,
        88727.27272727274,
        89735.53719008266,
        90743.80165289255,
        91752.06611570247,
        92760.3305785124,
        93768.5950413223,
        94776.85950413223,
        95785.12396694215,
        96793.38842975207,
        97801.65289256198,
        98809.9173553719,
        99818.18181818182,
        100826.44628099173,
        101834.71074380165,
        102842.97520661158,
        103851.2396694215,
        104859.5041322314,
        105867.76859504133,
        106876.03305785125,
        107884.29752066114,
        108892.56198347107,
        109900.82644628099,
        110909.09090909091,
        111917.35537190082,
        112925.61983471074,
        113933.88429752066,
        114942.14876033057,
        115950.4132231405,
        116958.67768595042,
        117966.94214876034,
        118975.20661157025,
        119983.47107438017,
        120991.73553719009,
        122000.0
      ],
      "value": [
        8.400000000000002e6,
        8.389247546208875e6,
        8.37848173741838e6,
        8.367701652476933e6,
        8.356907837519768e6,
        8.346099783425372e6,
        8.335277616773422e6,
        8.3244412509429585e6,
        8.313590382368145e6,
        8.302725357617444e6,
        8.291845432170436e6,
        8.280951396693575e6,
        8.270042054682235e6,
        8.259118427406296e6,
        8.248179528998252e6,
        8.23722594315398e6,
        8.226257124762766e6,
        8.215273208783638e6,
        8.204274102126004e6,
        8.193259479625805e6,
        8.182229711699855e6,
        8.171184001450017e6,
        8.160123194513092e6,
        8.149046010419627e6,
        8.137953541622571e6,
        8.126844733045964e6,
        8.115720209032689e6,
        8.1045793861417435e6,
        8.093422408631911e6,
        8.082249176773671e6,
        8.071059342538325e6,
        8.059853302214189e6,
        8.048630203050855e6,
        8.037390949892262e6,
        8.026134172599591e6,
        8.014861040168884e6,
        8.003570423695026e6,
        7.992262991325938e6,
        7.980938118876139e6,
        7.969595960837978e6,
        7.958236410657293e6,
        7.946859096127461e6,
        7.935464441473766e6,
        7.924051534509543e6,
        7.912621343625852e6,
        7.901172403135446e6,
        7.889705964072336e6,
        7.878220818934152e6,
        7.866717682904772e6,
        7.855195888552439e6,
        7.843655601545048e6,
        7.832096708292967e6,
        7.820518811038776e6,
        7.8089223640504535e6,
        7.797306391990324e6,
        7.7856719312455505e6,
        7.77401741449558e6,
        7.7623441804525945e6,
        7.750650938072338e6,
        7.738938452880538e6,
        7.727206011588028e6,
        7.7154537919807825e6,
        7.703681673184697e6,
        7.691889230440108e6,
        7.680076950200977e6,
        7.668243790100998e6,
        7.656390859090782e6,
        7.644516481878639e6,
        7.632622090656796e6,
        7.620706305674359e6,
        7.608769946183617e6,
        7.5968122502852045e6,
        7.584833408815359e6,
        7.5728332933094315e6,
        7.560811450447682e6,
        7.548768401047618e6,
        7.536703031626533e6,
        7.524616528399059e6,
        7.512507101442052e6,
        7.500376282416899e6,
        7.488222597417296e6,
        7.47604692289238e6,
        7.463848445391421e6,
        7.451627369707986e6,
        7.439383559397041e6,
        7.427116530874937e6,
        7.4148268415312385e6,
        7.40251330240093e6,
        7.390177181819994e6,
        7.377816568150948e6,
        7.365433098739861e6,
        7.353025199700808e6,
        7.340593808247676e6,
        7.328138056182911e6,
        7.3156581631200295e6,
        7.303153984123779e6,
        7.290625003441823e6,
        7.278071817272892e6,
        7.265493156430397e6,
        7.252890376422184e6,
        7.240261436250171e6,
        7.227608085446089e6,
        7.2149286438171845e6,
        7.202224113027688e6,
        7.189493566592988e6,
        7.176737239740654e6,
        7.163954978367219e6,
        7.151146232371804e6,
        7.1383116390283415e6,
        7.125449843685522e6,
        7.112562294321745e6,
        7.099646812175154e6,
        7.086705265836187e6,
        7.073735861800846e6,
        7.06073967001927e6,
        7.047715701712978e6,
        7.034664208420042e6,
        7.021585025960476e6,
        7.00847756733187e6,
        6.995342513183146e6,
        6.982178417476345e6,
        6.968986826287272e6
      ]
    }
  },