{
  "time": 73439.99999994118,
  "initial_nodal_pressure": {
    "1": 8.400000000000002e6,
    "2": 6.900275525220446e6
  },
  "initial_pipe_pressure": {
    "1": {
      "distance": [
        0.0,
        1008.2644628099173,
        2016.5289256198346,
        3024.793388429752,
        4033.057851239669,
        5041.322314049587,
        6049.586776859504,
        7057.851239669421,
        8066.115702479338,
        9074.380165289256,
        10082.644628099173,
        11090.909090909092,
        12099.173553719009,
        13107.438016528926,
        14115.702479338843,
        15123.966942148762,
        16132.231404958677,
        17140.495867768594,
        18148.760330578512,
        19157.02479338843,
        20165.289256198346,
        21173.553719008265,
        22181.818181818184,
        23190.0826446281,
        24198.347107438018,
        25206.611570247933,
        26214.87603305785,
        27223.140495867767,
        28231.404958677685,
        29239.669421487604,
        30247.933884297523,
        31256.19834710744,
        32264.462809917353,
        33272.72727272727,
        34280.99173553719,
        35289.25619834711,
        36297.520661157025,
        37305.78512396695,
        38314.04958677686,
        39322.31404958678,
        40330.57851239669,
        41338.842975206615,
        42347.10743801653,
        43355.371900826445,
        44363.63636363637,
        45371.900826446275,
        46380.1652892562,
        47388.42975206611,
        48396.694214876035,
        49404.95867768595,
        50413.223140495866,
        51421.48760330579,
        52429.7520661157,
        53438.016528925626,
        54446.28099173553,
        55454.545454545456,
        56462.80991735537,
        57471.074380165286,
        58479.33884297521,
        59487.603305785124,
        60495.867768595046,
        61504.13223140496,
        62512.39669421488,
        63520.66115702479,
        64528.92561983471,
        65537.19008264464,
        66545.45454545454,
        67553.71900826447,
        68561.98347107437,
        69570.2479338843,
        70578.51239669422,
        71586.77685950413,
        72595.04132231405,
        73603.30578512397,
        74611.5702479339,
        75619.8347107438,
        76628.09917355372,
        77636.36363636363,
        78644.62809917355,
        79652.89256198348,
        80661.15702479339,
        81669.42148760331,
        82677.68595041323,
        83685.95041322314,
        84694.21487603306,
        85702.47933884298,
        86710.74380165289,
        87719.00826446281,
        88727.27272727274,
        89735.53719008266,
        90743.80165289255,
        91752.06611570247,
        92760.3305785124,
        93768.5950413223,
        94776.85950413223,
        95785.12396694215,
        96793.38842975207,
        97801.65289256198,
        98809.9173553719,
        99818.18181818182,
        100826.44628099173,
        101834.71074380165,
        102842.97520661158,
        103851.2396694215,
        104859.5041322314,
        105867.76859504133,
        106876.03305785125,
        107884.29752066114,
        108892.56198347107,
        109900.82644628099,
        110909.09090909091,
        111917.35537190082,
        112925.61983471074,
        113933.88429752066,
        114942.14876033057,
        115950.4132231405,
        116958.67768595042,
        117966.94214876034,
        118975.20661157025,
        119983.47107438017,
        120991.73553719009,
        122000.0
      ],
      "value": [
        8.400000000000002e6,
        8.38852486251176e6,
        8.377034617952379e6,
        8.365528334526595e6,
        8.3540067319115065e6,
        8.34246935133003e6,
        8.330916440814459e6,
        8.319348013055206e6,
        8.307763845938665e6,
        8.296164422016172e6,
        8.2845490505751055e6,
        8.272918682375841e6,
        8.261272159690819e6,
        8.249610666091153e6,
        8.237933279580635e6,
        8.226240714523897e6,
        8.214532517508151e6,
        8.202808935288528e6,
        8.191069981335852e6,
        8.179315436406367e6,
        8.167545779144391e6,
        8.155760325919296e6,
        8.143960018840955e6,
        8.132143711492591e6,
        8.1203125762778735e6,
        8.108465700006777e6,
        8.096603790082614e6,
        8.084726397138569e6,
        8.07283376516094e6,
        8.060925906930826e6,
        8.049002604562112e6,
        8.037064331351544e6,
        8.02511040903227e6,
        8.013141769841853e6,
        8.001157276556837e6,
        7.989158089441359e6,
        7.977143301891888e6,
        7.96511361323316e6,
        7.953068576084551e6,
        7.94100843020321e6,
        7.928933185982424e6,
        7.916842624884537e6,
        7.904737213731958e6,
        7.892616276849988e6,
        7.880480736265896e6,
        7.868329460194066e6,
        7.856163596979125e6,
        7.843982243003764e6,
        7.831786089041207e6,
        7.819574686818433e6,
        7.807348270471388e6,
        7.795106846078665e6,
        7.782850191906037e6,
        7.770578767564275e6,
        7.758291896031e6,
        7.745990489821264e6,
        7.733673417003024e6,
        7.721341815604119e6,
        7.708994779860238e6,
        7.696632992279032e6,
        7.684255999921689e6,
        7.671864030017796e6,
        7.659457082175973e6,
        7.647034928346972e6,
        7.634598020658899e6,
        7.622145675520001e6,
        7.609678797820234e6,
        7.597196247878375e6,
        7.584699156581903e6,
        7.572186609201824e6,
        7.559659281139758e6,
        7.547116710047538e6,
        7.534559115108574e6,
        7.521986487078414e6,
        7.509398587863311e6,
        7.496795862380237e6,
        7.48417761385075e6,
        7.471544742767829e6,
        7.458896091889926e6,
        7.446232789903877e6,
        7.433553904461468e6,
        7.4208601060048295e6,
        7.408150916985708e6,
        7.395426547583907e6,
        7.382686977089526e6,
        7.369931952984127e6,
        7.35716191386184e6,
        7.344376141627924e6,
        7.331575537097619e6,
        7.318758913255276e6,
        7.305927403478134e6,
        7.29308004715019e6,
        7.280217512998528e6,
        7.267339301355402e6,
        7.254445612655169e6,
        7.241536411875156e6,
        7.228611426996326e6,
        7.215671091865876e6,
        7.202714657306622e6,
        7.189743030814534e6,
        7.176754980779016e6,
        7.163751654296907e6,
        7.150732049674225e6,
        7.137696838373145e6,
        7.124645490467254e6,
        7.111578196146745e6,
        7.098494902980729e6,
        7.085395313623466e6,
        7.072279859504864e6,
        7.059147748824348e6,
        7.045999903903615e6,
        7.032835030884612e6,
        7.019654301939954e6,
        7.006456659138403e6,
        6.99324278243839e6,
        6.980012102188677e6,
        6.966764798098973e6,
        6.953500796961985e6,
        6.940219769459225e6,
        6.926922147747596e6,
        6.913607083925086e6,
        6.900275525220446e6
      ]
    }
  },