{
  "time": 14399.999999997191,
  "initial_nodal_pressure": {
    "1": 8.400000000000002e6,
    "2": 6.950234236700853e6
  },
  "initial_pipe_pressure": {
    "1": {
      "distance": [
        0.0,
        1008.2644628099173,
        2016.5289256198346,
        3024.793388429752,
        4033.057851239669,
        5041.322314049587,
        6049.586776859504,
        7057.851239669421,
        8066.115702479338,
        9074.380165289256,
        10082.644628099173,
        11090.909090909092,
        12099.173553719009,
        13107.438016528926,
        14115.702479338843,
        15123.966942148762,
        16132.231404958677,
        17140.495867768594,
        18148.760330578512,
        19157.02479338843,
        20165.289256198346,
        21173.553719008265,
        22181.818181818184,
        23190.0826446281,
        24198.347107438018,
        25206.611570247933,
        26214.87603305785,
        27223.140495867767,
        28231.404958677685,
        29239.669421487604,
        30247.933884297523,
        31256.19834710744,
        32264.462809917353,
        33272.72727272727,
        34280.99173553719,
        35289.25619834711,
        36297.520661157025,
        37305.78512396695,
        38314.04958677686,
        39322.31404958678,
        40330.57851239669,
        41338.842975206615,
        42347.10743801653,
        43355.371900826445,
        44363.63636363637,
        45371.900826446275,
        46380.1652892562,
        47388.42975206611,
        48396.694214876035,
        49404.95867768595,
        50413.223140495866,
        51421.48760330579,
        52429.7520661157,
        53438.016528925626,
        54446.28099173553,
        55454.545454545456,
        56462.80991735537,
        57471.074380165286,
        58479.33884297521,
        59487.603305785124,
        60495.867768595046,
        61504.13223140496,
        62512.39669421488,
        63520.66115702479,
        64528.92561983471,
        65537.19008264464,
        66545.45454545454,
        67553.71900826447,
        68561.98347107437,
        69570.2479338843,
        70578.51239669422,
        71586.77685950413,
        72595.04132231405,
        73603.30578512397,
        74611.5702479339,
        75619.8347107438,
        76628.09917355372,
        77636.36363636363,
        78644.62809917355,
        79652.89256198348,
        80661.15702479339,
        81669.42148760331,
        82677.68595041323,
        83685.95041322314,
        84694.21487603306,
        85702.47933884298,
        86710.74380165289,
        87719.00826446281,
        88727.27272727274,
        89735.53719008266,
        90743.80165289255,
        91752.06611570247,
        92760.3305785124,
        93768.5950413223,
        94776.85950413223,
        95785.12396694215,
        96793.38842975207,
        97801.65289256198,
        98809.9173553719,
        99818.18181818182,
        100826.44628099173,
        101834.71074380165,
        102842.97520661158,
        103851.2396694215,
        104859.5041322314,
        105867.76859504133,
        106876.03305785125,
        107884.29752066114,
        108892.56198347107,
        109900.82644628099,
        110909.09090909091,
        111917.35537190082,
        112925.61983471074,
        113933.88429752066,
        114942.14876033057,
        115950.4132231405,
        116958.67768595042,
        117966.94214876034,
        118975.20661157025,
        119983.47107438017,
        120991.73553719009,
        122000.0
      ],
      "value": [
        8.400000000000002e6,
        8.389050182239925e6,
        8.378086542638527e6,
        8.367108157609129e6,
        8.356115619889153e6,
        8.345108434178864e6,
        8.334086759774331e6,
        8.323050536883908e6,
        8.311999484041232e6,
        8.300933984331407e6,
        8.289853308054714e6,
        8.27875828869263e6,
        8.267647740687776e6,
        8.256522728612419e6,
        8.245382284209334e6,
        8.234227026126741e6,
        8.223056434169359e6,
        8.211870673342224e6,
        8.200669679281229e6,
        8.189453155468068e6,
        8.178221501301172e6,
        8.1669739506939985e6,
        8.155711374904855e6,
        8.144432530065203e6,
        8.133138529701164e6,
        8.121828357354226e6,
        8.110502659469045e6,
        8.099160888929603e6,
        8.087803216780763e6,
        8.076429573621222e6,
        8.065039646600207e6,
        8.053633852582188e6,
        8.042211386143024e6,
        8.030773159147271e6,
        8.019317864733141e6,
        8.007846669092579e6,
        7.996358503655587e6,
        7.984854044723144e6,
        7.973332716005465e6,
        7.961794694932549e6,
        7.950239906532963e6,
        7.9386680201891875e6,
        7.927079471484257e6,
        7.915473412374998e6,
        7.903850798438171e6,
        7.8922102546199225e6,
        7.880553003861273e6,
        7.868877921131861e6,
        7.857185714845952e6,
        7.845475777022093e6,
        7.833748291834091e6,
        7.822003178125827e6,
        7.810240085898518e6,
        7.798459470817882e6,
        7.786660438556067e6,
        7.77484399182324e6,
        7.7630086815754445e6,
        7.751155792010734e6,
        7.739284136779749e6,
        7.727394458890848e6,
        7.715486115843364e6,
        7.703559298925312e6,
        7.69161392008312e6,
        7.679649608109901e6,
        7.667666840243458e6,
        7.655664671756538e6,
        7.64364415627543e6,
        7.631603764269009e6,
        7.619544846188895e6,
        7.607466148912198e6,
        7.595368452777942e6,
        7.583251077574524e6,
        7.571114222083811e6,
        7.558957790523405e6,
        7.546781388399723e6,
        7.53458551615343e6,
        7.522369174015292e6,
        7.5101334707270125e6,
        7.497876788953205e6,
        7.485600550960716e6,
        7.4733034306979515e6,
        7.460986248864811e6,
        7.448648283916332e6,
        7.436289742513434e6,
        7.4239105201693745e6,
        7.411510196725235e6,
        7.399089297615351e6,
        7.386646762761752e6,
        7.374183760703622e6,
        7.361698578016368e6,
        7.3491927150011165e6,
        7.336664765693539e6,
        7.324115594523564e6,
        7.3115444344778545e6,
        7.298951500481751e6,
        7.2863366781925885e6,
        7.273699519047517e6,
        7.261040575447285e6,
        7.248358720995662e6,
        7.2356551892740475e6,
        7.22292816133418e6,
        7.2101792224995345e6,
        7.197406878922489e6,
        7.18461204252523e6,
        7.171793896077119e6,
        7.15895266314568e6,
        7.146088218164353e6,
        7.133200080993112e6,
        7.120288833179343e6,
        7.107353275109422e6,
        7.094394711311065e6,
        7.081411206503722e6,
        7.068404438926255e6,
        7.055372817694938e6,
        7.04231730644485e6,
        7.029237032238779e6,
        7.016132227645398e6,
        7.003002754238462e6,
        6.989848096598973e6,
        6.976668867838506e6,
        6.963463787154082e6,
        6.950234236700853e6
      ]
    }
  },