{
  "time": 8639.999999999794,
  "initial_nodal_pressure": {
    "1": 8.4e6,
    "2": 6.9541513075234145e6
  },
  "initial_pipe_pressure": {
    "1": {
      "distance": [
        0.0,
        1008.2644628099173,
        2016.5289256198346,
        3024.793388429752,
        4033.057851239669,
        5041.322314049587,
        6049.586776859504,
        7057.851239669421,
        8066.115702479338,
        9074.380165289256,
        10082.644628099173,
        11090.909090909092,
        12099.173553719009,
        13107.438016528926,
        14115.702479338843,
        15123.966942148762,
        16132.231404958677,
        17140.495867768594,
        18148.760330578512,
        19157.02479338843,
        20165.289256198346,
        21173.553719008265,
        22181.818181818184,
        23190.0826446281,
        24198.347107438018,
        25206.611570247933,
        26214.87603305785,
        27223.140495867767,
        28231.404958677685,
        29239.669421487604,
        30247.933884297523,
        31256.19834710744,
        32264.462809917353,
        33272.72727272727,
        34280.99173553719,
        35289.25619834711,
        36297.520661157025,
        37305.78512396695,
        38314.04958677686,
        39322.31404958678,
        40330.57851239669,
        41338.842975206615,
        42347.10743801653,
        43355.371900826445,
        44363.63636363637,
        45371.900826446275,
        46380.1652892562,
        47388.42975206611,
        48396.694214876035,
        49404.95867768595,
        50413.223140495866,
        51421.48760330579,
        52429.7520661157,
        53438.016528925626,
        54446.28099173553,
        55454.545454545456,
        56462.80991735537,
        57471.074380165286,
        58479.33884297521,
        59487.603305785124,
        60495.867768595046,
        61504.13223140496,
        62512.39669421488,
        63520.66115702479,
        64528.92561983471,
        65537.19008264464,
        66545.45454545454,
        67553.71900826447,
        68561.98347107437,
        69570.2479338843,
        70578.51239669422,
        71586.77685950413,
        72595.04132231405,
        73603.30578512397,
        74611.5702479339,
        75619.8347107438,
        76628.09917355372,
        77636.36363636363,
        78644.62809917355,
        79652.89256198348,
        80661.15702479339,
        81669.42148760331,
        82677.68595041323,
        83685.95041322314,
        84694.21487603306,
        85702.47933884298,
        86710.74380165289,
        87719.00826446281,
        88727.27272727274,
        89735.53719008266,
        90743.80165289255,
        91752.06611570247,
        92760.3305785124,
        93768.5950413223,
        94776.85950413223,
        95785.12396694215,
        96793.38842975207,
        97801.65289256198,
        98809.9173553719,
        99818.18181818182,
        100826.44628099173,
        101834.71074380165,
        102842.97520661158,
        103851.2396694215,
        104859.5041322314,
        105867.76859504133,
        106876.03305785125,
        107884.29752066114,
        108892.56198347107,
        109900.82644628099,
        110909.09090909091,
        111917.35537190082,
        112925.61983471074,
        113933.88429752066,
        114942.14876033057,
        115950.4132231405,
        116958.67768595042,
        117966.94214876034,
        118975.20661157025,
        119983.47107438017,
        120991.73553719009,
        122000.0
      ],
      "value": [
        8.4e6,
        8.3890914250609e6,
        8.37816912653703e6,
        8.367232181354677e6,
        8.356281172442758e6,
        8.3453156015919065e6,
        8.334335621211382e6,
        8.323341165861432e6,
        8.312331949422717e6,
        8.301308347292944e6,
        8.290269626650676e6,
        8.279216611964465e6,
        8.2681481153697185e6,
        8.257065192323576e6,
        8.245966870859191e6,
        8.234853762267064e6,
        8.223725341105449e6,
        8.212581766054203e6,
        8.20142296670177e6,
        8.190248640499387e6,
        8.179059180745865e6,
        8.1678538148684725e6,
        8.156633408734924e6,
        8.145396710772497e6,
        8.134144830075532e6,
        8.122876742058879e6,
        8.111593088519557e6,
        8.100293314699899e6,
        8.088977586012306e6,
        8.077645826678312e6,
        8.066297716450391e6,
        8.054933667870177e6,
        8.043552865562984e6,
        8.032156219924479e6,
        8.020742410789883e6,
        8.009312604950657e6,
        7.997865721156472e6,
        7.986402434004697e6,
        7.974922157145264e6,
        7.963425063197753e6,
        7.951911070564009e6,
        7.940379839897867e6,
        7.928831804410197e6,
        7.917266102592541e6,
        7.905683692731807e6,
        7.89408318074755e6,
        7.8824657955029365e6,
        7.870830394661742e6,
        7.85917768808188e6,
        7.847507055317749e6,
        7.835818676680535e6,
        7.824112464228375e6,
        7.812388057961273e6,
        7.800645913278576e6,
        7.788885118876548e6,
        7.7771066845627595e6,
        7.765309136503791e6,
        7.753493770368364e6,
        7.741659377875423e6,
        7.72980670679134e6,
        7.717935099803695e6,
        7.706044745405893e6,
        7.694135548700337e6,
        7.682207127291902e6,
        7.670259960390587e6,
        7.658293082846167e6,
        7.646307559921567e6,
        7.634301831587707e6,
        7.622277265467133e6,
        7.610232581957049e6,
        7.598168569594478e6,
        7.586084531109167e6,
        7.573980663669029e6,
        7.561856864699856e6,
        7.549712727445945e6,
        7.537548756665307e6,
        7.525363928846083e6,
        7.513159368994549e6,
        7.500933423724688e6,
        7.488687538243438e6,
        7.476420355632592e6,
        7.464132708308835e6,
        7.451823855569544e6,
        7.4394940037452625e6,
        7.427143041729379e6,
        7.414770536168657e6,
        7.40237701923672e6,
        7.389961403988615e6,
        7.37752487987481e6,
        7.365065692131596e6,
        7.352585369747153e6,
        7.340082471754757e6,
        7.32755787784659e6,
        7.315010799950004e6,
        7.302441454034555e6,
        7.28984971943789e6,
        7.277235133641618e6,
        7.264598258250941e6,
        7.251937937145207e6,
        7.239255429405909e6,
        7.226548869836133e6,
        7.213819878072213e6,
        7.201066921473316e6,
        7.1882909307389995e6,
        7.175491065926336e6,
        7.16266755309851e6,
        7.149820260805252e6,
        7.136948694390408e6,
        7.124053447077173e6,
        7.1111332870113375e6,
        7.098189548668958e6,
        7.085220246110368e6,
        7.072227097285555e6,
        7.05920846916973e6,
        7.046165347598347e6,
        7.03309683557022e6,
        7.020003169661502e6,
        7.006884206140518e6,
        6.993739414741863e6,
        6.980569422689896e6,
        6.96737291484277e6,
        6.9541513075234145e6
      ]
    }
  },