{
  "time": 7200.000000000662,
  "initial_nodal_pressure": {
    "1": 8.4e6,
    "2": 6.956251470056655e6
  },
  "initial_pipe_pressure": {
    "1": {
      "distance": [
        0.0,
        1008.2644628099173,
        2016.5289256198346,
        3024.793388429752,
        4033.057851239669,
        5041.322314049587,
        6049.586776859504,
        7057.851239669421,
        8066.115702479338,
        9074.380165289256,
        10082.644628099173,
        11090.909090909092,
        12099.173553719009,
        13107.438016528926,
        14115.702479338843,
        15123.966942148762,
        16132.231404958677,
        17140.495867768594,
        18148.760330578512,
        19157.02479338843,
        20165.289256198346,
        21173.553719008265,
        22181.818181818184,
        23190.0826446281,
        24198.347107438018,
        25206.611570247933,
        26214.87603305785,
        27223.140495867767,
        28231.404958677685,
        29239.669421487604,
        30247.933884297523,
        31256.19834710744,
        32264.462809917353,
        33272.72727272727,
        34280.99173553719,
        35289.25619834711,
        36297.520661157025,
        37305.78512396695,
        38314.04958677686,
        39322.31404958678,
        40330.57851239669,
        41338.842975206615,
        42347.10743801653,
        43355.371900826445,
        44363.63636363637,
        45371.900826446275,
        46380.1652892562,
        47388.42975206611,
        48396.694214876035,
        49404.95867768595,
        50413.223140495866,
        51421.48760330579,
        52429.7520661157,
        53438.016528925626,
        54446.28099173553,
        55454.545454545456,
        56462.80991735537,
        57471.074380165286,
        58479.33884297521,
        59487.603305785124,
        60495.867768595046,
        61504.13223140496,
        62512.39669421488,
        63520.66115702479,
        64528.92561983471,
        65537.19008264464,
        66545.45454545454,
        67553.71900826447,
        68561.98347107437,
        69570.2479338843,
        70578.51239669422,
        71586.77685950413,
        72595.04132231405,
        73603.30578512397,
        74611.5702479339,
        75619.8347107438,
        76628.09917355372,
        77636.36363636363,
        78644.62809917355,
        79652.89256198348,
        80661.15702479339,
        81669.42148760331,
        82677.68595041323,
        83685.95041322314,
        84694.21487603306,
        85702.47933884298,
        86710.74380165289,
        87719.00826446281,
        88727.27272727274,
        89735.53719008266,
        90743.80165289255,
        91752.06611570247,
        92760.3305785124,
        93768.5950413223,
        94776.85950413223,
        95785.12396694215,
        96793.38842975207,
        97801.65289256198,
        98809.9173553719,
        99818.18181818182,
        100826.44628099173,
        101834.71074380165,
        102842.97520661158,
        103851.2396694215,
        104859.5041322314,
        105867.76859504133,
        106876.03305785125,
        107884.29752066114,
        108892.56198347107,
        109900.82644628099,
        110909.09090909091,
        111917.35537190082,
        112925.61983471074,
        113933.88429752066,
        114942.14876033057,
        115950.4132231405,
        116958.67768595042,
        117966.94214876034,
        118975.20661157025,
        119983.47107438017,
        120991.73553719009,
        122000.0
      ],
      "value": [
        8.4e6,
        8.389113540625786e6,
        8.378213410196274e6,
        8.367298685905202e6,
        8.356369945431574e6,
        8.345426689003564e6,
        8.334469065342572e6,
        8.3234970059829615e6,
        8.31251022231105e6,
        8.3015090856098365e6,
        8.290492861380655e6,
        8.279462369270847e6,
        8.268416420171756e6,
        8.257356064666389e6,
        8.246280328794519e6,
        8.235189819910724e6,
        8.2240840097600715e6,
        8.212963053636476e6,
        8.201826877889602e6,
        8.190675176739453e6,
        8.179508340221449e6,
        8.168325592284477e6,
        8.157127795915887e6,
        8.145913695409156e6,
        8.134684397493419e6,
        8.123438873225199e6,
        8.112177761917512e6,
        8.100900504717352e6,
        8.089607264022587e6,
        8.078297960639792e6,
        8.066972270358862e6,
        8.055630603409825e6,
        8.044272139084654e6,
        8.032897786998892e6,
        8.021506219855902e6,
        8.010098604776243e6,
        7.998673853712721e6,
        7.987232640355183e6,
        7.975774372962892e6,
        7.9642992215808835e6,
        7.95280710106214e6,
        7.941297667384385e6,
        7.9297713524910975e6,
        7.918227287657798e6,
        7.906666432628753e6,
        7.895087383125909e6,
        7.883491371191369e6,
        7.871877245214142e6,
        7.860245715829397e6,
        7.848596155912607e6,
        7.836928743707135e6,
        7.825243387636146e6,
        7.8135397223409e6,
        7.801818203080197e6,
        7.790077909452712e6,
        7.778319855072261e6,
        7.766542552819473e6,
        7.754747304512991e6,
        7.742932890117499e6,
        7.73110005995078e6,
        7.719248148762221e6,
        7.707377343548042e6,
        7.695487545742815e6,
        7.68357836695494e6,
        7.671650287451615e6,
        7.659702331136047e6,
        7.647735569508021e6,
        7.635748426191354e6,
        7.623742278011438e6,
        7.611715831171502e6,
        7.599669878601642e6,
        7.587603713886895e6,
        7.57551753332864e6,
        7.563411230710547e6,
        7.551284392702365e6,
        7.539137526374281e6,
        7.526969595485458e6,
        7.514781733758119e6,
        7.502572268479001e6,
        7.490342657149091e6,
        7.478091526300973e6,
        7.465819714628959e6,
        7.453526471157111e6,
        7.44121200203517e6,
        7.428876192603809e6,
        7.416518602432243e6,
        7.404139767302777e6,
        7.3917385858621e6,
        7.379316258767079e6,
        7.366871009085582e6,
        7.354404381181107e6,
        7.341914915314776e6,
        7.329403499356353e6,
        7.316869333935828e6,
        7.304312635576689e6,
        7.291733280221764e6,
        7.2791307978630485e6,
        7.2665057550349515e6,
        7.253856979670436e6,
        7.24118574451872e6,
        7.228490159573838e6,
        7.215771862866169e6,
        7.203029300942627e6,
        7.1902634145655595e6,
        7.17747335160293e6,
        7.164659339448326e6,
        7.151821243487454e6,
        7.138958561269645e6,
        7.126071892272233e6,
        7.11315998733828e6,
        7.100224196999706e6,
        7.087262508132476e6,
        7.074276659980085e6,
        7.061264996901295e6,
        7.048228516631862e6,
        7.035166309250756e6,
        7.022078613474239e6,
        7.008965282714112e6,
        6.995825778729082e6,
        6.982660736305558e6,
        6.969468821865903e6,
        6.956251470056655e6
      ]
    }
  },