{
  "time": 83519.99999988866,
  "initial_nodal_pressure": {
    "1": 8.400000000000002e6,
    "2": 6.944003029239347e6
  },
  "initial_pipe_pressure": {
    "1": {
      "distance": [
        0.0,
        1008.2644628099173,
        2016.5289256198346,
        3024.793388429752,
        4033.057851239669,
        5041.322314049587,
        6049.586776859504,
        7057.851239669421,
        8066.115702479338,
        9074.380165289256,
        10082.644628099173,
        11090.909090909092,
        12099.173553719009,
        13107.438016528926,
        14115.702479338843,
        15123.966942148762,
        16132.231404958677,
        17140.495867768594,
        18148.760330578512,
        19157.02479338843,
        20165.289256198346,
        21173.553719008265,
        22181.818181818184,
        23190.0826446281,
        24198.347107438018,
        25206.611570247933,
        26214.87603305785,
        27223.140495867767,
        28231.404958677685,
        29239.669421487604,
        30247.933884297523,
        31256.19834710744,
        32264.462809917353,
        33272.72727272727,
        34280.99173553719,
        35289.25619834711,
        36297.520661157025,
        37305.78512396695,
        38314.04958677686,
        39322.31404958678,
        40330.57851239669,
        41338.842975206615,
        42347.10743801653,
        43355.371900826445,
        44363.63636363637,
        45371.900826446275,
        46380.1652892562,
        47388.42975206611,
        48396.694214876035,
        49404.95867768595,
        50413.223140495866,
        51421.48760330579,
        52429.7520661157,
        53438.016528925626,
        54446.28099173553,
        55454.545454545456,
        56462.80991735537,
        57471.074380165286,
        58479.33884297521,
        59487.603305785124,
        60495.867768595046,
        61504.13223140496,
        62512.39669421488,
        63520.66115702479,
        64528.92561983471,
        65537.19008264464,
        66545.45454545454,
        67553.71900826447,
        68561.98347107437,
        69570.2479338843,
        70578.51239669422,
        71586.77685950413,
        72595.04132231405,
        73603.30578512397,
        74611.5702479339,
        75619.8347107438,
        76628.09917355372,
        77636.36363636363,
        78644.62809917355,
        79652.89256198348,
        80661.15702479339,
        81669.42148760331,
        82677.68595041323,
        83685.95041322314,
        84694.21487603306,
        85702.47933884298,
        86710.74380165289,
        87719.00826446281,
        88727.27272727274,
        89735.53719008266,
        90743.80165289255,
        91752.06611570247,
        92760.3305785124,
        93768.5950413223,
        94776.85950413223,
        95785.12396694215,
        96793.38842975207,
        97801.65289256198,
        98809.9173553719,
        99818.18181818182,
        100826.44628099173,
        101834.71074380165,
        102842.97520661158,
        103851.2396694215,
        104859.5041322314,
        105867.76859504133,
        106876.03305785125,
        107884.29752066114,
        108892.56198347107,
        109900.82644628099,
        110909.09090909091,
        111917.35537190082,
        112925.61983471074,
        113933.88429752066,
        114942.14876033057,
        115950.4132231405,
        116958.67768595042,
        117966.94214876034,
        118975.20661157025,
        119983.47107438017,
        120991.73553719009,
        122000.0
      ],
      "value": [
        8.400000000000002e6,
        8.388984589087829e6,
        8.377955199272873e6,
        8.366910906114297e6,
        8.35585231799721e6,
        8.344778944237833e6,
        8.333690955109989e6,
        8.322588299818579e6,
        8.311470704300544e6,
        8.300338563904377e6,
        8.289191153878297e6,
        8.278029322096825e6,
        8.266851886637076e6,
        8.255659926636507e6,
        8.244452479716041e6,
        8.233230176273169e6,
        8.221992504457003e6,
        8.210739639360775e6,
        8.19947152625821e6,
        8.1881878782339925e6,
        8.176889104424324e6,
        8.165574449056286e6,
        8.154244792012674e6,
        8.142898901664164e6,
        8.131537898641587e6,
        8.120160779407508e6,
        8.1087681978394035e6,
        8.097359618985818e6,
        8.085935222878076e6,
        8.074494950280332e6,
        8.063038500124405e6,
        8.051566296181915e6,
        8.040077548865699e6,
        8.028573172414534e6,
        8.017051881131028e6,
        8.005514840292225e6,
        7.993961001507892e6,
        7.982391043818741e6,
        7.970804406954311e6,
        7.959201276019877e6,
        7.947581586606087e6,
        7.935945021999464e6,
        7.924292021579178e6,
        7.912621758739157e6,
        7.900935184767035e6,
        7.889230954893165e6,
        7.877510282657347e6,
        7.865772070577702e6,
        7.854017024788639e6,
        7.842244557155073e6,
        7.83045485801133e6,
        7.818647857012166e6,
        7.806823220085767e6,
        7.794981403333312e6,
        7.7831215394520825e6,
        7.771244619867199e6,
        7.759349234994061e6,
        7.747436650783506e6,
        7.735505715796945e6,
        7.723557165476194e6,
        7.711590380898858e6,
        7.699605557804691e6,
        7.687602619035803e6,
        7.675581211194222e6,
        7.663541808379942e6,
        7.651483498370563e6,
        7.639407316270963e6,
        7.627311781087867e6,
        7.615198215941437e6,
        7.603065409849254e6,
        7.590914130098109e6,
        7.5787437236199295e6,
        7.566554391758472e6,
        7.554346049532693e6,
        7.542118321954978e6,
        7.529871702585486e6,
        7.517605229428468e6,
        7.5053199853307875e6,
        7.493014410313308e6,
        7.480689890124011e6,
        7.46834514781393e6,
        7.455980985422818e6,
        7.443596711872553e6,
        7.431192534331745e6,
        7.418768358827726e6,
        7.406323786174599e6,
        7.393859331063404e6,
        7.381373976138639e6,
        7.368868856648307e6,
        7.356342324908733e6,
        7.343795835559652e6,
        7.331228038291312e6,
        7.318639773228444e6,
        7.306030306827585e6,
        7.293399852323763e6,
        7.280748305395795e6,
        7.268075239645314e6,
        7.255381192802019e6,
        7.242665085708267e6,
        7.229928111359164e6,
        7.217168524316032e6,
        7.204387855303257e6,
        7.191584672120567e6,
        7.178759856795516e6,
        7.16591262816973e6,
        7.153043205802781e6,
        7.1401514734412e6,
        7.127236973979637e6,
        7.114300270362468e6,
        7.10134021418116e6,
        7.088358062316376e6,
        7.075351959960795e6,
        7.06232352219187e6,
        7.049271225052997e6,
        7.03619599685067e6,
        7.023097002839939e6,
        7.009974469172194e6,
        6.996828265801696e6,
        6.983657900847921e6,
        6.970463964949195e6,
        6.957245231805349e6,
        6.944003029239347e6
      ]
    }
  },