{
  "time": 47520.00000002813,
  "initial_nodal_pressure": {
    "1": 8.400000000000002e6,
    "2": 4.619755940041704e6
  },
  "initial_pipe_pressure": {
    "1": {
      "distance": [
        0.0,
        1008.2644628099173,
        2016.5289256198346,
        3024.793388429752,
        4033.057851239669,
        5041.322314049587,
        6049.586776859504,
        7057.851239669421,
        8066.115702479338,
        9074.380165289256,
        10082.644628099173,
        11090.909090909092,
        12099.173553719009,
        13107.438016528926,
        14115.702479338843,
        15123.966942148762,
        16132.231404958677,
        17140.495867768594,
        18148.760330578512,
        19157.02479338843,
        20165.289256198346,
        21173.553719008265,
        22181.818181818184,
        23190.0826446281,
        24198.347107438018,
        25206.611570247933,
        26214.87603305785,
        27223.140495867767,
        28231.404958677685,
        29239.669421487604,
        30247.933884297523,
        31256.19834710744,
        32264.462809917353,
        33272.72727272727,
        34280.99173553719,
        35289.25619834711,
        36297.520661157025,
        37305.78512396695,
        38314.04958677686,
        39322.31404958678,
        40330.57851239669,
        41338.842975206615,
        42347.10743801653,
        43355.371900826445,
        44363.63636363637,
        45371.900826446275,
        46380.1652892562,
        47388.42975206611,
        48396.694214876035,
        49404.95867768595,
        50413.223140495866,
        51421.48760330579,
        52429.7520661157,
        53438.016528925626,
        54446.28099173553,
        55454.545454545456,
        56462.80991735537,
        57471.074380165286,
        58479.33884297521,
        59487.603305785124,
        60495.867768595046,
        61504.13223140496,
        62512.39669421488,
        63520.66115702479,
        64528.92561983471,
        65537.19008264464,
        66545.45454545454,
        67553.71900826447,
        68561.98347107437,
        69570.2479338843,
        70578.51239669422,
        71586.77685950413,
        72595.04132231405,
        73603.30578512397,
        74611.5702479339,
        75619.8347107438,
        76628.09917355372,
        77636.36363636363,
        78644.62809917355,
        79652.89256198348,
        80661.15702479339,
        81669.42148760331,
        82677.68595041323,
        83685.95041322314,
        84694.21487603306,
        85702.47933884298,
        86710.74380165289,
        87719.00826446281,
        88727.27272727274,
        89735.53719008266,
        90743.80165289255,
        91752.06611570247,
        92760.3305785124,
        93768.5950413223,
        94776.85950413223,
        95785.12396694215,
        96793.38842975207,
        97801.65289256198,
        98809.9173553719,
        99818.18181818182,
        100826.44628099173,
        101834.71074380165,
        102842.97520661158,
        103851.2396694215,
        104859.5041322314,
        105867.76859504133,
        106876.03305785125,
        107884.29752066114,
        108892.56198347107,
        109900.82644628099,
        110909.09090909091,
        111917.35537190082,
        112925.61983471074,
        113933.88429752066,
        114942.14876033057,
        115950.4132231405,
        116958.67768595042,
        117966.94214876034,
        118975.20661157025,
        119983.47107438017,
        120991.73553719009,
        122000.0
      ],
      "value": [
        8.400000000000002e6,
        8.375961784012135e6,
        8.3518566869531665e6,
        8.327679836257249e6,
        8.30343372196522e6,
        8.279115507671354e6,
        8.25472556441378e6,
        8.230263175652456e6,
        8.205726506085407e6,
        8.18111704665341e6,
        8.156430664264768e6,
        8.131671149086964e6,
        8.106831974441489e6,
        8.08191814693202e6,
        8.056924182608183e6,
        8.031852818079244e6,
        8.006700837121202e6,
        7.98146860767956e6,
        7.956155280093099e6,
        7.930758750078341e6,
        7.905280638283271e6,
        7.879716259436079e6,
        7.854069813450224e6,
        7.82833391979097e6,
        7.802514146639169e6,
        7.776604274521879e6,
        7.750607323445644e6,
        7.724519615166712e6,
        7.698341503560015e6,
        7.6720719695471e6,
        7.645708576642316e6,
        7.619253089145847e6,
        7.592700149296218e6,
        7.56605443567861e6,
        7.539307531205242e6,
        7.512465665035692e6,
        7.485521720364024e6,
        7.458479044185445e6,
        7.43133338733124e6,
        7.404085071756364e6,
        7.376732858423546e6,
        7.349273893165736e6,
        7.32171009776196e6,
        7.29403528204359e6,
        7.266254688073179e6,
        7.238358620357901e6,
        7.210354093378307e6,
        7.1822328771280525e6,
        7.153998697211779e6,
        7.125646585601834e6,
        7.097176803218492e6,
        7.068587818757966e6,
        7.039876241642957e6,
        7.011044162981356e6,
        6.982084342008134e6,
        6.953002689741428e6,
        6.923787903703245e6,
        6.894447941584778e6,
        6.864973164281458e6,
        6.835367736767439e6,
        6.805625765245363e6,
        6.7757474014612455e6,
        6.745730715072479e6,
        6.715571608890317e6,
        6.685272349203507e6,
        6.654824337652448e6,
        6.624234286682581e6,
        6.593488826518672e6,
        6.562597061752531e6,
        6.531547525340292e6,
        6.500344891701821e6,
        6.468982041645445e6,
        6.437458936258288e6,
        6.405773082453428e6,
        6.37391942309146e6,
        6.341900390772644e6,
        6.309705581369862e6,
        6.277342676176191e6,
        6.2447955690538185e6,
        6.212074778480959e6,
        6.17916639318641e6,
        6.146075673498323e6,
        6.112793822340428e6,
        6.079320467435094e6,
        6.045652290256959e6,
        6.011782879009194e6,
        5.977714789567889e6,
        5.9434351276337e6,
        5.908952754326307e6,
        5.874247809679783e6,
        5.839332580865517e6,
        5.8041897612277595e6,
        5.768825267667362e6,
        5.733227905458464e6,
        5.697396707072471e6,
        5.661327082531056e6,
        5.6250106145127425e6,
        5.588449859427254e6,
        5.551628327026523e6,
        5.514556316802121e6,
        5.477208577063805e6,
        5.439599637871873e6,
        5.40170723777482e6,
        5.363537975365304e6,
        5.325077035262602e6,
        5.286322342664429e6,
        5.247267222408976e6,
        5.207900097570882e6,
        5.168223207812471e6,
        5.12821454544117e6,
        5.087886132052736e6,
        5.047204485042235e6,
        5.006186997704124e6,
        4.964803686690851e6,
        4.92306168498462e6,
        4.880940289916756e6,
        4.83843522754371e6,
        4.795536104947984e6,
        4.7522259321877165e6,
        4.708505798564684e6,
        4.664344496750234e6,
        4.619755940041704e6
      ]
    }
  },