{
  "time": 82079.99999989616,
  "initial_nodal_pressure": {
    "1": 8.4e6,
    "2": 6.942111654763122e6
  },
  "initial_pipe_pressure": {
    "1": {
      "distance": [
        0.0,
        1008.2644628099173,
        2016.5289256198346,
        3024.793388429752,
        4033.057851239669,
        5041.322314049587,
        6049.586776859504,
        7057.851239669421,
        8066.115702479338,
        9074.380165289256,
        10082.644628099173,
        11090.909090909092,
        12099.173553719009,
        13107.438016528926,
        14115.702479338843,
        15123.966942148762,
        16132.231404958677,
        17140.495867768594,
        18148.760330578512,
        19157.02479338843,
        20165.289256198346,
        21173.553719008265,
        22181.818181818184,
        23190.0826446281,
        24198.347107438018,
        25206.611570247933,
        26214.87603305785,
        27223.140495867767,
        28231.404958677685,
        29239.669421487604,
        30247.933884297523,
        31256.19834710744,
        32264.462809917353,
        33272.72727272727,
        34280.99173553719,
        35289.25619834711,
        36297.520661157025,
        37305.78512396695,
        38314.04958677686,
        39322.31404958678,
        40330.57851239669,
        41338.842975206615,
        42347.10743801653,
        43355.371900826445,
        44363.63636363637,
        45371.900826446275,
        46380.1652892562,
        47388.42975206611,
        48396.694214876035,
        49404.95867768595,
        50413.223140495866,
        51421.48760330579,
        52429.7520661157,
        53438.016528925626,
        54446.28099173553,
        55454.545454545456,
        56462.80991735537,
        57471.074380165286,
        58479.33884297521,
        59487.603305785124,
        60495.867768595046,
        61504.13223140496,
        62512.39669421488,
        63520.66115702479,
        64528.92561983471,
        65537.19008264464,
        66545.45454545454,
        67553.71900826447,
        68561.98347107437,
        69570.2479338843,
        70578.51239669422,
        71586.77685950413,
        72595.04132231405,
        73603.30578512397,
        74611.5702479339,
        75619.8347107438,
        76628.09917355372,
        77636.36363636363,
        78644.62809917355,
        79652.89256198348,
        80661.15702479339,
        81669.42148760331,
        82677.68595041323,
        83685.95041322314,
        84694.21487603306,
        85702.47933884298,
        86710.74380165289,
        87719.00826446281,
        88727.27272727274,
        89735.53719008266,
        90743.80165289255,
        91752.06611570247,
        92760.3305785124,
        93768.5950413223,
        94776.85950413223,
        95785.12396694215,
        96793.38842975207,
        97801.65289256198,
        98809.9173553719,
        99818.18181818182,
        100826.44628099173,
        101834.71074380165,
        102842.97520661158,
        103851.2396694215,
        104859.5041322314,
        105867.76859504133,
        106876.03305785125,
        107884.29752066114,
        108892.56198347107,
        109900.82644628099,
        110909.09090909091,
        111917.35537190082,
        112925.61983471074,
        113933.88429752066,
        114942.14876033057,
        115950.4132231405,
        116958.67768595042,
        117966.94214876034,
        118975.20661157025,
        119983.47107438017,
        120991.73553719009,
        122000.0
      ],
      "value": [
        8.4e6,
        8.388964683200197e6,
        8.377915339640748e6,
        8.366851044612197e6,
        8.355772411259984e6,
        8.344678950298268e6,
        8.333570835338319e6,
        8.322448018318543e6,
        8.311310227423276e6,
        8.3001578617316345e6,
        8.288990197989234e6,
        8.277808088452759e6,
        8.266610352293717e6,
        8.255398073086307e6,
        8.244170290229971e6,
        8.232927637699305e6,
        8.221669606175709e6,
        8.210396373820837e6,
        8.199107888838019e6,
        8.18780386722905e6,
        8.176484721094248e6,
        8.165149697790002e6,
        8.153799679828884e6,
        8.142433439292385e6,
        8.1310520989812035e6,
        8.119654659278069e6,
        8.108241776326182e6,
        8.096812918868324e6,
        8.085368269669917e6,
        8.073907772585649e6,
        8.06243113012751e6,
        8.050938768171081e6,
        8.039429901938026e6,
        8.027905446396927e6,
        8.0163641222748235e6,
        8.004807094580599e6,
        7.993233321051043e6,
        7.981643481565717e6,
        7.970037020720248e6,
        7.958414125955166e6,
        7.946774736071972e6,
        7.935118538582002e6,
        7.923445974022189e6,
        7.91175622229726e6,
        7.900050233398441e6,
        7.888326671752314e6,
        7.876586748049984e6,
        7.864829373175803e6,
        7.853055252576344e6,
        7.841263804144943e6,
        7.82945522008978e6,
        7.817629433350994e6,
        7.8057861146952575e6,
        7.793925720358866e6,
        7.782047391246893e6,
        7.770152115360567e6,
        7.7582384950983e6,
        7.746307790872538e6,
        7.734358861846511e6,
        7.722392441166066e6,
        7.710407917069428e6,
        7.69840548664914e6,
        7.686385076056549e6,
        7.674346337301919e6,
        7.662289743532801e6,
        7.650214392396998e6,
        7.638121313375257e6,
        7.626009040212409e6,
        7.613878887728875e6,
        7.601729657737253e6,
        7.589562113560005e6,
        7.577375610369705e6,
        7.565170350286441e6,
        7.552946251607108e6,
        7.540702945264708e6,
        7.528440922728025e6,
        7.516159233467797e6,
        7.503858952465914e6,
        7.491538537154525e6,
        7.479199362190775e6,
        7.466840165530096e6,
        7.454461743543233e6,
        7.442063414397645e6,
        7.429645385411822e6,
        7.4172075658004815e6,
        7.404749562739877e6,
        7.392271887654712e6,
        7.379773536153102e6,
        7.367255633371924e6,
        7.354716551577079e6,
        7.342157731542262e6,
        7.329577839844332e6,
        7.316977709224329e6,
        7.304356616290585e6,
        7.291714773758086e6,
        7.279052080339891e6,
        7.266368116356712e6,
        7.253663415078218e6,
        7.240936911674072e6,
        7.228189786815039e6,
        7.215420317360135e6,
        7.202630017457598e6,
        7.189817473603705e6,
        7.176983558746305e6,
        7.164127502662156e6,
        7.151249523685207e6,
        7.138349508377632e6,
        7.12542700661205e6,
        7.112482575679192e6,
        7.099515082693032e6,
        7.086525770070436e6,
        7.073512807402816e6,
        7.0604777905985555e6,
        7.047419215989117e6,
        7.034338001154569e6,
        7.02123332292132e6,
        7.008105405482719e6,
        6.9949541213225005e6,
        6.981778985685845e6,
        6.968580582384165e6,
        6.9553577016311e6,
        6.942111654763122e6
      ]
    }
  },