{
  "time": 31680.000000013333,
  "initial_nodal_pressure": {
    "1": 8.400000000000002e6,
    "2": 5.204066650040013e6
  },
  "initial_pipe_pressure": {
    "1": {
      "distance": [
        0.0,
        1008.2644628099173,
        2016.5289256198346,
        3024.793388429752,
        4033.057851239669,
        5041.322314049587,
        6049.586776859504,
        7057.851239669421,
        8066.115702479338,
        9074.380165289256,
        10082.644628099173,
        11090.909090909092,
        12099.173553719009,
        13107.438016528926,
        14115.702479338843,
        15123.966942148762,
        16132.231404958677,
        17140.495867768594,
        18148.760330578512,
        19157.02479338843,
        20165.289256198346,
        21173.553719008265,
        22181.818181818184,
        23190.0826446281,
        24198.347107438018,
        25206.611570247933,
        26214.87603305785,
        27223.140495867767,
        28231.404958677685,
        29239.669421487604,
        30247.933884297523,
        31256.19834710744,
        32264.462809917353,
        33272.72727272727,
        34280.99173553719,
        35289.25619834711,
        36297.520661157025,
        37305.78512396695,
        38314.04958677686,
        39322.31404958678,
        40330.57851239669,
        41338.842975206615,
        42347.10743801653,
        43355.371900826445,
        44363.63636363637,
        45371.900826446275,
        46380.1652892562,
        47388.42975206611,
        48396.694214876035,
        49404.95867768595,
        50413.223140495866,
        51421.48760330579,
        52429.7520661157,
        53438.016528925626,
        54446.28099173553,
        55454.545454545456,
        56462.80991735537,
        57471.074380165286,
        58479.33884297521,
        59487.603305785124,
        60495.867768595046,
        61504.13223140496,
        62512.39669421488,
        63520.66115702479,
        64528.92561983471,
        65537.19008264464,
        66545.45454545454,
        67553.71900826447,
        68561.98347107437,
        69570.2479338843,
        70578.51239669422,
        71586.77685950413,
        72595.04132231405,
        73603.30578512397,
        74611.5702479339,
        75619.8347107438,
        76628.09917355372,
        77636.36363636363,
        78644.62809917355,
        79652.89256198348,
        80661.15702479339,
        81669.42148760331,
        82677.68595041323,
        83685.95041322314,
        84694.21487603306,
        85702.47933884298,
        86710.74380165289,
        87719.00826446281,
        88727.27272727274,
        89735.53719008266,
        90743.80165289255,
        91752.06611570247,
        92760.3305785124,
        93768.5950413223,
        94776.85950413223,
        95785.12396694215,
        96793.38842975207,
        97801.65289256198,
        98809.9173553719,
        99818.18181818182,
        100826.44628099173,
        101834.71074380165,
        102842.97520661158,
        103851.2396694215,
        104859.5041322314,
        105867.76859504133,
        106876.03305785125,
        107884.29752066114,
        108892.56198347107,
        109900.82644628099,
        110909.09090909091,
        111917.35537190082,
        112925.61983471074,
        113933.88429752066,
        114942.14876033057,
        115950.4132231405,
        116958.67768595042,
        117966.94214876034,
        118975.20661157025,
        119983.47107438017,
        120991.73553719009,
        122000.0
      ],
      "value": [
        8.400000000000002e6,
        8.380138538101299e6,
        8.360230972063158e6,
        8.340273485848763e6,
        8.3202673714085985e6,
        8.300210183517162e6,
        8.280101737095363e6,
        8.259941070879351e6,
        8.239726405677063e6,
        8.219458382070624e6,
        8.199133504749837e6,
        8.178754138967743e6,
        8.158314946149983e6,
        8.137819244755655e6,
        8.1172624187790565e6,
        8.096646108253136e6,
        8.075967381032551e6,
        8.055226068251104e6,
        8.034421052806311e6,
        8.0135502208102625e6,
        7.9926144070529025e6,
        7.971609410576475e6,
        7.950538160857835e6,
        7.929394221599546e6,
        7.908181674757534e6,
        7.886894967621685e6,
        7.8655361386546e6,
        7.844101681798795e6,
        7.822591439684073e6,
        7.801004105814823e6,
        7.77933716773399e6,
        7.757591678345852e6,
        7.735762603559886e6,
        7.713853522826876e6,
        7.691856706176202e6,
        7.669777118535401e6,
        7.647608099471077e6,
        7.625352142953722e6,
        7.603005057986103e6,
        7.580566688236228e6,
        7.558035491797136e6,
        7.535408474026248e6,
        7.512686930426441e6,
        7.48986483084498e6,
        7.466946505709635e6,
        7.443922682393288e6,
        7.420799351822001e6,
        7.397568526678395e6,
        7.374233221772018e6,
        7.35078841586892e6,
        7.327233934137549e6,
        7.303567934771915e6,
        7.279786828638861e6,
        7.255892177814718e6,
        7.231876742308754e6,
        7.207745724402533e6,
        7.183487983966938e6,
        7.159110712386707e6,
        7.134604306848063e6,
        7.109972378162082e6,
        7.085208879216775e6,
        7.060313582268806e6,
        7.035284252784727e6,
        7.010116551747092e6,
        6.984812328724046e6,
        6.959362844837855e6,
        6.93377432104831e6,
        6.908033312923499e6,
        6.882148429208849e6,
        6.856108059438621e6,
        6.829916496617036e6,
        6.8035663954482805e6,
        6.777057415549282e6,
        6.750386791555112e6,
        6.723549211869006e6,
        6.696546825754863e6,
        6.669368990653578e6,
        6.642023126812242e6,
        6.614492877101516e6,
        6.586788542535132e6,
        6.558895952205956e6,
        6.530820178119761e6,
        6.5025521826127935e6,
        6.4740914079439435e6,
        6.445434344003834e6,
        6.4165743737958325e6,
        6.387513937254885e6,
        6.358239897024059e6,
        6.328761096513792e6,
        6.299057382123264e6,
        6.269141102079739e6,
        6.238994710707043e6,
        6.208624161006448e6,
        6.178018124665111e6,
        6.147175637703113e6,
        6.116092097119562e6,
        6.084759057104252e6,
        6.053179189580517e6,
        6.021335954088796e6,
        5.989239893447606e6,
        5.956865706181428e6,
        5.924228252999968e6,
        5.89130534720427e6,
        5.858103909788392e6,
        5.824609359152813e6,
        5.790819968447428e6,
        5.756729439097102e6,
        5.722326619573162e6,
        5.687614237339021e6,
        5.652570861548271e6,
        5.617209062366051e6,
        5.581496186562265e6,
        5.545450219355908e6,
        5.5090422250228245e6,
        5.472280099971448e6,
        5.435144341409414e6,
        5.397631740240089e6,
        5.35973317320722e6,
        5.321433190126097e6,
        5.282734102804241e6,
        5.243606946646563e6,
        5.204066650040013e6
      ]
    }
  },