{
  "time": 40320.000000021406,
  "initial_nodal_pressure": {
    "1": 8.4e6,
    "2": 4.755857654301112e6
  },
  "initial_pipe_pressure": {
    "1": {
      "distance": [
        0.0,
        1008.2644628099173,
        2016.5289256198346,
        3024.793388429752,
        4033.057851239669,
        5041.322314049587,
        6049.586776859504,
        7057.851239669421,
        8066.115702479338,
        9074.380165289256,
        10082.644628099173,
        11090.909090909092,
        12099.173553719009,
        13107.438016528926,
        14115.702479338843,
        15123.966942148762,
        16132.231404958677,
        17140.495867768594,
        18148.760330578512,
        19157.02479338843,
        20165.289256198346,
        21173.553719008265,
        22181.818181818184,
        23190.0826446281,
        24198.347107438018,
        25206.611570247933,
        26214.87603305785,
        27223.140495867767,
        28231.404958677685,
        29239.669421487604,
        30247.933884297523,
        31256.19834710744,
        32264.462809917353,
        33272.72727272727,
        34280.99173553719,
        35289.25619834711,
        36297.520661157025,
        37305.78512396695,
        38314.04958677686,
        39322.31404958678,
        40330.57851239669,
        41338.842975206615,
        42347.10743801653,
        43355.371900826445,
        44363.63636363637,
        45371.900826446275,
        46380.1652892562,
        47388.42975206611,
        48396.694214876035,
        49404.95867768595,
        50413.223140495866,
        51421.48760330579,
        52429.7520661157,
        53438.016528925626,
        54446.28099173553,
        55454.545454545456,
        56462.80991735537,
        57471.074380165286,
        58479.33884297521,
        59487.603305785124,
        60495.867768595046,
        61504.13223140496,
        62512.39669421488,
        63520.66115702479,
        64528.92561983471,
        65537.19008264464,
        66545.45454545454,
        67553.71900826447,
        68561.98347107437,
        69570.2479338843,
        70578.51239669422,
        71586.77685950413,
        72595.04132231405,
        73603.30578512397,
        74611.5702479339,
        75619.8347107438,
        76628.09917355372,
        77636.36363636363,
        78644.62809917355,
        79652.89256198348,
        80661.15702479339,
        81669.42148760331,
        82677.68595041323,
        83685.95041322314,
        84694.21487603306,
        85702.47933884298,
        86710.74380165289,
        87719.00826446281,
        88727.27272727274,
        89735.53719008266,
        90743.80165289255,
        91752.06611570247,
        92760.3305785124,
        93768.5950413223,
        94776.85950413223,
        95785.12396694215,
        96793.38842975207,
        97801.65289256198,
        98809.9173553719,
        99818.18181818182,
        100826.44628099173,
        101834.71074380165,
        102842.97520661158,
        103851.2396694215,
        104859.5041322314,
        105867.76859504133,
        106876.03305785125,
        107884.29752066114,
        108892.56198347107,
        109900.82644628099,
        110909.09090909091,
        111917.35537190082,
        112925.61983471074,
        113933.88429752066,
        114942.14876033057,
        115950.4132231405,
        116958.67768595042,
        117966.94214876034,
        118975.20661157025,
        119983.47107438017,
        120991.73553719009,
        122000.0
      ],
      "value": [
        8.4e6,
        8.3768908262132155e6,
        8.3537197458071895e6,
        8.330482152744207e6,
        8.30718026269244e6,
        8.283811347177701e6,
        8.260375656789311e6,
        8.236872429737253e6,
        8.2132998587174835e6,
        8.18965924184219e6,
        8.165946616804872e6,
        8.142165439152246e6,
        8.118309489941227e6,
        8.094383374675982e6,
        8.070381840038089e6,
        8.046307366201721e6,
        8.022156824067752e6,
        7.997930463874906e6,
        7.973627385651938e6,
        7.949245500035581e6,
        7.924786246168033e6,
        7.900245080065438e6,
        7.875625895338485e6,
        7.850921572699042e6,
        7.826137316606209e6,
        7.801267099759963e6,
        7.776313706889684e6,
        7.751273525279141e6,
        7.726146795484097e6,
        7.700932443949002e6,
        7.675628036211548e6,
        7.65023516886273e6,
        7.624748594774653e6,
        7.599172718483414e6,
        7.573499335309726e6,
        7.547734352676415e6,
        7.5218708060763795e6,
        7.495911831629749e6,
        7.469853224214345e6,
        7.443695198895596e6,
        7.417436459491729e6,
        7.391074141987802e6,
        7.364610016961479e6,
        7.338037974446719e6,
        7.311363018434686e6,
        7.284575616670491e6,
        7.25768250801554e6,
        7.230675575407169e6,
        7.203558361268655e6,
        7.176325921790951e6,
        7.148978420158055e6,
        7.121514267793909e6,
        7.093930054874041e6,
        7.066227740950712e6,
        7.038400137617139e6,
        7.010452957198643e6,
        6.982375014409926e6,
        6.954174040813907e6,
        6.925840474751794e6,
        6.897378329140289e6,
        6.868781718911084e6,
        6.840050711187218e6,
        6.811183322625377e6,
        6.782175432432321e6,
        6.753029198954025e6,
        6.723736055112932e6,
        6.6943025569965765e6,
        6.664715415223608e6,
        6.63498355994137e6,
        6.605095575879122e6,
        6.575056020361039e6,
        6.544857776659785e6,
        6.514500740683171e6,
        6.483982378507546e6,
        6.453297614854639e6,
        6.422448803685384e6,
        6.391425565574345e6,
        6.36023547024811e6,
        6.328862475726401e6,
        6.297316978147967e6,
        6.265585113344758e6,
        6.233672064507309e6,
        6.201569049347191e6,
        6.169275661016373e6,
        6.136788567168207e6,
        6.10410136257429e6,
        6.071216563293888e6,
        6.038121322751744e6,
        6.004824437553451e6,
        5.971306138357564e6,
        5.937578640063696e6,
        5.903624721688233e6,
        5.869450271226325e6,
        5.835044158814982e6,
        5.800405434745511e6,
        5.765529551997126e6,
        5.730408163710469e6,
        5.695043843993316e6,
        5.659420234694368e6,
        5.623547621663225e6,
        5.587400959635877e6,
        5.55099475184955e6,
        5.514306952170055e6,
        5.477344196376064e6,
        5.440091864467981e6,
        5.402547999182188e6,
        5.36470608990583e6,
        5.326554779600746e6,
        5.288096425981088e6,
        5.249309372496359e6,
        5.21020569078323e6,
        5.170752418014216e6,
        5.130966962832133e6,
        5.090819892040528e6,
        5.050318489935696e6,
        5.009442566557855e6,
        4.96818818178596e6,
        4.92654538666697e6,
        4.884497767898908e6,
        4.842046747993501e6,
        4.7991620167178335e6,
        4.755857654301112e6
      ]
    }
  },