{
  "time": 64799.99999998621,
  "initial_nodal_pressure": {
    "1": 8.4e6,
    "2": 6.6178919873630805e6
  },
  "initial_pipe_pressure": {
    "1": {
      "distance": [
        0.0,
        1008.2644628099173,
        2016.5289256198346,
        3024.793388429752,
        4033.057851239669,
        5041.322314049587,
        6049.586776859504,
        7057.851239669421,
        8066.115702479338,
        9074.380165289256,
        10082.644628099173,
        11090.909090909092,
        12099.173553719009,
        13107.438016528926,
        14115.702479338843,
        15123.966942148762,
        16132.231404958677,
        17140.495867768594,
        18148.760330578512,
        19157.02479338843,
        20165.289256198346,
        21173.553719008265,
        22181.818181818184,
        23190.0826446281,
        24198.347107438018,
        25206.611570247933,
        26214.87603305785,
        27223.140495867767,
        28231.404958677685,
        29239.669421487604,
        30247.933884297523,
        31256.19834710744,
        32264.462809917353,
        33272.72727272727,
        34280.99173553719,
        35289.25619834711,
        36297.520661157025,
        37305.78512396695,
        38314.04958677686,
        39322.31404958678,
        40330.57851239669,
        41338.842975206615,
        42347.10743801653,
        43355.371900826445,
        44363.63636363637,
        45371.900826446275,
        46380.1652892562,
        47388.42975206611,
        48396.694214876035,
        49404.95867768595,
        50413.223140495866,
        51421.48760330579,
        52429.7520661157,
        53438.016528925626,
        54446.28099173553,
        55454.545454545456,
        56462.80991735537,
        57471.074380165286,
        58479.33884297521,
        59487.603305785124,
        60495.867768595046,
        61504.13223140496,
        62512.39669421488,
        63520.66115702479,
        64528.92561983471,
        65537.19008264464,
        66545.45454545454,
        67553.71900826447,
        68561.98347107437,
        69570.2479338843,
        70578.51239669422,
        71586.77685950413,
        72595.04132231405,
        73603.30578512397,
        74611.5702479339,
        75619.8347107438,
        76628.09917355372,
        77636.36363636363,
        78644.62809917355,
        79652.89256198348,
        80661.15702479339,
        81669.42148760331,
        82677.68595041323,
        83685.95041322314,
        84694.21487603306,
        85702.47933884298,
        86710.74380165289,
        87719.00826446281,
        88727.27272727274,
        89735.53719008266,
        90743.80165289255,
        91752.06611570247,
        92760.3305785124,
        93768.5950413223,
        94776.85950413223,
        95785.12396694215,
        96793.38842975207,
        97801.65289256198,
        98809.9173553719,
        99818.18181818182,
        100826.44628099173,
        101834.71074380165,
        102842.97520661158,
        103851.2396694215,
        104859.5041322314,
        105867.76859504133,
        106876.03305785125,
        107884.29752066114,
        108892.56198347107,
        109900.82644628099,
        110909.09090909091,
        111917.35537190082,
        112925.61983471074,
        113933.88429752066,
        114942.14876033057,
        115950.4132231405,
        116958.67768595042,
        117966.94214876034,
        118975.20661157025,
        119983.47107438017,
        120991.73553719009,
        122000.0
      ],
      "value": [
        8.4e6,
        8.385590945156329e6,
        8.371158446895305e6,
        8.356701459979801e6,
        8.342221472731072e6,
        8.327718201265579e6,
        8.313192414739393e6,
        8.298644539349608e6,
        8.284074676689217e6,
        8.269483910186417e6,
        8.254871726991061e6,
        8.240239813397864e6,
        8.225587096687414e6,
        8.210915522637911e6,
        8.196224377328618e6,
        8.181514974428225e6,
        8.166787218734361e6,
        8.152041847183286e6,
        8.13727932664109e6,
        8.1224998739959095e6,
        8.107704460235915e6,
        8.092892840113455e6,
        8.078066429577747e6,
        8.063224580301897e6,
        8.048368884170678e6,
        8.03349897609881e6,
        8.018615966738832e6,
        8.003719952956784e6,
        7.988811623836107e6,
        7.973891477278943e6,
        7.958959841420449e6,
        7.944017553348614e6,
        7.9290646417303635e6,
        7.914102220155301e6,
        7.899130080058976e6,
        7.884149423035176e6,
        7.869160241428461e6,
        7.854163417275118e6,
        7.839159237167714e6,
        7.824148326188103e6,
        7.809131201396582e6,
        7.794108294057445e6,
        7.779080287420073e6,
        7.764047482486637e6,
        7.749010664036496e6,
        7.733970066665028e6,
        7.718926473106495e6,
        7.703880231553658e6,
        7.68883197392365e6,
        7.6737821679956615e6,
        7.658731358813043e6,
        7.643680068756048e6,
        7.628628819984518e6,
        7.613578124495849e6,
        7.598528545475291e6,
        7.583480519685863e6,
        7.568434715035003e6,
        7.553391476655921e6,
        7.538351495958822e6,
        7.5233151386829065e6,
        7.508283038874284e6,
        7.493255646356022e6,
        7.478233473488106e6,
        7.463217117169638e6,
        7.448206904299007e6,
        7.43320364122131e6,
        7.4182074062830545e6,
        7.403219276885619e6,
        7.388239153427482e6,
        7.373268046470489e6,
        7.358306046227107e6,
        7.343353931862674e6,
        7.328412044471745e6,
        7.31348087016945e6,
        7.298561060958375e6,
        7.283652749363254e6,
        7.268756957140082e6,
        7.253873403936488e6,
        7.2390035387887275e6,
        7.224146823240342e6,
        7.209304551678357e6,
        7.1944765372269945e6,
        7.1796636772965165e6,
        7.164866193251048e6,
        7.15008452859047e6,
        7.135319367981445e6,
        7.120570645755338e6,
        7.105839563213723e6,
        7.091125492071181e6,
        7.076430201734633e6,
        7.0617527346657235e6,
        7.047094623245982e6,
        7.03245541051517e6,
        7.017836080354267e6,
        7.003236726671557e6,
        6.988657734632581e6,
        6.974099797182567e6,
        6.959562652761106e6,
        6.94504763927439e6,
        6.930553802752179e6,
        6.916083169622244e6,
        6.901634397164295e6,
        6.887209200714092e6,
        6.872806869176387e6,
        6.858428437312995e6,
        6.844073867749648e6,
        6.829743473023097e6,
        6.815437928982913e6,
        6.801156786963995e6,
        6.786901472844019e6,
        6.772670740557745e6,
        6.758466800015854e6,
        6.744287970863909e6,
        6.73013608886097e6,
        6.716010213585674e6,
        6.701911392507989e6,
        6.687839457435051e6,
        6.673794636062719e6,
        6.659777561732846e6,
        6.645787613946411e6,
        6.631826253812542e6,
        6.6178919873630805e6
      ]
    }
  },