{
  "time": 46080.00000002678,
  "initial_nodal_pressure": {
    "1": 8.400000000000002e6,
    "2": 4.638329767807475e6
  },
  "initial_pipe_pressure": {
    "1": {
      "distance": [
        0.0,
        1008.2644628099173,
        2016.5289256198346,
        3024.793388429752,
        4033.057851239669,
        5041.322314049587,
        6049.586776859504,
        7057.851239669421,
        8066.115702479338,
        9074.380165289256,
        10082.644628099173,
        11090.909090909092,
        12099.173553719009,
        13107.438016528926,
        14115.702479338843,
        15123.966942148762,
        16132.231404958677,
        17140.495867768594,
        18148.760330578512,
        19157.02479338843,
        20165.289256198346,
        21173.553719008265,
        22181.818181818184,
        23190.0826446281,
        24198.347107438018,
        25206.611570247933,
        26214.87603305785,
        27223.140495867767,
        28231.404958677685,
        29239.669421487604,
        30247.933884297523,
        31256.19834710744,
        32264.462809917353,
        33272.72727272727,
        34280.99173553719,
        35289.25619834711,
        36297.520661157025,
        37305.78512396695,
        38314.04958677686,
        39322.31404958678,
        40330.57851239669,
        41338.842975206615,
        42347.10743801653,
        43355.371900826445,
        44363.63636363637,
        45371.900826446275,
        46380.1652892562,
        47388.42975206611,
        48396.694214876035,
        49404.95867768595,
        50413.223140495866,
        51421.48760330579,
        52429.7520661157,
        53438.016528925626,
        54446.28099173553,
        55454.545454545456,
        56462.80991735537,
        57471.074380165286,
        58479.33884297521,
        59487.603305785124,
        60495.867768595046,
        61504.13223140496,
        62512.39669421488,
        63520.66115702479,
        64528.92561983471,
        65537.19008264464,
        66545.45454545454,
        67553.71900826447,
        68561.98347107437,
        69570.2479338843,
        70578.51239669422,
        71586.77685950413,
        72595.04132231405,
        73603.30578512397,
        74611.5702479339,
        75619.8347107438,
        76628.09917355372,
        77636.36363636363,
        78644.62809917355,
        79652.89256198348,
        80661.15702479339,
        81669.42148760331,
        82677.68595041323,
        83685.95041322314,
        84694.21487603306,
        85702.47933884298,
        86710.74380165289,
        87719.00826446281,
        88727.27272727274,
        89735.53719008266,
        90743.80165289255,
        91752.06611570247,
        92760.3305785124,
        93768.5950413223,
        94776.85950413223,
        95785.12396694215,
        96793.38842975207,
        97801.65289256198,
        98809.9173553719,
        99818.18181818182,
        100826.44628099173,
        101834.71074380165,
        102842.97520661158,
        103851.2396694215,
        104859.5041322314,
        105867.76859504133,
        106876.03305785125,
        107884.29752066114,
        108892.56198347107,
        109900.82644628099,
        110909.09090909091,
        111917.35537190082,
        112925.61983471074,
        113933.88429752066,
        114942.14876033057,
        115950.4132231405,
        116958.67768595042,
        117966.94214876034,
        118975.20661157025,
        119983.47107438017,
        120991.73553719009,
        122000.0
      ],
      "value": [
        8.400000000000002e6,
        8.376086926668778e6,
        8.3521076541550765e6,
        8.328057346917378e6,
        8.303938457837277e6,
        8.279748165821933e6,
        8.255486825861022e6,
        8.231153715699069e6,
        8.206747004405332e6,
        8.1822681568847615e6,
        8.157713064121523e6,
        8.13308547065894e6,
        8.1083788928606035e6,
        8.083598282469049e6,
        8.058738187994187e6,
        8.033801311127416e6,
        8.008784448300495e6,
        7.98368795173302e6,
        7.958510965384712e6,
        7.933251387665301e6,
        7.907910814600444e6,
        7.882484581237257e6,
        7.856976845435936e6,
        7.831380263793663e6,
        7.805700354354066e6,
        7.779930925213361e6,
        7.754074964131772e6,
        7.72812880277085e6,
        7.70209277982754e6,
        7.675965869308556e6,
        7.649745635779669e6,
        7.623433820666605e6,
        7.597025082635211e6,
        7.570524062312086e6,
        7.543922373546616e6,
        7.517226200695168e6,
        7.490428449469486e6,
        7.463532437725576e6,
        7.4365339234887315e6,
        7.409433214368096e6,
        7.382229064093053e6,
        7.354918618066103e6,
        7.32750377731009e6,
        7.299978364258777e6,
        7.272347587605548e6,
        7.244601776609143e6,
        7.216747906823784e6,
        7.188777765830914e6,
        7.160695053647009e6,
        7.132494806990704e6,
        7.104177273653368e6,
        7.075740915148923e6,
        7.047182339359257e6,
        7.018503619188057e6,
        6.989697523059322e6,
        6.960769933660418e6,
        6.931709567592812e6,
        6.902524349931757e6,
        6.873204654839273e6,
        6.843754625717663e6,
        6.8141683717239145e6,
        6.784446033257952e6,
        6.754585673487593e6,
        6.724583193319991e6,
        6.694440843947274e6,
        6.664150033807804e6,
        6.633717452439807e6,
        6.603129744882699e6,
        6.572395989685134e6,
        6.5415047302291365e6,
        6.510460623904842e6,
        6.479256554053068e6,
        6.44789247311072e6,
        6.416365883346861e6,
        6.384671726801156e6,
        6.352812424893537e6,
        6.3207775800561765e6,
        6.288574856412347e6,
        6.256188161436255e6,
        6.223627994141369e6,
        6.19088045395764e6,
        6.157950789423245e6,
        6.124830208313958e6,
        6.0915183340207515e6,
        6.058011847393558e6,
        6.0243043397254525e6,
        5.990398361001352e6,
        5.956281027609843e6,
        5.921961189528512e6,
        5.887419005509696e6,
        5.852666749490496e6,
        5.817687132171086e6,
        5.782486065087763e6,
        5.747052366244458e6,
        5.711385071288792e6,
        5.675479598008027e6,
        5.639327541846516e6,
        5.602931461344137e6,
        5.56627489011143e6,
        5.529368123061373e6,
        5.492185945505241e6,
        5.454742879793275e6,
        5.417016701919442e6,
        5.379014014158795e6,
        5.340720033606531e6,
        5.302132703126064e6,
        5.263245373280343e6,
        5.224046502220319e6,
        5.184538346096883e6,
        5.14469895415537e6,
        5.104540351895502e6,
        5.064029141219658e6,
        5.023182712800653e6,
        4.981971171213957e6,
        4.940401669348434e6,
        4.898453584476569e6,
        4.856122692165735e6,
        4.813398666672185e6,
        4.770264606296429e6,
        4.726721648376545e6,
        4.682738724272776e6,
        4.638329767807475e6
      ]
    }
  },