{
  "time": 76319.99999992618,
  "initial_nodal_pressure": {
    "1": 8.4e6,
    "2": 6.923660740841985e6
  },
  "initial_pipe_pressure": {
    "1": {
      "distance": [
        0.0,
        1008.2644628099173,
        2016.5289256198346,
        3024.793388429752,
        4033.057851239669,
        5041.322314049587,
        6049.586776859504,
        7057.851239669421,
        8066.115702479338,
        9074.380165289256,
        10082.644628099173,
        11090.909090909092,
        12099.173553719009,
        13107.438016528926,
        14115.702479338843,
        15123.966942148762,
        16132.231404958677,
        17140.495867768594,
        18148.760330578512,
        19157.02479338843,
        20165.289256198346,
        21173.553719008265,
        22181.818181818184,
        23190.0826446281,
        24198.347107438018,
        25206.611570247933,
        26214.87603305785,
        27223.140495867767,
        28231.404958677685,
        29239.669421487604,
        30247.933884297523,
        31256.19834710744,
        32264.462809917353,
        33272.72727272727,
        34280.99173553719,
        35289.25619834711,
        36297.520661157025,
        37305.78512396695,
        38314.04958677686,
        39322.31404958678,
        40330.57851239669,
        41338.842975206615,
        42347.10743801653,
        43355.371900826445,
        44363.63636363637,
        45371.900826446275,
        46380.1652892562,
        47388.42975206611,
        48396.694214876035,
        49404.95867768595,
        50413.223140495866,
        51421.48760330579,
        52429.7520661157,
        53438.016528925626,
        54446.28099173553,
        55454.545454545456,
        56462.80991735537,
        57471.074380165286,
        58479.33884297521,
        59487.603305785124,
        60495.867768595046,
        61504.13223140496,
        62512.39669421488,
        63520.66115702479,
        64528.92561983471,
        65537.19008264464,
        66545.45454545454,
        67553.71900826447,
        68561.98347107437,
        69570.2479338843,
        70578.51239669422,
        71586.77685950413,
        72595.04132231405,
        73603.30578512397,
        74611.5702479339,
        75619.8347107438,
        76628.09917355372,
        77636.36363636363,
        78644.62809917355,
        79652.89256198348,
        80661.15702479339,
        81669.42148760331,
        82677.68595041323,
        83685.95041322314,
        84694.21487603306,
        85702.47933884298,
        86710.74380165289,
        87719.00826446281,
        88727.27272727274,
        89735.53719008266,
        90743.80165289255,
        91752.06611570247,
        92760.3305785124,
        93768.5950413223,
        94776.85950413223,
        95785.12396694215,
        96793.38842975207,
        97801.65289256198,
        98809.9173553719,
        99818.18181818182,
        100826.44628099173,
        101834.71074380165,
        102842.97520661158,
        103851.2396694215,
        104859.5041322314,
        105867.76859504133,
        106876.03305785125,
        107884.29752066114,
        108892.56198347107,
        109900.82644628099,
        110909.09090909091,
        111917.35537190082,
        112925.61983471074,
        113933.88429752066,
        114942.14876033057,
        115950.4132231405,
        116958.67768595042,
        117966.94214876034,
        118975.20661157025,
        119983.47107438017,
        120991.73553719009,
        122000.0
      ],
      "value": [
        8.4e6,
        8.388770591653904e6,
        8.377526685217636e6,
        8.366267353129587e6,
        8.354993255231072e6,
        8.34370391579242e6,
        8.332399541109194e6,
        8.321080109848728e6,
        8.309745372121322e6,
        8.298395763598263e6,
        8.287030575518056e6,
        8.275650703211867e6,
        8.264254976305639e6,
        8.252844522038314e6,
        8.241418397013757e6,
        8.229977270364112e6,
        8.218520657456738e6,
        8.207048766537517e6,
        8.195561574488061e6,
        8.184058825818629e6,
        8.1725409617480775e6,
        8.1610072601236645e6,
        8.149458629404932e6,
        8.137893877762367e6,
        8.126314149492256e6,
        8.114718483168439e6,
        8.103107557271208e6,
        8.091480876622964e6,
        8.079838650815315e6,
        8.0681808539707335e6,
        8.056507223614949e6,
        8.0448182063294e6,
        8.033113064282805e6,
        8.021392719791388e6,
        8.009655956252096e6,
        7.997903936296473e6,
        7.986135677467303e6,
        7.974351868007594e6,
        7.962552000067539e6,
        7.950736284004865e6,
        7.938904690062324e6,
        7.92705694707121e6,
        7.915193506999734e6,
        7.9033136133565875e6,
        7.891418203626873e6,
        7.879506032034456e6,
        7.867578281609836e6,
        7.8556339449503925e6,
        7.843673720899196e6,
        7.831697086262727e6,
        7.819704251625981e6,
        7.807695182075149e6,
        7.795669595676843e6,
        7.783627950061129e6,
        7.7715694663142525e6,
        7.759495099080098e6,
        7.747403567788417e6,
        7.735296078838927e6,
        7.723171594940747e6,
        7.711030826866222e6,
        7.6988732327987505e6,
        7.686699023068848e6,
        7.674508156162244e6,
        7.662300336912423e6,
        7.650076029180743e6,
        7.637834426994167e6,
        7.625576504921925e6,
        7.613300940606713e6,
        7.601008967821947e6,
        7.588699513292769e6,
        7.576373301614337e6,
        7.564029768390405e6,
        7.551669123288117e6,
        7.5392913165689055e6,
        7.526896036924004e6,
        7.514483755354899e6,
        7.50205363321562e6,
        7.4896066686487e6,
        7.477141488980665e6,
        7.464659360533089e6,
        7.452159166662018e6,
        7.439641648319563e6,
        7.427106213818484e6,
        7.414553071841374e6,
        7.401982162604942e6,
        7.3893931552596865e6,
        7.376786529241751e6,
        7.364161406527388e6,
        7.351518813473106e6,
        7.338857316841681e6,
        7.3261782219925e6,
        7.313480360085315e6,
        7.300764491684089e6,
        7.288029992256062e6,
        7.275277069278408e6,
        7.262505650884214e6,
        7.249715382737908e6,
        7.2369067544377865e6,
        7.224078840655774e6,
        7.211232701715048e6,
        7.198366831641867e6,
        7.185482582795429e6,
        7.172578723695514e6,
        7.1596560385785205e6,
        7.146713863564756e6,
        7.133752404814946e6,
        7.12077157609163e6,
        7.107770995011291e6,
        7.094751163543047e6,
        7.081711099753452e6,
        7.068651904926895e6,
        7.055571986014993e6,
        7.042472751984347e6,
        7.029352896449891e6,
        7.01621323227798e6,
        7.003053048669233e6,
        6.989872550471318e6,
        6.976671634501299e6,
        6.963449885062675e6,
        6.950207819234412e6,
        6.936944387618984e6,
        6.923660740841985e6
      ]
    }
  },