{
  "time": 12959.999999997193,
  "initial_nodal_pressure": {
    "1": 8.4e6,
    "2": 6.950790241463309e6
  },
  "initial_pipe_pressure": {
    "1": {
      "distance": [
        0.0,
        1008.2644628099173,
        2016.5289256198346,
        3024.793388429752,
        4033.057851239669,
        5041.322314049587,
        6049.586776859504,
        7057.851239669421,
        8066.115702479338,
        9074.380165289256,
        10082.644628099173,
        11090.909090909092,
        12099.173553719009,
        13107.438016528926,
        14115.702479338843,
        15123.966942148762,
        16132.231404958677,
        17140.495867768594,
        18148.760330578512,
        19157.02479338843,
        20165.289256198346,
        21173.553719008265,
        22181.818181818184,
        23190.0826446281,
        24198.347107438018,
        25206.611570247933,
        26214.87603305785,
        27223.140495867767,
        28231.404958677685,
        29239.669421487604,
        30247.933884297523,
        31256.19834710744,
        32264.462809917353,
        33272.72727272727,
        34280.99173553719,
        35289.25619834711,
        36297.520661157025,
        37305.78512396695,
        38314.04958677686,
        39322.31404958678,
        40330.57851239669,
        41338.842975206615,
        42347.10743801653,
        43355.371900826445,
        44363.63636363637,
        45371.900826446275,
        46380.1652892562,
        47388.42975206611,
        48396.694214876035,
        49404.95867768595,
        50413.223140495866,
        51421.48760330579,
        52429.7520661157,
        53438.016528925626,
        54446.28099173553,
        55454.545454545456,
        56462.80991735537,
        57471.074380165286,
        58479.33884297521,
        59487.603305785124,
        60495.867768595046,
        61504.13223140496,
        62512.39669421488,
        63520.66115702479,
        64528.92561983471,
        65537.19008264464,
        66545.45454545454,
        67553.71900826447,
        68561.98347107437,
        69570.2479338843,
        70578.51239669422,
        71586.77685950413,
        72595.04132231405,
        73603.30578512397,
        74611.5702479339,
        75619.8347107438,
        76628.09917355372,
        77636.36363636363,
        78644.62809917355,
        79652.89256198348,
        80661.15702479339,
        81669.42148760331,
        82677.68595041323,
        83685.95041322314,
        84694.21487603306,
        85702.47933884298,
        86710.74380165289,
        87719.00826446281,
        88727.27272727274,
        89735.53719008266,
        90743.80165289255,
        91752.06611570247,
        92760.3305785124,
        93768.5950413223,
        94776.85950413223,
        95785.12396694215,
        96793.38842975207,
        97801.65289256198,
        98809.9173553719,
        99818.18181818182,
        100826.44628099173,
        101834.71074380165,
        102842.97520661158,
        103851.2396694215,
        104859.5041322314,
        105867.76859504133,
        106876.03305785125,
        107884.29752066114,
        108892.56198347107,
        109900.82644628099,
        110909.09090909091,
        111917.35537190082,
        112925.61983471074,
        113933.88429752066,
        114942.14876033057,
        115950.4132231405,
        116958.67768595042,
        117966.94214876034,
        118975.20661157025,
        119983.47107438017,
        120991.73553719009,
        122000.0
      ],
      "value": [
        8.4e6,
        8.389056035967642e6,
        8.37809826406326e6,
        8.367125760774132e6,
        8.356139117444081e6,
        8.345137838360745e6,
        8.3341220818419745e6,
        8.323091787294073e6,
        8.312046672590164e6,
        8.300987119723147e6,
        8.289912398550724e6,
        8.278823341273392e6,
        8.267718762007329e6,
        8.256599724029051e6,
        8.24546525855543e6,
        8.234315983188979e6,
        8.223151376989769e6,
        8.211971604064221e6,
        8.200776599189307e6,
        8.1895660649904385e6,
        8.178340399999213e6,
        8.167098837208533e6,
        8.155842247110092e6,
        8.144569384742273e6,
        8.133281363000513e6,
        8.121977164272946e6,
        8.11065743434338e6,
        8.099321625010833e6,
        8.0879699065199e6,
        8.076602208563469e6,
        8.065218217240352e6,
        8.0538183488005195e6,
        8.042401796407179e6,
        8.030969471715272e6,
        8.019520065974659e6,
        8.008054745461236e6,
        7.996572439804855e6,
        7.985073825063813e6,
        7.973558323519857e6,
        7.962026111919489e6,
        7.95047711435006e6,
        7.938910998954512e6,
        7.927328200978494e6,
        7.915727870467024e6,
        7.904110963380893e6,
        7.892476101965022e6,
        7.880824510000478e6,
        7.869155059999886e6,
        7.857468460581928e6,
        7.845764101995392e6,
        7.834042167865325e6,
        7.822302576071949e6,
        7.810544975196357e6,
        7.798769820866108e6,
        7.786976216343122e6,
        7.775165165344849e6,
        7.763335215307889e6,
        7.751487652058491e6,
        7.7396212861335445e6,
        7.727736861216728e6,
        7.71583373270446e6,
        7.703912091487897e6,
        7.691971848541762e6,
        7.680012631070724e6,
        7.668034916592572e6,
        7.656037757480642e6,
        7.644022209013278e6,
        7.63198673732967e6,
        7.619932695319274e6,
        7.607858826100021e6,
        7.595765911174932e6,
        7.583653267910817e6,
        7.571521094860635e6,
        7.559369295278013e6,
        7.547197472928847e6,
        7.535006128867013e6,
        7.522794259953021e6,
        7.510562977237876e6,
        7.498310658268812e6,
        7.486038728569659e6,
        7.473745857707475e6,
        7.461432868045925e6,
        7.449099035321005e6,
        7.436744566147261e6,
        7.424369355098807e6,
        7.411972980144351e6,
        7.399555967675516e6,
        7.387117253801225e6,
        7.374658010029664e6,
        7.3621765170690315e6,
        7.349674279293182e6,
        7.337149885770216e6,
        7.324604203097216e6,
        7.312036461272534e6,
        7.299446875370598e6,
        7.286835330152647e6,
        7.274201375075994e6,
        7.261545563848761e6,
        7.248866765856885e6,
        7.236166218302002e6,
        7.223442095672962e6,
        7.210695988164189e6,
        7.197926396423518e6,
        7.185134235039166e6,
        7.172318683558361e6,
        7.15947996590399e6,
        7.146617955675726e6,
        7.133732170674763e6,
        7.120823194106675e6,
        7.107889821783942e6,
        7.094933362485432e6,
        7.081951873743244e6,
        7.068947039432678e6,
        7.055917262691622e6,
        7.042863510306725e6,
        7.029784905927671e6,
        7.016681682693228e6,
        7.003553701425833e6,
        6.990400444601469e6,
        6.977222527335617e6,
        6.964018663954756e6,
        6.950790241463309e6
      ]
    }
  },