{
  "time": 51840.00000003217,
  "initial_nodal_pressure": {
    "1": 8.4e6,
    "2": 4.580021521158986e6
  },
  "initial_pipe_pressure": {
    "1": {
      "distance": [
        0.0,
        1008.2644628099173,
        2016.5289256198346,
        3024.793388429752,
        4033.057851239669,
        5041.322314049587,
        6049.586776859504,
        7057.851239669421,
        8066.115702479338,
        9074.380165289256,
        10082.644628099173,
        11090.909090909092,
        12099.173553719009,
        13107.438016528926,
        14115.702479338843,
        15123.966942148762,
        16132.231404958677,
        17140.495867768594,
        18148.760330578512,
        19157.02479338843,
        20165.289256198346,
        21173.553719008265,
        22181.818181818184,
        23190.0826446281,
        24198.347107438018,
        25206.611570247933,
        26214.87603305785,
        27223.140495867767,
        28231.404958677685,
        29239.669421487604,
        30247.933884297523,
        31256.19834710744,
        32264.462809917353,
        33272.72727272727,
        34280.99173553719,
        35289.25619834711,
        36297.520661157025,
        37305.78512396695,
        38314.04958677686,
        39322.31404958678,
        40330.57851239669,
        41338.842975206615,
        42347.10743801653,
        43355.371900826445,
        44363.63636363637,
        45371.900826446275,
        46380.1652892562,
        47388.42975206611,
        48396.694214876035,
        49404.95867768595,
        50413.223140495866,
        51421.48760330579,
        52429.7520661157,
        53438.016528925626,
        54446.28099173553,
        55454.545454545456,
        56462.80991735537,
        57471.074380165286,
        58479.33884297521,
        59487.603305785124,
        60495.867768595046,
        61504.13223140496,
        62512.39669421488,
        63520.66115702479,
        64528.92561983471,
        65537.19008264464,
        66545.45454545454,
        67553.71900826447,
        68561.98347107437,
        69570.2479338843,
        70578.51239669422,
        71586.77685950413,
        72595.04132231405,
        73603.30578512397,
        74611.5702479339,
        75619.8347107438,
        76628.09917355372,
        77636.36363636363,
        78644.62809917355,
        79652.89256198348,
        80661.15702479339,
        81669.42148760331,
        82677.68595041323,
        83685.95041322314,
        84694.21487603306,
        85702.47933884298,
        86710.74380165289,
        87719.00826446281,
        88727.27272727274,
        89735.53719008266,
        90743.80165289255,
        91752.06611570247,
        92760.3305785124,
        93768.5950413223,
        94776.85950413223,
        95785.12396694215,
        96793.38842975207,
        97801.65289256198,
        98809.9173553719,
        99818.18181818182,
        100826.44628099173,
        101834.71074380165,
        102842.97520661158,
        103851.2396694215,
        104859.5041322314,
        105867.76859504133,
        106876.03305785125,
        107884.29752066114,
        108892.56198347107,
        109900.82644628099,
        110909.09090909091,
        111917.35537190082,
        112925.61983471074,
        113933.88429752066,
        114942.14876033057,
        115950.4132231405,
        116958.67768595042,
        117966.94214876034,
        118975.20661157025,
        119983.47107438017,
        120991.73553719009,
        122000.0
      ],
      "value": [
        8.4e6,
        8.375695836457437e6,
        8.351323330480363e6,
        8.326877529637496e6,
        8.302361003127505e6,
        8.277770881177851e6,
        8.25310756872893e6,
        8.228370360971211e6,
        8.203557412667063e6,
        8.17867027013194e6,
        8.153704747968375e6,
        8.128664733858875e6,
        8.103543607965575e6,
        8.078346494334513e6,
        8.053067838546095e6,
        8.02771045179043e6,
        8.002271089957881e6,
        7.97675015425663e6,
        7.9511468081409475e6,
        7.925458940860111e6,
        7.89968822555078e6,
        7.873829932374827e6,
        7.847888351436352e6,
        7.821856021206162e6,
        7.795738617608017e6,
        7.769529860767837e6,
        7.74323283978891e6,
        7.716843854205432e6,
        7.690363290033884e6,
        7.66379014241664e6,
        7.6371219717787905e6,
        7.610360591313673e6,
        7.583500606693719e6,
        7.556546778268377e6,
        7.529490620686213e6,
        7.502338459870213e6,
        7.475083128986171e6,
        7.447728037720967e6,
        7.420268920237597e6,
        7.39270612889848e6,
        7.36503843951501e6,
        7.337262997844905e6,
        7.3093817701741895e6,
        7.281388537585112e6,
        7.253288614437832e6,
        7.225072249625143e6,
        7.196746542277327e6,
        7.16830322241544e6,
        7.139746070989493e6,
        7.111070108251512e6,
        7.082275622959466e6,
        7.053361098470991e6,
        7.024323146315861e6,
        6.995163896790971e6,
        6.965876087253657e6,
        6.936465690612074e6,
        6.906921360227618e6,
        6.877251125432762e6,
        6.847445315812388e6,
        6.817508143349736e6,
        6.787433706001997e6,
        6.757222179545661e6,
        6.726871646694879e6,
        6.696378012887442e6,
        6.665743577080183e6,
        6.634959723611329e6,
        6.60403321560671e6,
        6.572950647412291e6,
        6.541721181733837e6,
        6.51033332555702e6,
        6.478791790848268e6,
        6.44708945059134e6,
        6.415226284089201e6,
        6.383199807156996e6,
        6.351004962589454e6,
        6.31864420736845e6,
        6.286107119841866e6,
        6.253401420125885e6,
        6.220510967649551e6,
        6.187446325523047e6,
        6.1541935549001135e6,
        6.120757942682137e6,
        6.087130678295337e6,
        6.05331139827947e6,
        6.0192967840408655e6,
        5.985080414748273e6,
        5.950664859351601e6,
        5.916037196092536e6,
        5.881206312453323e6,
        5.84615230144278e6,
        5.810887482201553e6,
        5.775394504706557e6,
        5.739679298854603e6,
        5.703730638398341e6,
        5.667547548158393e6,
        5.631125419413889e6,
        5.594455804031483e6,
        5.5575412541313525e6,
        5.520365221966725e6,
        5.482938019760948e6,
        5.445234306894663e6,
        5.40726863432211e6,
        5.3690186515424345e6,
        5.330490950738937e6,
        5.291670640573031e6,
        5.252555606580028e6,
        5.213139114873012e6,
        5.173409507796966e6,
        5.13336898922796e6,
        5.0929954195792e6,
        5.052300815226973e6,
        5.011251497605059e6,
        4.969864870721604e6,
        4.92811074872411e6,
        4.885996222682022e6,
        4.843500407640485e6,
        4.800618919148703e6,
        4.7573412130388655e6,
        4.713650099708884e6,
        4.669546562595369e6,
        4.624999079199164e6,
        4.580021521158986e6
      ]
    }
  },