{
  "time": 20160.000000002572,
  "initial_nodal_pressure": {
    "1": 8.4e6,
    "2": 6.949196017376052e6
  },
  "initial_pipe_pressure": {
    "1": {
      "distance": [
        0.0,
        1008.2644628099173,
        2016.5289256198346,
        3024.793388429752,
        4033.057851239669,
        5041.322314049587,
        6049.586776859504,
        7057.851239669421,
        8066.115702479338,
        9074.380165289256,
        10082.644628099173,
        11090.909090909092,
        12099.173553719009,
        13107.438016528926,
        14115.702479338843,
        15123.966942148762,
        16132.231404958677,
        17140.495867768594,
        18148.760330578512,
        19157.02479338843,
        20165.289256198346,
        21173.553719008265,
        22181.818181818184,
        23190.0826446281,
        24198.347107438018,
        25206.611570247933,
        26214.87603305785,
        27223.140495867767,
        28231.404958677685,
        29239.669421487604,
        30247.933884297523,
        31256.19834710744,
        32264.462809917353,
        33272.72727272727,
        34280.99173553719,
        35289.25619834711,
        36297.520661157025,
        37305.78512396695,
        38314.04958677686,
        39322.31404958678,
        40330.57851239669,
        41338.842975206615,
        42347.10743801653,
        43355.371900826445,
        44363.63636363637,
        45371.900826446275,
        46380.1652892562,
        47388.42975206611,
        48396.694214876035,
        49404.95867768595,
        50413.223140495866,
        51421.48760330579,
        52429.7520661157,
        53438.016528925626,
        54446.28099173553,
        55454.545454545456,
        56462.80991735537,
        57471.074380165286,
        58479.33884297521,
        59487.603305785124,
        60495.867768595046,
        61504.13223140496,
        62512.39669421488,
        63520.66115702479,
        64528.92561983471,
        65537.19008264464,
        66545.45454545454,
        67553.71900826447,
        68561.98347107437,
        69570.2479338843,
        70578.51239669422,
        71586.77685950413,
        72595.04132231405,
        73603.30578512397,
        74611.5702479339,
        75619.8347107438,
        76628.09917355372,
        77636.36363636363,
        78644.62809917355,
        79652.89256198348,
        80661.15702479339,
        81669.42148760331,
        82677.68595041323,
        83685.95041322314,
        84694.21487603306,
        85702.47933884298,
        86710.74380165289,
        87719.00826446281,
        88727.27272727274,
        89735.53719008266,
        90743.80165289255,
        91752.06611570247,
        92760.3305785124,
        93768.5950413223,
        94776.85950413223,
        95785.12396694215,
        96793.38842975207,
        97801.65289256198,
        98809.9173553719,
        99818.18181818182,
        100826.44628099173,
        101834.71074380165,
        102842.97520661158,
        103851.2396694215,
        104859.5041322314,
        105867.76859504133,
        106876.03305785125,
        107884.29752066114,
        108892.56198347107,
        109900.82644628099,
        110909.09090909091,
        111917.35537190082,
        112925.61983471074,
        113933.88429752066,
        114942.14876033057,
        115950.4132231405,
        116958.67768595042,
        117966.94214876034,
        118975.20661157025,
        119983.47107438017,
        120991.73553719009,
        122000.0
      ],
      "value": [
        8.4e6,
        8.389039252058947e6,
        8.378064656172081e6,
        8.367075288613686e6,
        8.356071744724547e6,
        8.345053529975108e6,
        8.334020805488615e6,
        8.322973512971421e6,
        8.311911372190551e6,
        8.300834768271475e6,
        8.289742972340428e6,
        8.278636820272277e6,
        8.267515127118274e6,
        8.256378959871957e6,
        8.245227351257448e6,
        8.234060921876795e6,
        8.222879152925188e6,
        8.211682211086282e6,
        8.20047003360029e6,
        8.189242325548104e6,
        8.177999487947666e6,
        8.166740756431246e6,
        8.15546700368994e6,
        8.144176987895903e6,
        8.132871823754324e6,
        8.121550496960142e6,
        8.11021365519309e6,
        8.098860753363251e6,
        8.087491964010523e6,
        8.076107219425576e6,
        8.064706208719469e6,
        8.053289349904903e6,
        8.04185584019579e6,
        8.030406591849047e6,
        8.018940301529072e6,
        8.0074581352720475e6,
        7.995959027869564e6,
        7.984443656076557e6,
        7.97291144627101e6,
        7.961362577159784e6,
        7.949796975529522e6,
        7.938214313077763e6,
        7.9266150260181045e6,
        7.914998269877742e6,
        7.90336499951688e6,
        7.891713844926084e6,
        7.880046027478276e6,
        7.8683604267315725e6,
        7.856657750718917e6,
        7.844937394764017e6,
        7.833199544065758e6,
        7.821444119267898e6,
        7.809670773023886e6,
        7.79787996107098e6,
        7.786070793582444e6,
        7.774244271387702e6,
        7.762398952015269e6,
        7.750536116622877e6,
        7.738654584676002e6,
        7.726755097922053e6,
        7.714837017787527e6,
        7.70290053630165e6,
        7.690945567225528e6,
        7.678971742318599e6,
        7.666979538295877e6,
        7.654968015844555e6,
        7.642938225505804e6,
        7.630888645833777e6,
        7.618820622727619e6,
        7.606732910084288e6,
        7.59462628606902e6,
        7.582500074992173e6,
        7.570354476062914e6,
        7.5581893952987855e6,
        7.5460044414562285e6,
        7.533800113830555e6,
        7.5215754189458545e6,
        7.509331461231126e6,
        7.49706663290684e6,
        7.484782350157416e6,
        7.472477295112466e6,
        7.460152285364646e6,
        7.447806604445967e6,
        7.435440459103471e6,
        7.423053746603629e6,
        7.410646050283345e6,
        7.398217893788855e6,
        7.385768224161867e6,
        7.373298204396928e6,
        7.360806132024676e6,
        7.34829349974056e6,
        7.335758910855455e6,
        7.323203225751876e6,
        7.310625682995724e6,
        7.298026497233172e6,
        7.285405555794e6,
        7.272762413811341e6,
        7.260097621243948e6,
        7.247410059570237e6,
        7.234700955611087e6,
        7.221968502671355e6,
        7.209214276978692e6,
        7.196436794962374e6,
        7.183636963565671e6,
        7.170813971573104e6,
        7.157968041887607e6,
        7.145099050498309e6,
        7.1322065211079735e6,
        7.119291032166927e6,
        7.106351392600162e6,
        7.093388898997102e6,
        7.080401629495064e6,
        7.067391251808308e6,
        7.054356186213603e6,
        7.041297390460791e6,
        7.028213997983603e6,
        7.0151062402850725e6,
        7.001973980340329e6,
        6.988816706658959e6,
        6.975635028610083e6,
        6.962427674482205e6,
        6.949196017376052e6
      ]
    }
  },