{
  "time": 36000.00000001737,
  "initial_nodal_pressure": {
    "1": 8.4e6,
    "2": 4.919128889888107e6
  },
  "initial_pipe_pressure": {
    "1": {
      "distance": [
        0.0,
        1008.2644628099173,
        2016.5289256198346,
        3024.793388429752,
        4033.057851239669,
        5041.322314049587,
        6049.586776859504,
        7057.851239669421,
        8066.115702479338,
        9074.380165289256,
        10082.644628099173,
        11090.909090909092,
        12099.173553719009,
        13107.438016528926,
        14115.702479338843,
        15123.966942148762,
        16132.231404958677,
        17140.495867768594,
        18148.760330578512,
        19157.02479338843,
        20165.289256198346,
        21173.553719008265,
        22181.818181818184,
        23190.0826446281,
        24198.347107438018,
        25206.611570247933,
        26214.87603305785,
        27223.140495867767,
        28231.404958677685,
        29239.669421487604,
        30247.933884297523,
        31256.19834710744,
        32264.462809917353,
        33272.72727272727,
        34280.99173553719,
        35289.25619834711,
        36297.520661157025,
        37305.78512396695,
        38314.04958677686,
        39322.31404958678,
        40330.57851239669,
        41338.842975206615,
        42347.10743801653,
        43355.371900826445,
        44363.63636363637,
        45371.900826446275,
        46380.1652892562,
        47388.42975206611,
        48396.694214876035,
        49404.95867768595,
        50413.223140495866,
        51421.48760330579,
        52429.7520661157,
        53438.016528925626,
        54446.28099173553,
        55454.545454545456,
        56462.80991735537,
        57471.074380165286,
        58479.33884297521,
        59487.603305785124,
        60495.867768595046,
        61504.13223140496,
        62512.39669421488,
        63520.66115702479,
        64528.92561983471,
        65537.19008264464,
        66545.45454545454,
        67553.71900826447,
        68561.98347107437,
        69570.2479338843,
        70578.51239669422,
        71586.77685950413,
        72595.04132231405,
        73603.30578512397,
        74611.5702479339,
        75619.8347107438,
        76628.09917355372,
        77636.36363636363,
        78644.62809917355,
        79652.89256198348,
        80661.15702479339,
        81669.42148760331,
        82677.68595041323,
        83685.95041322314,
        84694.21487603306,
        85702.47933884298,
        86710.74380165289,
        87719.00826446281,
        88727.27272727274,
        89735.53719008266,
        90743.80165289255,
        91752.06611570247,
        92760.3305785124,
        93768.5950413223,
        94776.85950413223,
        95785.12396694215,
        96793.38842975207,
        97801.65289256198,
        98809.9173553719,
        99818.18181818182,
        100826.44628099173,
        101834.71074380165,
        102842.97520661158,
        103851.2396694215,
        104859.5041322314,
        105867.76859504133,
        106876.03305785125,
        107884.29752066114,
        108892.56198347107,
        109900.82644628099,
        110909.09090909091,
        111917.35537190082,
        112925.61983471074,
        113933.88429752066,
        114942.14876033057,
        115950.4132231405,
        116958.67768595042,
        117966.94214876034,
        118975.20661157025,
        119983.47107438017,
        120991.73553719009,
        122000.0
      ],
      "value": [
        8.4e6,
        8.378041360265251e6,
        8.356026693695623e6,
        8.33395169844386e6,
        8.311818255882778e6,
        8.289623753667774e6,
        8.267368289816376e6,
        8.245051038317254e6,
        8.222670213225327e6,
        8.200226876027314e6,
        8.177717251682161e6,
        8.155144394885749e6,
        8.132502431616373e6,
        8.109795490708066e6,
        8.087018572947512e6,
        8.064173850368883e6,
        8.041258281312183e6,
        8.018271968027278e6,
        7.995213939856936e6,
        7.972082111007971e6,
        7.948877700566784e6,
        7.9255963108804785e6,
        7.90224147509658e6,
        7.878806354023262e6,
        7.855295728451426e6,
        7.831703771635812e6,
        7.808032990270517e6,
        7.784279829158364e6,
        7.760444387350863e6,
        7.736525515055475e6,
        7.712520763558278e6,
        7.688431528915872e6,
        7.664252667558627e6,
        7.639988268816557e6,
        7.615630339784983e6,
        7.591184422986231e6,
        7.566643698581406e6,
        7.542011058695951e6,
        7.517282325458554e6,
        7.492457581182501e6,
        7.467535449390219e6,
        7.44251303477824e6,
        7.417391930073189e6,
        7.392166085609707e6,
        7.366840240065039e6,
        7.341405003127372e6,
        7.315866812799363e6,
        7.290217640368144e6,
        7.264460822270331e6,
        7.238591412842382e6,
        7.212609454200148e6,
        7.186513275926101e6,
        7.160299422080317e6,
        7.133969700626341e6,
        7.107516942051904e6,
        7.080946647574014e6,
        7.054247705932544e6,
        7.027427616397801e6,
        7.000476852219806e6,
        6.973399262447101e6,
        6.946188934881655e6,
        6.918845831428259e6,
        6.8913678897235235e6,
        6.863750932801712e6,
        6.835996998097446e6,
        6.808097502036116e6,
        6.780058847691308e6,
        6.751867759796533e6,
        6.723533008143966e6,
        6.695043167756164e6,
        6.666402678743734e6,
        6.637604380683045e6,
        6.608648086658145e6,
        6.579531194409951e6,
        6.550248571979767e6,
        6.520802489246051e6,
        6.491182528624311e6,
        6.461396168331778e6,
        6.431427339891592e6,
        6.401286352647336e6,
        6.370959308087393e6,
        6.340451324545961e6,
        6.309753577522385e6,
        6.278865611108816e6,
        6.247784050109317e6,
        6.216502451041407e6,
        6.185023292669051e6,
        6.153333697366559e6,
        6.121442434927068e6,
        6.089329710228729e6,
        6.057007724067784e6,
        6.0244592385522e6,
        5.991690138079088e6,
        5.95868928910233e6,
        5.925455748454361e6,
        5.891984981270615e6,
        5.858268659490568e6,
        5.82430938563323e6,
        5.79009083771612e6,
        5.755623344010162e6,
        5.720881921508991e6,
        5.685881128341155e6,
        5.650599008018218e6,
        5.615042272008873e6,
        5.579196413991394e6,
        5.543059585446168e6,
        5.506625406493243e6,
        5.469882679642374e6,
        5.432833898749712e6,
        5.395457642073064e6,
        5.357766105434709e6,
        5.319726668737369e6,
        5.281356861045629e6,
        5.242627644812185e6,
        5.203546505418273e6,
        5.164093664874237e6,
        5.124265506207031e6,
        5.084052481695944e6,
        5.043438677846369e6,
        5.002425870177835e6,
        4.96098449605041e6,
        4.919128889888107e6
      ]
    }
  },