{
  "time": 66239.99999997871,
  "initial_nodal_pressure": {
    "1": 8.400000000000002e6,
    "2": 6.706127744044734e6
  },
  "initial_pipe_pressure": {
    "1": {
      "distance": [
        0.0,
        1008.2644628099173,
        2016.5289256198346,
        3024.793388429752,
        4033.057851239669,
        5041.322314049587,
        6049.586776859504,
        7057.851239669421,
        8066.115702479338,
        9074.380165289256,
        10082.644628099173,
        11090.909090909092,
        12099.173553719009,
        13107.438016528926,
        14115.702479338843,
        15123.966942148762,
        16132.231404958677,
        17140.495867768594,
        18148.760330578512,
        19157.02479338843,
        20165.289256198346,
        21173.553719008265,
        22181.818181818184,
        23190.0826446281,
        24198.347107438018,
        25206.611570247933,
        26214.87603305785,
        27223.140495867767,
        28231.404958677685,
        29239.669421487604,
        30247.933884297523,
        31256.19834710744,
        32264.462809917353,
        33272.72727272727,
        34280.99173553719,
        35289.25619834711,
        36297.520661157025,
        37305.78512396695,
        38314.04958677686,
        39322.31404958678,
        40330.57851239669,
        41338.842975206615,
        42347.10743801653,
        43355.371900826445,
        44363.63636363637,
        45371.900826446275,
        46380.1652892562,
        47388.42975206611,
        48396.694214876035,
        49404.95867768595,
        50413.223140495866,
        51421.48760330579,
        52429.7520661157,
        53438.016528925626,
        54446.28099173553,
        55454.545454545456,
        56462.80991735537,
        57471.074380165286,
        58479.33884297521,
        59487.603305785124,
        60495.867768595046,
        61504.13223140496,
        62512.39669421488,
        63520.66115702479,
        64528.92561983471,
        65537.19008264464,
        66545.45454545454,
        67553.71900826447,
        68561.98347107437,
        69570.2479338843,
        70578.51239669422,
        71586.77685950413,
        72595.04132231405,
        73603.30578512397,
        74611.5702479339,
        75619.8347107438,
        76628.09917355372,
        77636.36363636363,
        78644.62809917355,
        79652.89256198348,
        80661.15702479339,
        81669.42148760331,
        82677.68595041323,
        83685.95041322314,
        84694.21487603306,
        85702.47933884298,
        86710.74380165289,
        87719.00826446281,
        88727.27272727274,
        89735.53719008266,
        90743.80165289255,
        91752.06611570247,
        92760.3305785124,
        93768.5950413223,
        94776.85950413223,
        95785.12396694215,
        96793.38842975207,
        97801.65289256198,
        98809.9173553719,
        99818.18181818182,
        100826.44628099173,
        101834.71074380165,
        102842.97520661158,
        103851.2396694215,
        104859.5041322314,
        105867.76859504133,
        106876.03305785125,
        107884.29752066114,
        108892.56198347107,
        109900.82644628099,
        110909.09090909091,
        111917.35537190082,
        112925.61983471074,
        113933.88429752066,
        114942.14876033057,
        115950.4132231405,
        116958.67768595042,
        117966.94214876034,
        118975.20661157025,
        119983.47107438017,
        120991.73553719009,
        122000.0
      ],
      "value": [
        8.400000000000002e6,
        8.386499926971695e6,
        8.372979204403169e6,
        8.3594368357340535e6,
        8.345874061383432e6,
        8.332290549863885e6,
        8.31868690536459e6,
        8.305063425583624e6,
        8.291420114546471e6,
        8.277757862212491e6,
        8.264076109506009e6,
        8.250376300732166e6,
        8.236657351726137e6,
        8.222920954576449e6,
        8.20916634205256e6,
        8.195394630841678e6,
        8.181605619078692e6,
        8.167799886583805e6,
        8.153977757459285e6,
        8.140139314036386e6,
        8.126285366153183e6,
        8.112415538817463e6,
        8.098531086596039e6,
        8.0846312180668125e6,
        8.070717377765879e6,
        8.056789038514319e6,
        8.0428471743182335e6,
        8.028891714480671e6,
        8.014923203754247e6,
        8.000941985811464e6,
        7.986948218025521e6,
        7.972942615746065e6,
        7.95892499137029e6,
        7.944896388722812e6,
        7.930856318086668e6,
        7.916805952765675e6,
        7.90274501024465e6,
        7.888674305042691e6,
        7.874593895338697e6,
        7.8605042799452385e6,
        7.846405813882941e6,
        7.832298723641476e6,
        7.818183616951061e6,
        7.804060491588882e6,
        7.789930163663109e6,
        7.775792445994926e6,
        7.761648222553385e6,
        7.747497453228394e6,
        7.733340779223794e6,
        7.719178381183909e6,
        7.705010701329973e6,
        7.690838096602364e6,
        7.676660853996699e6,
        7.662479462350085e6,
        7.648294097077139e6,
        7.634105334659732e6,
        7.619913282375345e6,
        7.605718523559816e6,
        7.591521250835132e6,
        7.577321922061602e6,
        7.563120829698432e6,
        7.5489183493919745e6,
        7.53471482963656e6,
        7.52051060674055e6,
        7.506306041857638e6,
        7.492101474356336e6,
        7.47789723519373e6,
        7.463693708625782e6,
        7.449491173943278e6,
        7.435290039135867e6,
        7.421090573251012e6,
        7.406893165725722e6,
        7.392698116789325e6,
        7.378505755530474e6,
        7.364316454023033e6,
        7.350130440020932e6,
        7.3359481972484095e6,
        7.321769812042797e6,
        7.307595918633544e6,
        7.293426497600583e6,
        7.279262147263822e6,
        7.265102947588112e6,
        7.250949366196129e6,
        7.2368016206667265e6,
        7.222660009525425e6,
        7.208524925051514e6,
        7.194396459467251e6,
        7.18027521560338e6,
        7.166161043459801e6,
        7.152054790942326e6,
        7.137956154565399e6,
        7.123865890585545e6,
        7.109783895283825e6,
        7.09571069211355e6,
        7.081646410800728e6,
        7.067591308367655e6,
        7.05354578015182e6,
        7.039509784681944e6,
        7.025484013473618e6,
        7.011468096152696e6,
        6.997463049293156e6,
        6.983468309518894e6,
        6.969484751859509e6,
        6.955512100232561e6,
        6.941550908519773e6,
        6.927601215759534e6,
        6.913663227141951e6,
        6.899737322796053e6,
        6.88582333358713e6,
        6.871922004766848e6,
        6.858032769232947e6,
        6.844156759375576e6,
        6.8302931854801e6,
        6.816442996209405e6,
        6.802605760367846e6,
        6.788782034399303e6,
        6.774971766399839e6,
        6.7611751003374e6,
        6.7473923822034495e6,
        6.7336233254525205e6,
        6.7198686903353045e6,
        6.706127744044734e6
      ]
    }
  },