{
  "time": 24480.000000006607,
  "initial_nodal_pressure": {
    "1": 8.4e6,
    "2": 6.4145174807035895e6
  },
  "initial_pipe_pressure": {
    "1": {
      "distance": [
        0.0,
        1008.2644628099173,
        2016.5289256198346,
        3024.793388429752,
        4033.057851239669,
        5041.322314049587,
        6049.586776859504,
        7057.851239669421,
        8066.115702479338,
        9074.380165289256,
        10082.644628099173,
        11090.909090909092,
        12099.173553719009,
        13107.438016528926,
        14115.702479338843,
        15123.966942148762,
        16132.231404958677,
        17140.495867768594,
        18148.760330578512,
        19157.02479338843,
        20165.289256198346,
        21173.553719008265,
        22181.818181818184,
        23190.0826446281,
        24198.347107438018,
        25206.611570247933,
        26214.87603305785,
        27223.140495867767,
        28231.404958677685,
        29239.669421487604,
        30247.933884297523,
        31256.19834710744,
        32264.462809917353,
        33272.72727272727,
        34280.99173553719,
        35289.25619834711,
        36297.520661157025,
        37305.78512396695,
        38314.04958677686,
        39322.31404958678,
        40330.57851239669,
        41338.842975206615,
        42347.10743801653,
        43355.371900826445,
        44363.63636363637,
        45371.900826446275,
        46380.1652892562,
        47388.42975206611,
        48396.694214876035,
        49404.95867768595,
        50413.223140495866,
        51421.48760330579,
        52429.7520661157,
        53438.016528925626,
        54446.28099173553,
        55454.545454545456,
        56462.80991735537,
        57471.074380165286,
        58479.33884297521,
        59487.603305785124,
        60495.867768595046,
        61504.13223140496,
        62512.39669421488,
        63520.66115702479,
        64528.92561983471,
        65537.19008264464,
        66545.45454545454,
        67553.71900826447,
        68561.98347107437,
        69570.2479338843,
        70578.51239669422,
        71586.77685950413,
        72595.04132231405,
        73603.30578512397,
        74611.5702479339,
        75619.8347107438,
        76628.09917355372,
        77636.36363636363,
        78644.62809917355,
        79652.89256198348,
        80661.15702479339,
        81669.42148760331,
        82677.68595041323,
        83685.95041322314,
        84694.21487603306,
        85702.47933884298,
        86710.74380165289,
        87719.00826446281,
        88727.27272727274,
        89735.53719008266,
        90743.80165289255,
        91752.06611570247,
        92760.3305785124,
        93768.5950413223,
        94776.85950413223,
        95785.12396694215,
        96793.38842975207,
        97801.65289256198,
        98809.9173553719,
        99818.18181818182,
        100826.44628099173,
        101834.71074380165,
        102842.97520661158,
        103851.2396694215,
        104859.5041322314,
        105867.76859504133,
        106876.03305785125,
        107884.29752066114,
        108892.56198347107,
        109900.82644628099,
        110909.09090909091,
        111917.35537190082,
        112925.61983471074,
        113933.88429752066,
        114942.14876033057,
        115950.4132231405,
        116958.67768595042,
        117966.94214876034,
        118975.20661157025,
        119983.47107438017,
        120991.73553719009,
        122000.0
      ],
      "value": [
        8.4e6,
        8.387959069840219e6,
        8.375900798979263e6,
        8.363823348238208e6,
        8.351726830921667e6,
        8.339609899449671e6,
        8.327472101547642e6,
        8.315312671630904e6,
        8.303130497368569e6,
        8.290925488333884e6,
        8.278695774603152e6,
        8.266442037190739e6,
        8.254161547611337e6,
        8.241855444930343e6,
        8.229521276809227e6,
        8.21715945223241e6,
        8.204768256025874e6,
        8.192347263683068e6,
        8.179895599259559e6,
        8.1674118970663855e6,
        8.1548962267877e6,
        8.142346169125664e6,
        8.129762850580795e6,
        8.117142680601732e6,
        8.10448739508415e6,
        8.091793800492113e6,
        8.079062611057088e6,
        8.066291649470113e6,
        8.0534804869959345e6,
        8.040628082397532e6,
        8.027732736333593e6,
        8.014794669858837e6,
        8.001810778444567e6,
        7.988782678638076e6,
        7.975705718549801e6,
        7.962582306776935e6,
        7.949408326431269e6,
        7.936184819227491e6,
        7.922909013858206e6,
        7.909580437673444e6,
        7.896197810617343e6,
        7.882758989069872e6,
        7.8692643390292805e6,
        7.855709879338227e6,
        7.842097786821652e6,
        7.828422065346935e6,
        7.814685910807668e6,
        7.8008840250282865e6,
        7.787017813536016e6,
        7.773083725467319e6,
        7.759081190905345e6,
        7.745008588781414e6,
        7.730863175608108e6,
        7.716645455590684e6,
        7.702350299288062e6,
        7.687980545857984e6,
        7.673528451945074e6,
        7.658998165269985e6,
        7.644382838329158e6,
        7.62968429226179e6,
        7.614897931037236e6,
        7.600023010182005e6,
        7.585057419994405e6,
        7.5699975925537655e6,
        7.554844157965325e6,
        7.539590446411438e6,
        7.524240101700632e6,
        7.5087830510522695e6,
        7.493224624811634e6,
        7.477555891735473e6,
        7.461779156365199e6,
        7.445888387804966e6,
        7.429882547376068e6,
        7.413758814648069e6,
        7.3975124626994e6,
        7.381144218829275e6,
        7.364645292401588e6,
        7.348020325654321e6,
        7.331256055143306e6,
        7.314359314766088e6,
        7.297318292678659e6,
        7.2801358580475515e6,
        7.262803954455284e6,
        7.2453210523498375e6,
        7.227683271162224e6,
        7.209884206901846e6,
        7.191924615912743e6,
        7.17379269762062e6,
        7.155494351563513e6,
        7.13701180670812e6,
        7.118353846166384e6,
        7.099504545693769e6,
        7.080467421968002e6,
        7.061231459807052e6,
        7.04179429601092e6,
        7.0221504112410825e6,
        7.002290883267847e6,
        6.9822163384865215e6,
        6.961910542538943e6,
        6.9413809884632025e6,
        6.920603293267207e6,
        6.899588807849017e6,
        6.87831549914639e6,
        6.856787577398936e6,
        6.834989513692108e6,
        6.81291747439003e6,
        6.790563282101519e6,
        6.767914046770122e6,
        6.744969892706689e6,
        6.721707735929476e6,
        6.698137070089785e6,
        6.674223336503149e6,
        6.649981302586552e6,
        6.625379382860457e6,
        6.600422371639982e6,
        6.57508744988197e6,
        6.549368035983163e6,
        6.5232513530838005e6,
        6.496717844645901e6,
        6.469766229990254e6,
        6.4423621495407205e6,
        6.4145174807035895e6
      ]
    }
  },