{
    "boundary_compressor": {
        "1": {
            "time":[0, 86400],      
            "control_type": [0, 0],
            "value": [1.257963995, 1.257963995]
        },
        "2": {
            "time":[0, 86400],      
            "control_type": [0, 0],
            "value": [1.271773611, 1.271773611]
        },
        "3": {
            "time":[0, 86400],      
            "control_type": [0, 0],
            "value": [1.219272584, 1.219272584]
        }
    },
    "boundary_nonslack_flow": {
        "3": {
            "time": [0, 86400],
            "value": [150, 150]
        },
        "5": {
            "time": [0, 86400],
            "value": [125, 125]
        }
    },
    "boundary_pslack": {
        "1": {
            "time": [0, 86400],
            "value": [3447378.645, 3447378.645]
        }
    }
}